selection,unit,onset,duration,pitch,staff,voice,bar,measure_position
bach,1,0.0,2.0,60,lower,3,1,0.0
bach,1,0.25,0.75,64,lower,2,1,0.25
bach,1,0.5,0.25,67,upper,1,1,0.5
bach,1,0.75,0.25,72,upper,1,1,0.75
bach,1,1.0,0.25,76,upper,1,1,1.0
bach,1,1.0,1.0,64,lower,2,1,1.0
bach,1,1.25,0.25,67,upper,1,1,1.25
bach,1,1.5,0.25,72,upper,1,1,1.5
bach,1,1.75,0.25,76,upper,1,1,1.75
bach,1,2.0,2.0,60,lower,3,1,2.0
bach,1,2.25,0.75,64,lower,2,1,2.25
bach,1,2.5,0.25,67,upper,1,1,2.5
bach,1,2.75,0.25,72,upper,1,1,2.75
bach,1,3.0,0.25,76,upper,1,1,3.0
bach,1,3.0,1.0,64,lower,2,1,3.0
bach,1,3.25,0.25,67,upper,1,1,3.25
bach,1,3.5,0.25,72,upper,1,1,3.5
bach,1,3.75,0.25,76,upper,1,1,3.75
bach,1,4.0,2.0,60,lower,3,2,0.0
bach,1,4.25,0.75,62,lower,2,2,0.25
bach,1,4.5,0.25,69,upper,1,2,0.5
bach,1,4.75,0.25,74,upper,1,2,0.75
bach,1,5.0,0.25,77,upper,1,2,1.0
bach,1,5.0,1.0,62,lower,2,2,1.0
bach,1,5.25,0.25,69,upper,1,2,1.25
bach,1,5.5,0.25,74,upper,1,2,1.5
bach,1,5.75,0.25,77,upper,1,2,1.75
bach,1,6.0,2.0,60,lower,3,2,2.0
bach,1,6.25,0.75,62,lower,2,2,2.25
bach,1,6.5,0.25,69,upper,1,2,2.5
bach,1,6.75,0.25,74,upper,1,2,2.75
bach,1,7.0,0.25,77,upper,1,2,3.0
bach,1,7.0,1.0,62,lower,2,2,3.0
bach,1,7.25,0.25,69,upper,1,2,3.25
bach,1,7.5,0.25,74,upper,1,2,3.5
bach,1,7.75,0.25,77,upper,1,2,3.75
bach,1,8.0,2.0,59,lower,3,3,0.0
bach,1,8.25,0.75,62,lower,2,3,0.25
bach,1,8.5,0.25,67,upper,1,3,0.5
bach,1,8.75,0.25,74,upper,1,3,0.75
bach,1,9.0,0.25,77,upper,1,3,1.0
bach,1,9.0,1.0,62,lower,2,3,1.0
bach,1,9.25,0.25,67,upper,1,3,1.25
bach,1,9.5,0.25,74,upper,1,3,1.5
bach,1,9.75,0.25,77,upper,1,3,1.75
bach,1,10.0,2.0,59,lower,3,3,2.0
bach,1,10.25,0.75,62,lower,2,3,2.25
bach,1,10.5,0.25,67,upper,1,3,2.5
bach,1,10.75,0.25,74,upper,1,3,2.75
bach,1,11.0,0.25,77,upper,1,3,3.0
bach,1,11.0,1.0,62,lower,2,3,3.0
bach,1,11.25,0.25,67,upper,1,3,3.25
bach,1,11.5,0.25,74,upper,1,3,3.5
bach,1,11.75,0.25,77,upper,1,3,3.75
bach,1,12.0,2.0,60,lower,3,4,0.0
bach,1,12.25,0.75,64,lower,2,4,0.25
bach,1,12.5,0.25,67,upper,1,4,0.5
bach,1,12.75,0.25,72,upper,1,4,0.75
bach,1,13.0,0.25,76,upper,1,4,1.0
bach,1,13.0,1.0,64,lower,2,4,1.0
bach,1,13.25,0.25,67,upper,1,4,1.25
bach,1,13.5,0.25,72,upper,1,4,1.5
bach,1,13.75,0.25,76,upper,1,4,1.75
bach,1,14.0,2.0,60,lower,3,4,2.0
bach,1,14.25,0.75,64,lower,2,4,2.25
bach,1,14.5,0.25,67,upper,1,4,2.5
bach,1,14.75,0.25,72,upper,1,4,2.75
bach,1,15.0,0.25,76,upper,1,4,3.0
bach,1,15.0,1.0,64,lower,2,4,3.0
bach,1,15.25,0.25,67,upper,1,4,3.25
bach,1,15.5,0.25,72,upper,1,4,3.5
bach,1,15.75,0.25,76,upper,1,4,3.75
bach,1,16.0,2.0,60,lower,3,5,0.0
bach,1,16.25,0.75,64,lower,2,5,0.25
bach,1,16.5,0.25,69,upper,1,5,0.5
bach,1,16.75,0.25,76,upper,1,5,0.75
bach,1,17.0,0.25,81,upper,1,5,1.0
bach,1,17.0,1.0,64,lower,2,5,1.0
bach,1,17.25,0.25,69,upper,1,5,1.25
bach,1,17.5,0.25,76,upper,1,5,1.5
bach,1,17.75,0.25,81,upper,1,5,1.75
bach,1,18.0,2.0,60,lower,3,5,2.0
bach,1,18.25,0.75,64,lower,2,5,2.25
bach,1,18.5,0.25,69,upper,1,5,2.5
bach,1,18.75,0.25,76,upper,1,5,2.75
bach,1,19.0,0.25,81,upper,1,5,3.0
bach,1,19.0,1.0,64,lower,2,5,3.0
bach,1,19.25,0.25,69,upper,1,5,3.25
bach,1,19.5,0.25,76,upper,1,5,3.5
bach,1,19.75,0.25,81,upper,1,5,3.75
bach,1,20.0,2.0,60,lower,3,6,0.0
bach,1,20.25,0.75,62,lower,2,6,0.25
bach,1,20.5,0.25,66,upper,1,6,0.5
bach,1,20.75,0.25,69,upper,1,6,0.75
bach,1,21.0,0.25,74,upper,1,6,1.0
bach,1,21.0,1.0,62,lower,2,6,1.0
bach,1,21.25,0.25,66,upper,1,6,1.25
bach,1,21.5,0.25,69,upper,1,6,1.5
bach,1,21.75,0.25,74,upper,1,6,1.75
bach,1,22.0,2.0,60,lower,3,6,2.0
bach,1,22.25,0.75,62,lower,2,6,2.25
bach,1,22.5,0.25,66,upper,1,6,2.5
bach,1,22.75,0.25,69,upper,1,6,2.75
bach,1,23.0,0.25,74,upper,1,6,3.0
bach,1,23.0,1.0,62,lower,2,6,3.0
bach,1,23.25,0.25,66,upper,1,6,3.25
bach,1,23.5,0.25,69,upper,1,6,3.5
bach,1,23.75,0.25,74,upper,1,6,3.75
bach,1,24.0,2.0,59,lower,3,7,0.0
bach,1,24.25,0.75,62,lower,2,7,0.25
bach,1,24.5,0.25,67,upper,1,7,0.5
bach,1,24.75,0.25,74,upper,1,7,0.75
bach,1,25.0,0.25,79,upper,1,7,1.0
bach,1,25.0,1.0,62,lower,2,7,1.0
bach,1,25.25,0.25,67,upper,1,7,1.25
bach,1,25.5,0.25,74,upper,1,7,1.5
bach,1,25.75,0.25,79,upper,1,7,1.75
bach,1,26.0,2.0,59,lower,3,7,2.0
bach,1,26.25,0.75,62,lower,2,7,2.25
bach,1,26.5,0.25,67,upper,1,7,2.5
bach,1,26.75,0.25,74,upper,1,7,2.75
bach,1,27.0,0.25,79,upper,1,7,3.0
bach,1,27.0,1.0,62,lower,2,7,3.0
bach,1,27.25,0.25,67,upper,1,7,3.25
bach,1,27.5,0.25,74,upper,1,7,3.5
bach,1,27.75,0.25,79,upper,1,7,3.75
bach,1,28.0,2.0,59,lower,3,8,0.0
bach,1,28.25,0.75,60,lower,2,8,0.25
bach,1,28.5,0.25,64,upper,1,8,0.5
bach,1,28.75,0.25,67,upper,1,8,0.75
bach,1,29.0,0.25,72,upper,1,8,1.0
bach,1,29.0,1.0,60,lower,2,8,1.0
bach,1,29.25,0.25,64,upper,1,8,1.25
bach,1,29.5,0.25,67,upper,1,8,1.5
bach,1,29.75,0.25,72,upper,1,8,1.75
bach,1,30.0,2.0,59,lower,3,8,2.0
bach,1,30.25,0.75,60,lower,2,8,2.25
bach,1,30.5,0.25,64,upper,1,8,2.5
bach,1,30.75,0.25,67,upper,1,8,2.75
bach,1,31.0,0.25,72,upper,1,8,3.0
bach,1,31.0,1.0,60,lower,2,8,3.0
bach,1,31.25,0.25,64,upper,1,8,3.25
bach,1,31.5,0.25,67,upper,1,8,3.5
bach,1,31.75,0.25,72,upper,1,8,3.75
rameau,1,0.0,0.5,64,up,1,1,-2.0
rameau,1,0.5,0.5,66,up,1,1,-1.5
rameau,1,1.0,0.5,67,up,1,1,-1.0
rameau,1,1.5,0.5,66,up,1,1,-0.5
rameau,1,2.0,1.0,64,up,1,1,0.0
rameau,1,2.0,2.0,52,down,3,1,0.0
rameau,1,2.0,2.0,40,down,4,1,0.0
rameau,1,2.0,2.0,47,down,4,1,0.0
rameau,1,3.0,1.0,71,up,1,1,1.0
rameau,1,4.0,1.0,71,up,1,1,2.0
rameau,1,4.0,2.0,51,down,3,1,2.0
rameau,1,5.0,1.0,69,up,1,1,3.0
rameau,1,6.0,1.0,67,up,1,2,0.0
rameau,1,6.0,2.0,52,down,3,2,0.0
rameau,1,6.0,2.0,40,down,4,2,0.0
rameau,1,6.0,2.0,47,down,4,2,0.0
rameau,1,7.0,1.0,66,up,1,2,1.0
rameau,1,8.0,0.5,64,up,1,2,2.0
rameau,1,8.5,0.5,66,up,1,2,2.5
rameau,1,9.0,0.5,67,up,1,2,3.0
rameau,1,9.5,0.5,69,up,1,2,3.5
rameau,1,10.0,1.0,71,up,1,3,0.0
rameau,1,10.0,2.0,52,down,3,3,0.0
rameau,1,10.0,2.0,40,down,4,3,0.0
rameau,1,10.0,2.0,47,down,4,3,0.0
rameau,1,11.0,1.0,76,up,1,3,1.0
rameau,1,12.0,1.0,75,up,1,3,2.0
rameau,1,12.0,1.0,54,down,3,3,2.0
rameau,1,13.0,1.0,76,up,1,3,3.0
rameau,1,13.0,1.0,52,down,3,3,3.0
rameau,1,14.0,2.0,78,up,1,4,0.0
rameau,1,14.0,2.0,51,down,3,4,0.0
rameau,1,14.0,2.0,40,down,4,4,0.0
rameau,1,14.0,2.0,47,down,4,4,0.0
rameau,1,16.0,0.5,64,up,1,4,2.0
rameau,1,16.5,0.5,66,up,1,4,2.5
rameau,1,17.0,0.5,67,up,1,4,3.0
rameau,1,17.5,0.5,66,up,1,4,3.5
rameau,1,18.0,1.0,64,up,1,5,0.0
rameau,1,18.0,2.0,52,down,3,5,0.0
rameau,1,18.0,2.0,40,down,4,5,0.0
rameau,1,18.0,2.0,47,down,4,5,0.0
rameau,1,19.0,1.0,71,up,1,5,1.0
rameau,1,20.0,1.0,71,up,1,5,2.0
rameau,1,20.0,2.0,51,down,3,5,2.0
rameau,1,21.0,1.0,69,up,1,5,3.0
rameau,1,22.0,1.0,67,up,1,6,0.0
rameau,1,22.0,2.0,52,down,3,6,0.0
rameau,1,22.0,2.0,40,down,4,6,0.0
rameau,1,22.0,2.0,47,down,4,6,0.0
rameau,1,23.0,1.0,66,up,1,6,1.0
rameau,1,24.0,0.5,64,up,1,6,2.0
rameau,1,24.5,0.5,66,up,1,6,2.5
rameau,1,25.0,0.5,67,up,1,6,3.0
rameau,1,25.5,0.5,69,up,1,6,3.5
rameau,1,26.0,1.0,71,up,1,7,0.0
rameau,1,26.0,2.0,52,down,3,7,0.0
rameau,1,26.0,2.0,40,down,4,7,0.0
rameau,1,26.0,2.0,47,down,4,7,0.0
rameau,1,27.0,1.0,76,up,1,7,1.0
rameau,1,28.0,0.5,75,up,1,7,2.0
rameau,1,28.0,2.0,54,down,3,7,2.0
rameau,1,28.5,0.5,76,up,1,7,2.5
rameau,1,29.0,0.5,78,up,1,7,3.0
rameau,1,29.5,0.5,75,up,1,7,3.5
rameau,1,30.0,2.0,76,up,1,8,0.0
rameau,1,30.0,2.0,55,down,3,8,0.0
rameau,1,30.0,2.0,40,down,4,8,0.0
rameau,1,30.0,2.0,47,down,4,8,0.0
rameau,1,32.0,0.5,76,up,1,8,2.0
rameau,1,32.5,0.5,78,up,1,8,2.5
rameau,1,33.0,0.5,79,up,1,8,3.0
rameau,1,33.5,0.5,78,up,1,8,3.5
scarlatti,1,0.0,1.0,86,upper,1,1,0.0
scarlatti,1,0.0,1.0,67,lower,2,1,0.0
scarlatti,1,1.0,1.0,74,upper,1,1,1.0
scarlatti,1,1.0,1.0,69,lower,2,1,1.0
scarlatti,1,2.0,1.0,71,lower,2,1,2.0
scarlatti,1,2.5,0.5,74,upper,1,1,2.5
scarlatti,1,3.0,0.5,76,upper,1,1,3.0
scarlatti,1,3.0,1.0,72,lower,2,1,3.0
scarlatti,1,3.5,0.5,72,upper,1,1,3.5
scarlatti,1,4.0,1.0,86,upper,1,2,0.0
scarlatti,1,4.0,1.0,67,lower,2,2,0.0
scarlatti,1,5.0,1.0,74,upper,1,2,1.0
scarlatti,1,5.0,1.0,69,lower,2,2,1.0
scarlatti,1,6.0,1.0,71,lower,2,2,2.0
scarlatti,1,6.5,0.5,74,upper,1,2,2.5
scarlatti,1,7.0,0.5,76,upper,1,2,3.0
scarlatti,1,7.0,1.0,72,lower,2,2,3.0
scarlatti,1,7.5,0.5,72,upper,1,2,3.5
scarlatti,1,8.0,1.0,86,upper,1,3,0.0
scarlatti,1,8.0,1.0,67,lower,2,3,0.0
scarlatti,1,9.0,0.5,74,upper,1,3,1.0
scarlatti,1,9.0,1.0,71,lower,2,3,1.0
scarlatti,1,9.5,0.5,86,upper,1,3,1.5
scarlatti,1,10.0,0.5,86,upper,1,3,2.0
scarlatti,1,10.0,1.0,69,lower,2,3,2.0
scarlatti,1,10.5,0.5,84,upper,1,3,2.5
scarlatti,1,11.0,0.5,74,upper,1,3,3.0
scarlatti,1,11.0,1.0,66,lower,2,3,3.0
scarlatti,1,11.5,0.5,84,upper,1,3,3.5
scarlatti,1,12.0,0.5,84,upper,1,4,0.0
scarlatti,1,12.0,1.0,67,lower,2,4,0.0
scarlatti,1,12.5,0.5,83,upper,1,4,0.5
scarlatti,1,13.0,0.5,74,upper,1,4,1.0
scarlatti,1,13.0,1.0,55,lower,2,4,1.0
scarlatti,1,13.5,0.5,83,upper,1,4,1.5
scarlatti,1,14.0,0.5,83,upper,1,4,2.0
scarlatti,1,14.0,1.0,62,lower,2,4,2.0
scarlatti,1,14.5,0.5,81,upper,1,4,2.5
scarlatti,1,15.0,0.5,72,upper,1,4,3.0
scarlatti,1,15.0,1.0,50,lower,2,4,3.0
scarlatti,1,15.5,0.5,81,upper,1,4,3.5
scarlatti,1,16.0,0.5,81,upper,1,5,0.0
scarlatti,1,16.0,1.0,55,lower,2,5,0.0
scarlatti,1,16.5,0.5,79,upper,1,5,0.5
scarlatti,1,17.0,0.5,71,upper,1,5,1.0
scarlatti,1,17.0,1.0,43,lower,2,5,1.0
scarlatti,1,17.5,0.5,79,upper,1,5,1.5
scarlatti,1,18.0,0.5,79,upper,1,5,2.0
scarlatti,1,18.0,1.0,50,lower,2,5,2.0
scarlatti,1,18.5,0.5,78,upper,1,5,2.5
scarlatti,1,19.0,0.5,69,upper,1,5,3.0
scarlatti,1,19.0,1.0,38,lower,2,5,3.0
scarlatti,1,19.5,0.5,78,upper,1,5,3.5
scarlatti,1,20.0,0.5,79,upper,1,6,0.0
scarlatti,1,20.0,4.0,31,lower,2,6,0.0
scarlatti,1,20.5,0.5,74,upper,1,6,0.5
scarlatti,1,21.0,0.5,71,upper,1,6,1.0
scarlatti,1,21.5,0.5,67,upper,1,6,1.5
scarlatti,1,22.0,0.5,71,upper,1,6,2.0
scarlatti,1,22.5,0.5,74,upper,1,6,2.5
scarlatti,1,23.0,0.5,79,upper,1,6,3.0
scarlatti,1,23.5,0.5,83,upper,1,6,3.5
scarlatti,1,24.0,0.5,86,upper,1,7,0.0
scarlatti,1,24.5,0.5,74,upper,1,7,0.5
scarlatti,1,25.0,0.5,74,upper,1,7,1.0
scarlatti,1,25.0,1.0,71,lower,2,7,1.0
scarlatti,1,25.5,0.5,86,upper,1,7,1.5
scarlatti,1,26.0,0.5,86,upper,1,7,2.0
scarlatti,1,26.0,1.0,69,lower,2,7,2.0
scarlatti,1,26.5,0.5,84,upper,1,7,2.5
scarlatti,1,27.0,0.5,74,upper,1,7,3.0
scarlatti,1,27.0,1.0,66,lower,2,7,3.0
scarlatti,1,27.5,0.5,84,upper,1,7,3.5
scarlatti,1,28.0,0.5,84,upper,1,8,0.0
scarlatti,1,28.0,1.0,67,lower,2,8,0.0
scarlatti,1,28.5,0.5,83,upper,1,8,0.5
scarlatti,1,29.0,0.5,74,upper,1,8,1.0
scarlatti,1,29.0,1.0,55,lower,2,8,1.0
scarlatti,1,29.5,0.5,83,upper,1,8,1.5
scarlatti,1,30.0,0.5,83,upper,1,8,2.0
scarlatti,1,30.0,1.0,62,lower,2,8,2.0
scarlatti,1,30.5,0.5,81,upper,1,8,2.5
scarlatti,1,31.0,0.5,72,upper,1,8,3.0
scarlatti,1,31.0,1.0,50,lower,2,8,3.0
scarlatti,1,31.5,0.5,81,upper,1,8,3.5
mozart_turkish,1,0.0,0.25,71,,1,1,-1.0
mozart_turkish,1,0.25,0.25,69,,1,1,-0.75
mozart_turkish,1,0.5,0.25,68,,1,1,-0.5
mozart_turkish,1,0.75,0.25,69,,1,1,-0.25
mozart_turkish,1,1.0,0.5,72,,1,1,0.0
mozart_turkish,1,1.0,0.5,57,,2,1,0.0
mozart_turkish,1,1.5,0.5,60,,2,1,0.5
mozart_turkish,1,1.5,0.5,64,,2,1,0.5
mozart_turkish,1,2.0,0.25,74,,1,1,1.0
mozart_turkish,1,2.0,0.5,60,,2,1,1.0
mozart_turkish,1,2.0,0.5,64,,2,1,1.0
mozart_turkish,1,2.25,0.25,72,,1,1,1.25
mozart_turkish,1,2.5,0.25,71,,1,1,1.5
mozart_turkish,1,2.5,0.5,60,,2,1,1.5
mozart_turkish,1,2.5,0.5,64,,2,1,1.5
mozart_turkish,1,2.75,0.25,72,,1,1,1.75
mozart_turkish,1,3.0,0.5,76,,1,2,0.0
mozart_turkish,1,3.0,0.5,57,,2,2,0.0
mozart_turkish,1,3.5,0.5,60,,2,2,0.5
mozart_turkish,1,3.5,0.5,64,,2,2,0.5
mozart_turkish,1,4.0,0.25,77,,1,2,1.0
mozart_turkish,1,4.0,0.5,60,,2,2,1.0
mozart_turkish,1,4.0,0.5,64,,2,2,1.0
mozart_turkish,1,4.25,0.25,76,,1,2,1.25
mozart_turkish,1,4.5,0.25,75,,1,2,1.5
mozart_turkish,1,4.5,0.5,60,,2,2,1.5
mozart_turkish,1,4.5,0.5,64,,2,2,1.5
mozart_turkish,1,4.75,0.25,76,,1,2,1.75
mozart_turkish,1,5.0,0.25,83,,1,3,0.0
mozart_turkish,1,5.0,0.5,57,,2,3,0.0
mozart_turkish,1,5.25,0.25,81,,1,3,0.25
mozart_turkish,1,5.5,0.25,80,,1,3,0.5
mozart_turkish,1,5.5,0.5,60,,2,3,0.5
mozart_turkish,1,5.5,0.5,64,,2,3,0.5
mozart_turkish,1,5.75,0.25,81,,1,3,0.75
mozart_turkish,1,6.0,0.25,83,,1,3,1.0
mozart_turkish,1,6.0,0.5,57,,2,3,1.0
mozart_turkish,1,6.25,0.25,81,,1,3,1.25
mozart_turkish,1,6.5,0.25,80,,1,3,1.5
mozart_turkish,1,6.5,0.5,60,,2,3,1.5
mozart_turkish,1,6.5,0.5,64,,2,3,1.5
mozart_turkish,1,6.75,0.25,81,,1,3,1.75
mozart_turkish,1,7.0,1.0,84,,1,4,0.0
mozart_turkish,1,7.0,0.5,57,,2,4,0.0
mozart_turkish,1,7.5,0.5,60,,2,4,0.5
mozart_turkish,1,7.5,0.5,64,,2,4,0.5
mozart_turkish,1,8.0,0.5,81,,1,4,1.0
mozart_turkish,1,8.0,0.5,60,,2,4,1.0
mozart_turkish,1,8.0,0.5,64,,2,4,1.0
mozart_turkish,1,8.5,0.5,84,,1,4,1.5
mozart_turkish,1,8.5,0.5,60,,2,4,1.5
mozart_turkish,1,8.5,0.5,64,,2,4,1.5
mozart_turkish,1,9.0,0.5,83,,1,5,0.0
mozart_turkish,1,9.0,0.5,52,,2,5,0.0
mozart_turkish,1,9.5,0.5,78,,1,5,0.5
mozart_turkish,1,9.5,0.5,81,,1,5,0.5
mozart_turkish,1,9.5,0.5,59,,2,5,0.5
mozart_turkish,1,9.5,0.5,64,,2,5,0.5
mozart_turkish,1,10.0,0.5,76,,1,5,1.0
mozart_turkish,1,10.0,0.5,79,,1,5,1.0
mozart_turkish,1,10.0,0.5,59,,2,5,1.0
mozart_turkish,1,10.0,0.5,64,,2,5,1.0
mozart_turkish,1,10.5,0.5,78,,1,5,1.5
mozart_turkish,1,10.5,0.5,81,,1,5,1.5
mozart_turkish,1,10.5,0.5,59,,2,5,1.5
mozart_turkish,1,10.5,0.5,64,,2,5,1.5
mozart_turkish,1,11.0,0.5,83,,1,6,0.0
mozart_turkish,1,11.0,0.5,52,,2,6,0.0
mozart_turkish,1,11.5,0.5,78,,1,6,0.5
mozart_turkish,1,11.5,0.5,81,,1,6,0.5
mozart_turkish,1,11.5,0.5,59,,2,6,0.5
mozart_turkish,1,11.5,0.5,64,,2,6,0.5
mozart_turkish,1,12.0,0.5,76,,1,6,1.0
mozart_turkish,1,12.0,0.5,79,,1,6,1.0
mozart_turkish,1,12.0,0.5,59,,2,6,1.0
mozart_turkish,1,12.0,0.5,64,,2,6,1.0
mozart_turkish,1,12.5,0.5,78,,1,6,1.5
mozart_turkish,1,12.5,0.5,81,,1,6,1.5
mozart_turkish,1,12.5,0.5,59,,2,6,1.5
mozart_turkish,1,12.5,0.5,64,,2,6,1.5
mozart_turkish,1,13.0,0.5,83,,1,7,0.0
mozart_turkish,1,13.0,0.5,52,,2,7,0.0
mozart_turkish,1,13.5,0.5,78,,1,7,0.5
mozart_turkish,1,13.5,0.5,81,,1,7,0.5
mozart_turkish,1,13.5,0.5,59,,2,7,0.5
mozart_turkish,1,13.5,0.5,64,,2,7,0.5
mozart_turkish,1,14.0,0.5,76,,1,7,1.0
mozart_turkish,1,14.0,0.5,79,,1,7,1.0
mozart_turkish,1,14.0,0.5,47,,2,7,1.0
mozart_turkish,1,14.5,0.5,75,,1,7,1.5
mozart_turkish,1,14.5,0.5,78,,1,7,1.5
mozart_turkish,1,14.5,0.5,59,,2,7,1.5
mozart_turkish,1,15.0,1.0,76,,1,8,0.0
mozart_turkish,1,15.0,1.0,52,,2,8,0.0
mozart_turkish,1,16.0,0.25,71,,1,8,1.0
mozart_turkish,1,16.25,0.25,69,,1,8,1.25
mozart_turkish,1,16.5,0.25,68,,1,8,1.5
mozart_turkish,1,16.75,0.25,69,,1,8,1.75
mozart_545,1,0.0,2.0,72,,1,1,0.0
mozart_545,1,0.0,0.5,60,,2,1,0.0
mozart_545,1,0.5,0.5,67,,2,1,0.5
mozart_545,1,1.0,0.5,64,,2,1,1.0
mozart_545,1,1.5,0.5,67,,2,1,1.5
mozart_545,1,2.0,1.0,76,,1,1,2.0
mozart_545,1,2.0,0.5,60,,2,1,2.0
mozart_545,1,2.5,0.5,67,,2,1,2.5
mozart_545,1,3.0,1.0,79,,1,1,3.0
mozart_545,1,3.0,0.5,64,,2,1,3.0
mozart_545,1,3.5,0.5,67,,2,1,3.5
mozart_545,1,4.0,1.5,71,,1,2,0.0
mozart_545,1,4.0,0.5,62,,2,2,0.0
mozart_545,1,4.5,0.5,67,,2,2,0.5
mozart_545,1,5.0,0.5,65,,2,2,1.0
mozart_545,1,5.5,0.25,72,,1,2,1.5
mozart_545,1,5.5,0.5,67,,2,2,1.5
mozart_545,1,5.75,0.25,74,,1,2,1.75
mozart_545,1,6.0,1.0,72,,1,2,2.0
mozart_545,1,6.0,0.5,60,,2,2,2.0
mozart_545,1,6.5,0.5,67,,2,2,2.5
mozart_545,1,7.0,0.5,64,,2,2,3.0
mozart_545,1,7.5,0.5,67,,2,2,3.5
mozart_545,1,8.0,2.0,81,,1,3,0.0
mozart_545,1,8.0,0.5,60,,2,3,0.0
mozart_545,1,8.5,0.5,69,,2,3,0.5
mozart_545,1,9.0,0.5,65,,2,3,1.0
mozart_545,1,9.5,0.5,69,,2,3,1.5
mozart_545,1,10.0,1.0,79,,1,3,2.0
mozart_545,1,10.0,0.5,60,,2,3,2.0
mozart_545,1,10.5,0.5,67,,2,3,2.5
mozart_545,1,11.0,1.0,84,,1,3,3.0
mozart_545,1,11.0,0.5,64,,2,3,3.0
mozart_545,1,11.5,0.5,67,,2,3,3.5
mozart_545,1,12.0,1.0,79,,1,4,0.0
mozart_545,1,12.0,0.5,59,,2,4,0.0
mozart_545,1,12.5,0.5,67,,2,4,0.5
mozart_545,1,13.0,0.5,77,,1,4,1.0
mozart_545,1,13.0,0.5,62,,2,4,1.0
mozart_545,1,13.5,0.25,76,,1,4,1.5
mozart_545,1,13.5,0.5,67,,2,4,1.5
mozart_545,1,13.75,0.25,77,,1,4,1.75
mozart_545,1,14.0,1.0,76,,1,4,2.0
mozart_545,1,14.0,0.5,60,,2,4,2.0
mozart_545,1,14.5,0.5,67,,2,4,2.5
mozart_545,1,15.0,0.5,64,,2,4,3.0
mozart_545,1,15.5,0.5,67,,2,4,3.5
mozart_545,1,16.0,0.5,69,,1,5,0.0
mozart_545,1,16.0,1.0,65,,2,5,0.0
mozart_545,1,16.5,0.25,71,,1,5,0.5
mozart_545,1,16.75,0.25,72,,1,5,0.75
mozart_545,1,17.0,0.25,74,,1,5,1.0
mozart_545,1,17.25,0.25,76,,1,5,1.25
mozart_545,1,17.5,0.25,77,,1,5,1.5
mozart_545,1,17.75,0.25,79,,1,5,1.75
mozart_545,1,18.0,0.25,81,,1,5,2.0
mozart_545,1,18.25,0.25,79,,1,5,2.25
mozart_545,1,18.5,0.25,77,,1,5,2.5
mozart_545,1,18.75,0.25,76,,1,5,2.75
mozart_545,1,19.0,0.25,74,,1,5,3.0
mozart_545,1,19.0,1.0,53,,2,5,3.0
mozart_545,1,19.0,1.0,60,,2,5,3.0
mozart_545,1,19.25,0.25,72,,1,5,3.25
mozart_545,1,19.5,0.25,71,,1,5,3.5
mozart_545,1,19.75,0.25,69,,1,5,3.75
mozart_545,1,20.0,0.5,67,,1,6,0.0
mozart_545,1,20.0,1.0,52,,2,6,0.0
mozart_545,1,20.0,1.0,60,,2,6,0.0
mozart_545,1,20.5,0.25,69,,1,6,0.5
mozart_545,1,20.75,0.25,71,,1,6,0.75
mozart_545,1,21.0,0.25,72,,1,6,1.0
mozart_545,1,21.25,0.25,74,,1,6,1.25
mozart_545,1,21.5,0.25,76,,1,6,1.5
mozart_545,1,21.75,0.25,77,,1,6,1.75
mozart_545,1,22.0,0.25,79,,1,6,2.0
mozart_545,1,22.25,0.25,77,,1,6,2.25
mozart_545,1,22.5,0.25,76,,1,6,2.5
mozart_545,1,22.75,0.25,74,,1,6,2.75
mozart_545,1,23.0,0.25,72,,1,6,3.0
mozart_545,1,23.0,1.0,52,,2,6,3.0
mozart_545,1,23.0,1.0,60,,2,6,3.0
mozart_545,1,23.25,0.25,71,,1,6,3.25
mozart_545,1,23.5,0.25,69,,1,6,3.5
mozart_545,1,23.75,0.25,67,,1,6,3.75
mozart_545,1,24.0,0.5,65,,1,7,0.0
mozart_545,1,24.0,1.0,50,,2,7,0.0
mozart_545,1,24.0,1.0,60,,2,7,0.0
mozart_545,1,24.5,0.25,67,,1,7,0.5
mozart_545,1,24.75,0.25,69,,1,7,0.75
mozart_545,1,25.0,0.25,71,,1,7,1.0
mozart_545,1,25.25,0.25,72,,1,7,1.25
mozart_545,1,25.5,0.25,74,,1,7,1.5
mozart_545,1,25.75,0.25,76,,1,7,1.75
mozart_545,1,26.0,0.25,77,,1,7,2.0
mozart_545,1,26.25,0.25,76,,1,7,2.25
mozart_545,1,26.5,0.25,74,,1,7,2.5
mozart_545,1,26.75,0.25,72,,1,7,2.75
mozart_545,1,27.0,0.25,71,,1,7,3.0
mozart_545,1,27.0,1.0,50,,2,7,3.0
mozart_545,1,27.0,1.0,59,,2,7,3.0
mozart_545,1,27.25,0.25,69,,1,7,3.25
mozart_545,1,27.5,0.25,67,,1,7,3.5
mozart_545,1,27.75,0.25,65,,1,7,3.75
mozart_545,1,28.0,0.5,64,,1,8,0.0
mozart_545,1,28.0,1.0,48,,2,8,0.0
mozart_545,1,28.0,1.0,60,,2,8,0.0
mozart_545,1,28.5,0.25,65,,1,8,0.5
mozart_545,1,28.75,0.25,67,,1,8,0.75
mozart_545,1,29.0,0.25,69,,1,8,1.0
mozart_545,1,29.25,0.25,71,,1,8,1.25
mozart_545,1,29.5,0.25,72,,1,8,1.5
mozart_545,1,29.75,0.25,74,,1,8,1.75
mozart_545,1,30.0,0.25,76,,1,8,2.0
mozart_545,1,30.25,0.25,74,,1,8,2.25
mozart_545,1,30.5,0.25,72,,1,8,2.5
mozart_545,1,30.75,0.25,71,,1,8,2.75
mozart_545,1,31.0,0.25,69,,1,8,3.0
mozart_545,1,31.0,1.0,48,,2,8,3.0
mozart_545,1,31.0,1.0,52,,2,8,3.0
mozart_545,1,31.25,0.25,67,,1,8,3.25
mozart_545,1,31.5,0.25,65,,1,8,3.5
mozart_545,1,31.75,0.25,64,,1,8,3.75
beethoven_moon,1,0.0,0.3333333333333333,56,up,2,1,0.0
beethoven_moon,1,0.0,4.0,49,down,4,1,0.0
beethoven_moon,1,0.0,4.0,37,down,4,1,0.0
beethoven_moon,1,0.3333333333333333,0.3333333333333333,61,up,2,1,0.3333333333333333
beethoven_moon,1,0.6666666666666666,0.3333333333333333,64,up,2,1,0.6666666666666666
beethoven_moon,1,1.0,0.3333333333333333,56,up,2,1,1.0
beethoven_moon,1,1.3333333333333333,0.3333333333333333,61,up,2,1,1.3333333333333333
beethoven_moon,1,1.6666666666666667,0.3333333333333333,64,up,2,1,1.6666666666666667
beethoven_moon,1,2.0,0.3333333333333333,56,up,2,1,2.0
beethoven_moon,1,2.3333333333333335,0.3333333333333333,61,up,2,1,2.3333333333333335
beethoven_moon,1,2.6666666666666665,0.3333333333333333,64,up,2,1,2.6666666666666665
beethoven_moon,1,3.0,0.3333333333333333,56,up,2,1,3.0
beethoven_moon,1,3.3333333333333335,0.3333333333333333,61,up,2,1,3.3333333333333335
beethoven_moon,1,3.6666666666666665,0.3333333333333333,64,up,2,1,3.6666666666666665
beethoven_moon,1,4.0,0.3333333333333333,56,up,2,2,0.0
beethoven_moon,1,4.0,4.0,47,down,4,2,0.0
beethoven_moon,1,4.0,4.0,35,down,4,2,0.0
beethoven_moon,1,4.333333333333333,0.3333333333333333,61,up,2,2,0.3333333333333333
beethoven_moon,1,4.666666666666667,0.3333333333333333,64,up,2,2,0.6666666666666666
beethoven_moon,1,5.0,0.3333333333333333,56,up,2,2,1.0
beethoven_moon,1,5.333333333333333,0.3333333333333333,61,up,2,2,1.3333333333333333
beethoven_moon,1,5.666666666666667,0.3333333333333333,64,up,2,2,1.6666666666666667
beethoven_moon,1,6.0,0.3333333333333333,56,up,2,2,2.0
beethoven_moon,1,6.333333333333333,0.3333333333333333,61,up,2,2,2.3333333333333335
beethoven_moon,1,6.666666666666667,0.3333333333333333,64,up,2,2,2.6666666666666665
beethoven_moon,1,7.0,0.3333333333333333,56,up,2,2,3.0
beethoven_moon,1,7.333333333333333,0.3333333333333333,61,up,2,2,3.3333333333333335
beethoven_moon,1,7.666666666666667,0.3333333333333333,64,up,2,2,3.6666666666666665
beethoven_moon,1,8.0,0.3333333333333333,57,up,2,3,0.0
beethoven_moon,1,8.0,2.0,45,down,4,3,0.0
beethoven_moon,1,8.0,2.0,33,down,4,3,0.0
beethoven_moon,1,8.333333333333334,0.3333333333333333,61,up,2,3,0.3333333333333333
beethoven_moon,1,8.666666666666666,0.3333333333333333,64,up,2,3,0.6666666666666666
beethoven_moon,1,9.0,0.3333333333333333,57,up,2,3,1.0
beethoven_moon,1,9.333333333333334,0.3333333333333333,61,up,2,3,1.3333333333333333
beethoven_moon,1,9.666666666666666,0.3333333333333333,64,up,2,3,1.6666666666666667
beethoven_moon,1,10.0,0.3333333333333333,57,up,2,3,2.0
beethoven_moon,1,10.0,2.0,42,down,4,3,2.0
beethoven_moon,1,10.0,2.0,30,down,4,3,2.0
beethoven_moon,1,10.333333333333334,0.3333333333333333,62,up,2,3,2.3333333333333335
beethoven_moon,1,10.666666666666666,0.3333333333333333,66,up,2,3,2.6666666666666665
beethoven_moon,1,11.0,0.3333333333333333,57,up,2,3,3.0
beethoven_moon,1,11.333333333333334,0.3333333333333333,62,up,2,3,3.3333333333333335
beethoven_moon,1,11.666666666666666,0.3333333333333333,66,up,2,3,3.6666666666666665
beethoven_moon,1,12.0,0.3333333333333333,56,up,2,4,0.0
beethoven_moon,1,12.0,2.0,44,down,4,4,0.0
beethoven_moon,1,12.0,2.0,32,down,4,4,0.0
beethoven_moon,1,12.333333333333334,0.3333333333333333,60,up,2,4,0.3333333333333333
beethoven_moon,1,12.666666666666666,0.3333333333333333,66,up,2,4,0.6666666666666666
beethoven_moon,1,13.0,0.3333333333333333,56,up,2,4,1.0
beethoven_moon,1,13.333333333333334,0.3333333333333333,61,up,2,4,1.3333333333333333
beethoven_moon,1,13.666666666666666,0.3333333333333333,64,up,2,4,1.6666666666666667
beethoven_moon,1,14.0,0.3333333333333333,56,up,2,4,2.0
beethoven_moon,1,14.0,2.0,44,down,4,4,2.0
beethoven_moon,1,14.0,2.0,32,down,4,4,2.0
beethoven_moon,1,14.333333333333334,0.3333333333333333,61,up,2,4,2.3333333333333335
beethoven_moon,1,14.666666666666666,0.3333333333333333,63,up,2,4,2.6666666666666665
beethoven_moon,1,15.0,0.3333333333333333,54,up,2,4,3.0
beethoven_moon,1,15.333333333333334,0.3333333333333333,60,up,2,4,3.3333333333333335
beethoven_moon,1,15.666666666666666,0.3333333333333333,63,up,2,4,3.6666666666666665
beethoven_moon,1,16.0,0.3333333333333333,52,down,2,5,0.0
beethoven_moon,1,16.0,4.0,49,down,4,5,0.0
beethoven_moon,1,16.0,4.0,44,down,4,5,0.0
beethoven_moon,1,16.0,4.0,37,down,4,5,0.0
beethoven_moon,1,16.333333333333332,0.3333333333333333,56,down,2,5,0.3333333333333333
beethoven_moon,1,16.666666666666668,0.3333333333333333,61,down,2,5,0.6666666666666666
beethoven_moon,1,17.0,0.3333333333333333,56,up,2,5,1.0
beethoven_moon,1,17.333333333333332,0.3333333333333333,61,up,2,5,1.3333333333333333
beethoven_moon,1,17.666666666666668,0.3333333333333333,64,up,2,5,1.6666666666666667
beethoven_moon,1,18.0,0.3333333333333333,56,up,2,5,2.0
beethoven_moon,1,18.333333333333332,0.3333333333333333,61,up,2,5,2.3333333333333335
beethoven_moon,1,18.666666666666668,0.3333333333333333,64,up,2,5,2.6666666666666665
beethoven_moon,1,19.0,0.75,68,up,1,5,3.0
beethoven_moon,1,19.0,0.3333333333333333,56,up,2,5,3.0
beethoven_moon,1,19.333333333333332,0.3333333333333333,61,up,2,5,3.3333333333333335
beethoven_moon,1,19.666666666666668,0.3333333333333333,64,up,2,5,3.6666666666666665
beethoven_moon,1,19.75,0.25,68,up,1,5,3.75
beethoven_moon,1,20.0,3.0,68,up,1,6,0.0
beethoven_moon,1,20.0,0.3333333333333333,56,up,2,6,0.0
beethoven_moon,1,20.0,4.0,48,down,4,6,0.0
beethoven_moon,1,20.0,4.0,44,down,4,6,0.0
beethoven_moon,1,20.0,4.0,36,down,4,6,0.0
beethoven_moon,1,20.333333333333332,0.3333333333333333,63,up,2,6,0.3333333333333333
beethoven_moon,1,20.666666666666668,0.3333333333333333,66,up,2,6,0.6666666666666666
beethoven_moon,1,21.0,0.3333333333333333,56,up,2,6,1.0
beethoven_moon,1,21.333333333333332,0.3333333333333333,63,up,2,6,1.3333333333333333
beethoven_moon,1,21.666666666666668,0.3333333333333333,66,up,2,6,1.6666666666666667
beethoven_moon,1,22.0,0.3333333333333333,56,up,2,6,2.0
beethoven_moon,1,22.333333333333332,0.3333333333333333,63,up,2,6,2.3333333333333335
beethoven_moon,1,22.666666666666668,0.3333333333333333,66,up,2,6,2.6666666666666665
beethoven_moon,1,23.0,0.75,68,up,1,6,3.0
beethoven_moon,1,23.0,0.3333333333333333,56,up,2,6,3.0
beethoven_moon,1,23.333333333333332,0.3333333333333333,63,up,2,6,3.3333333333333335
beethoven_moon,1,23.666666666666668,0.3333333333333333,66,up,2,6,3.6666666666666665
beethoven_moon,1,23.75,0.25,68,up,1,6,3.75
beethoven_moon,1,24.0,2.0,68,up,1,7,0.0
beethoven_moon,1,24.0,0.3333333333333333,56,up,2,7,0.0
beethoven_moon,1,24.0,2.0,49,down,4,7,0.0
beethoven_moon,1,24.0,2.0,37,down,4,7,0.0
beethoven_moon,1,24.333333333333332,0.3333333333333333,61,up,2,7,0.3333333333333333
beethoven_moon,1,24.666666666666668,0.3333333333333333,64,up,2,7,0.6666666666666666
beethoven_moon,1,25.0,0.3333333333333333,56,up,2,7,1.0
beethoven_moon,1,25.333333333333332,0.3333333333333333,61,up,2,7,1.3333333333333333
beethoven_moon,1,25.666666666666668,0.3333333333333333,64,up,2,7,1.6666666666666667
beethoven_moon,1,26.0,2.0,69,up,1,7,2.0
beethoven_moon,1,26.0,0.3333333333333333,57,up,2,7,2.0
beethoven_moon,1,26.0,2.0,42,down,4,7,2.0
beethoven_moon,1,26.0,2.0,30,down,4,7,2.0
beethoven_moon,1,26.333333333333332,0.3333333333333333,61,up,2,7,2.3333333333333335
beethoven_moon,1,26.666666666666668,0.3333333333333333,66,up,2,7,2.6666666666666665
beethoven_moon,1,27.0,0.3333333333333333,57,up,2,7,3.0
beethoven_moon,1,27.333333333333332,0.3333333333333333,61,up,2,7,3.3333333333333335
beethoven_moon,1,27.666666666666668,0.3333333333333333,66,up,2,7,3.6666666666666665
beethoven_moon,1,28.0,2.0,68,up,1,8,0.0
beethoven_moon,1,28.0,0.3333333333333333,56,up,2,8,0.0
beethoven_moon,1,28.0,2.0,47,down,4,8,0.0
beethoven_moon,1,28.0,2.0,35,down,4,8,0.0
beethoven_moon,1,28.333333333333332,0.3333333333333333,59,up,2,8,0.3333333333333333
beethoven_moon,1,28.666666666666668,0.3333333333333333,64,up,2,8,0.6666666666666666
beethoven_moon,1,29.0,0.3333333333333333,56,up,2,8,1.0
beethoven_moon,1,29.333333333333332,0.3333333333333333,59,up,2,8,1.3333333333333333
beethoven_moon,1,29.666666666666668,0.3333333333333333,64,up,2,8,1.6666666666666667
beethoven_moon,1,30.0,1.0,66,up,1,8,2.0
beethoven_moon,1,30.0,0.3333333333333333,57,up,2,8,2.0
beethoven_moon,1,30.0,2.0,47,down,4,8,2.0
beethoven_moon,1,30.0,2.0,35,down,4,8,2.0
beethoven_moon,1,30.333333333333332,0.3333333333333333,59,up,2,8,2.3333333333333335
beethoven_moon,1,30.666666666666668,0.3333333333333333,63,up,2,8,2.6666666666666665
beethoven_moon,1,31.0,1.0,71,up,1,8,3.0
beethoven_moon,1,31.0,0.3333333333333333,57,up,2,8,3.0
beethoven_moon,1,31.333333333333332,0.3333333333333333,59,up,2,8,3.3333333333333335
beethoven_moon,1,31.666666666666668,0.33333333333333215,63,up,2,8,3.6666666666666665
beethoven_elise,1,0.0,0.25,76,up,1,1,-0.5
beethoven_elise,1,0.25,0.25,75,up,1,1,-0.25
beethoven_elise,1,0.5,0.25,76,up,1,1,0.0
beethoven_elise,1,0.75,0.25,75,up,1,1,0.25
beethoven_elise,1,1.0,0.25,76,up,1,1,0.5
beethoven_elise,1,1.25,0.25,71,up,1,1,0.75
beethoven_elise,1,1.5,0.25,74,up,1,1,1.0
beethoven_elise,1,1.75,0.25,72,up,1,1,1.25
beethoven_elise,1,2.0,0.5,69,up,1,2,0.0
beethoven_elise,1,2.0,0.25,45,down,2,2,0.0
beethoven_elise,1,2.25,0.25,52,down,2,2,0.25
beethoven_elise,1,2.5,0.25,57,down,2,2,0.5
beethoven_elise,1,2.75,0.25,60,up,1,2,0.75
beethoven_elise,1,3.0,0.25,64,up,1,2,1.0
beethoven_elise,1,3.25,0.25,69,up,1,2,1.25
beethoven_elise,1,3.5,0.5,71,up,1,3,0.0
beethoven_elise,1,3.5,0.25,40,down,2,3,0.0
beethoven_elise,1,3.75,0.25,52,down,2,3,0.25
beethoven_elise,1,4.0,0.25,56,down,2,3,0.5
beethoven_elise,1,4.25,0.25,64,up,1,3,0.75
beethoven_elise,1,4.5,0.25,68,up,1,3,1.0
beethoven_elise,1,4.75,0.25,71,up,1,3,1.25
beethoven_elise,1,5.0,0.5,72,up,1,4,0.0
beethoven_elise,1,5.0,0.25,45,down,2,4,0.0
beethoven_elise,1,5.25,0.25,52,down,2,4,0.25
beethoven_elise,1,5.5,0.25,57,down,2,4,0.5
beethoven_elise,1,5.75,0.25,64,up,1,4,0.75
beethoven_elise,1,6.0,0.25,76,up,1,4,1.0
beethoven_elise,1,6.25,0.25,75,up,1,4,1.25
beethoven_elise,1,6.5,0.25,76,up,1,5,0.0
beethoven_elise,1,6.75,0.25,75,up,1,5,0.25
beethoven_elise,1,7.0,0.25,76,up,1,5,0.5
beethoven_elise,1,7.25,0.25,71,up,1,5,0.75
beethoven_elise,1,7.5,0.25,74,up,1,5,1.0
beethoven_elise,1,7.75,0.25,72,up,1,5,1.25
beethoven_elise,1,8.0,0.5,69,up,1,6,0.0
beethoven_elise,1,8.0,0.25,45,down,2,6,0.0
beethoven_elise,1,8.25,0.25,52,down,2,6,0.25
beethoven_elise,1,8.5,0.25,57,down,2,6,0.5
beethoven_elise,1,8.75,0.25,60,up,1,6,0.75
beethoven_elise,1,9.0,0.25,64,up,1,6,1.0
beethoven_elise,1,9.25,0.25,69,up,1,6,1.25
beethoven_elise,1,9.5,0.5,71,up,1,7,0.0
beethoven_elise,1,9.5,0.25,40,down,2,7,0.0
beethoven_elise,1,9.75,0.25,52,down,2,7,0.25
beethoven_elise,1,10.0,0.25,56,down,2,7,0.5
beethoven_elise,1,10.25,0.25,64,up,1,7,0.75
beethoven_elise,1,10.5,0.25,72,up,1,7,1.0
beethoven_elise,1,10.75,0.25,71,up,1,7,1.25
beethoven_elise,1,11.0,1.0,69,up,1,8,0.0
beethoven_elise,1,11.0,0.25,45,down,2,8,0.0
beethoven_elise,1,11.25,0.25,52,down,2,8,0.25
beethoven_elise,1,11.5,0.25,57,down,2,8,0.5
beethoven_elise,1,12.0,0.25,76,up,1,8,1.0
beethoven_elise,1,12.25,0.25,75,up,1,8,1.25
schubert,1,0.0,4.0,70,upII,2,1,0.0
schubert,1,0.0,4.0,42,downIII,5,1,0.0
schubert,1,0.0,4.0,49,downIII,5,1,0.0
schubert,1,0.3333333333333333,0.3333333333333333,58,upII,3,1,0.3333333333333333
schubert,1,0.6666666666666666,0.3333333333333333,61,upII,3,1,0.6666666666666666
schubert,1,1.0,0.3333333333333333,66,upII,3,1,1.0
schubert,1,1.3333333333333333,0.3333333333333333,61,upII,3,1,1.3333333333333333
schubert,1,1.6666666666666667,0.3333333333333333,58,upII,3,1,1.6666666666666667
schubert,1,2.0,0.3333333333333333,61,upII,3,1,2.0
schubert,1,2.3333333333333335,0.3333333333333333,58,upII,3,1,2.3333333333333335
schubert,1,2.6666666666666665,0.3333333333333333,61,upII,3,1,2.6666666666666665
schubert,1,3.0,0.3333333333333333,66,upII,3,1,3.0
schubert,1,3.3333333333333335,0.3333333333333333,61,upII,3,1,3.3333333333333335
schubert,1,3.6666666666666665,0.3333333333333333,58,upII,3,1,3.6666666666666665
schubert,1,4.0,2.0,70,upII,2,1,4.0
schubert,1,4.0,2.0,42,downIII,5,1,4.0
schubert,1,4.0,2.0,49,downIII,5,1,4.0
schubert,1,4.333333333333333,0.3333333333333333,58,upII,3,1,4.333333333333333
schubert,1,4.666666666666667,0.3333333333333333,61,upII,3,1,4.666666666666667
schubert,1,5.0,0.3333333333333333,66,upII,3,1,5.0
schubert,1,5.333333333333333,0.3333333333333333,61,upII,3,1,5.333333333333333
schubert,1,5.666666666666667,0.3333333333333333,58,upII,3,1,5.666666666666667
schubert,1,6.0,2.0,70,upII,2,1,6.0
schubert,1,6.0,2.0,42,downIII,5,1,6.0
schubert,1,6.0,2.0,49,downIII,5,1,6.0
schubert,1,6.333333333333333,0.3333333333333333,58,upII,3,1,6.333333333333333
schubert,1,6.666666666666667,0.3333333333333333,61,upII,3,1,6.666666666666667
schubert,1,7.0,0.3333333333333333,66,upII,3,1,7.0
schubert,1,7.333333333333333,0.3333333333333333,61,upII,3,1,7.333333333333333
schubert,1,7.666666666666667,0.3333333333333333,58,upII,3,1,7.666666666666667
schubert,1,8.0,4.0,70,upII,2,2,0.0
schubert,1,8.0,4.0,39,downIII,5,2,0.0
schubert,1,8.0,4.0,51,downIII,5,2,0.0
schubert,1,8.333333333333334,0.3333333333333333,58,upII,3,2,0.3333333333333333
schubert,1,8.666666666666666,0.3333333333333333,63,upII,3,2,0.6666666666666666
schubert,1,9.0,0.3333333333333333,66,upII,3,2,1.0
schubert,1,9.333333333333334,0.3333333333333333,63,upII,3,2,1.3333333333333333
schubert,1,9.666666666666666,0.3333333333333333,58,upII,3,2,1.6666666666666667
schubert,1,10.0,0.3333333333333333,63,upII,3,2,2.0
schubert,1,10.333333333333334,0.3333333333333333,58,upII,3,2,2.3333333333333335
schubert,1,10.666666666666666,0.3333333333333333,63,upII,3,2,2.6666666666666665
schubert,1,11.0,0.3333333333333333,66,upII,3,2,3.0
schubert,1,11.333333333333334,0.3333333333333333,63,upII,3,2,3.3333333333333335
schubert,1,11.666666666666666,0.3333333333333333,58,upII,3,2,3.6666666666666665
schubert,1,12.0,4.0,66,upII,2,2,4.0
schubert,1,12.0,4.0,39,downIII,5,2,4.0
schubert,1,12.0,4.0,51,downIII,5,2,4.0
schubert,1,12.333333333333334,0.3333333333333333,54,upII,3,2,4.333333333333333
schubert,1,12.666666666666666,0.3333333333333333,58,upII,3,2,4.666666666666667
schubert,1,13.0,0.3333333333333333,63,upII,3,2,5.0
schubert,1,13.333333333333334,0.3333333333333333,58,upII,3,2,5.333333333333333
schubert,1,13.666666666666666,0.3333333333333333,54,upII,3,2,5.666666666666667
schubert,1,14.0,0.3333333333333333,58,upII,3,2,6.0
schubert,1,14.333333333333334,0.3333333333333333,54,upII,3,2,6.333333333333333
schubert,1,14.666666666666666,0.3333333333333333,58,upII,3,2,6.666666666666667
schubert,1,15.0,0.3333333333333333,63,upII,3,2,7.0
schubert,1,15.333333333333334,0.3333333333333333,58,upII,3,2,7.333333333333333
schubert,1,15.666666666666666,0.3333333333333333,54,upII,3,2,7.666666666666667
schubert,1,16.0,4.0,68,upII,2,3,0.0
schubert,1,16.0,4.0,35,downIII,5,3,0.0
schubert,1,16.0,4.0,47,downIII,5,3,0.0
schubert,1,16.333333333333332,0.3333333333333333,56,upII,3,3,0.3333333333333333
schubert,1,16.666666666666668,0.3333333333333333,59,upII,3,3,0.6666666666666666
schubert,1,17.0,0.3333333333333333,63,upII,3,3,1.0
schubert,1,17.333333333333332,0.3333333333333333,59,upII,3,3,1.3333333333333333
schubert,1,17.666666666666668,0.3333333333333333,56,upII,3,3,1.6666666666666667
schubert,1,18.0,0.3333333333333333,59,upII,3,3,2.0
schubert,1,18.333333333333332,0.3333333333333333,56,upII,3,3,2.3333333333333335
schubert,1,18.666666666666668,0.3333333333333333,59,upII,3,3,2.6666666666666665
schubert,1,19.0,0.3333333333333333,63,upII,3,3,3.0
schubert,1,19.333333333333332,0.3333333333333333,59,upII,3,3,3.3333333333333335
schubert,1,19.666666666666668,0.3333333333333333,56,upII,3,3,3.6666666666666665
schubert,1,20.0,1.0,66,upII,2,3,4.0
schubert,1,20.0,3.0,37,downIII,5,3,4.0
schubert,1,20.0,3.0,49,downIII,5,3,4.0
schubert,1,20.333333333333332,0.3333333333333333,56,upII,3,3,4.333333333333333
schubert,1,20.666666666666668,0.3333333333333333,59,upII,3,3,4.666666666666667
schubert,1,21.0,1.0,65,upII,2,3,5.0
schubert,1,21.333333333333332,0.3333333333333333,56,upII,3,3,5.333333333333333
schubert,1,21.666666666666668,0.3333333333333333,59,upII,3,3,5.666666666666667
schubert,1,22.0,1.0,63,upII,2,3,6.0
schubert,1,22.333333333333332,0.3333333333333333,56,upII,3,3,6.333333333333333
schubert,1,22.666666666666668,0.3333333333333333,59,upII,3,3,6.666666666666667
schubert,1,23.0,1.0,61,upII,2,3,7.0
schubert,1,23.0,1.0,47,downIII,5,3,7.0
schubert,1,23.0,1.0,49,downIII,5,3,7.0
schubert,1,23.333333333333332,0.3333333333333333,53,upII,3,3,7.333333333333333
schubert,1,23.666666666666668,0.3333333333333333,56,upII,3,3,7.666666666666667
schubert,1,24.0,2.0,66,upII,2,4,0.0
schubert,1,24.0,2.0,46,downIII,5,4,0.0
schubert,1,24.0,2.0,49,downIII,5,4,0.0
schubert,1,24.333333333333332,0.3333333333333333,54,upII,3,4,0.3333333333333333
schubert,1,24.666666666666668,0.3333333333333333,58,upII,3,4,0.6666666666666666
schubert,1,25.0,0.3333333333333333,61,upII,3,4,1.0
schubert,1,25.333333333333332,0.3333333333333333,58,upII,3,4,1.3333333333333333
schubert,1,25.666666666666668,0.3333333333333333,54,upII,3,4,1.6666666666666667
schubert,1,26.0,2.0,70,upII,2,4,2.0
schubert,1,26.0,2.0,42,downIII,5,4,2.0
schubert,1,26.0,2.0,51,downIII,5,4,2.0
schubert,1,26.333333333333332,0.3333333333333333,60,upII,3,4,2.3333333333333335
schubert,1,26.666666666666668,0.3333333333333333,63,upII,3,4,2.6666666666666665
schubert,1,27.0,0.3333333333333333,66,upII,3,4,3.0
schubert,1,27.333333333333332,0.3333333333333333,63,upII,3,4,3.3333333333333335
schubert,1,27.666666666666668,0.3333333333333333,60,upII,3,4,3.6666666666666665
schubert,1,28.0,3.0,68,upII,2,4,4.0
schubert,1,28.0,4.0,37,downIII,5,4,4.0
schubert,1,28.0,4.0,53,downIII,5,4,4.0
schubert,1,28.333333333333332,0.3333333333333333,56,upII,3,4,4.333333333333333
schubert,1,28.666666666666668,0.3333333333333333,61,upII,3,4,4.666666666666667
schubert,1,29.0,0.3333333333333333,65,upII,3,4,5.0
schubert,1,29.333333333333332,0.3333333333333333,61,upII,3,4,5.333333333333333
schubert,1,29.666666666666668,0.3333333333333333,56,upII,3,4,5.666666666666667
schubert,1,30.0,0.3333333333333333,61,upII,3,4,6.0
schubert,1,30.333333333333332,0.3333333333333333,56,upII,3,4,6.333333333333333
schubert,1,30.666666666666668,0.3333333333333333,61,upII,3,4,6.666666666666667
schubert,1,31.0,1.0,69,upII,2,4,7.0
schubert,1,31.0,0.3333333333333333,65,upII,3,4,7.0
schubert,1,31.333333333333332,0.3333333333333333,61,upII,3,4,7.333333333333333
schubert,1,31.666666666666668,0.3333333333333333,56,upII,3,4,7.666666666666667
schubert,1,32.0,4.0,70,upII,2,5,0.0
schubert,1,32.0,4.0,42,downIII,5,5,0.0
schubert,1,32.0,4.0,49,downIII,5,5,0.0
schubert,1,32.333333333333336,0.3333333333333333,58,upII,3,5,0.3333333333333333
schubert,1,32.666666666666664,0.3333333333333333,61,upII,3,5,0.6666666666666666
schubert,1,33.0,0.3333333333333333,66,upII,3,5,1.0
schubert,1,33.333333333333336,0.3333333333333333,61,upII,3,5,1.3333333333333333
schubert,1,33.666666666666664,0.3333333333333333,58,upII,3,5,1.6666666666666667
schubert,1,34.0,0.3333333333333333,61,upII,3,5,2.0
schubert,1,34.333333333333336,0.3333333333333333,58,upII,3,5,2.3333333333333335
schubert,1,34.666666666666664,0.3333333333333333,61,upII,3,5,2.6666666666666665
schubert,1,35.0,0.3333333333333333,66,upII,3,5,3.0
schubert,1,35.333333333333336,0.3333333333333333,61,upII,3,5,3.3333333333333335
schubert,1,35.666666666666664,0.3333333333333333,58,upII,3,5,3.6666666666666665
schubert,1,36.0,2.0,70,upII,2,5,4.0
schubert,1,36.0,2.0,42,downIII,5,5,4.0
schubert,1,36.0,2.0,49,downIII,5,5,4.0
schubert,1,36.333333333333336,0.3333333333333333,58,upII,3,5,4.333333333333333
schubert,1,36.666666666666664,0.3333333333333333,61,upII,3,5,4.666666666666667
schubert,1,37.0,0.3333333333333333,66,upII,3,5,5.0
schubert,1,37.333333333333336,0.3333333333333333,61,upII,3,5,5.333333333333333
schubert,1,37.666666666666664,0.3333333333333333,58,upII,3,5,5.666666666666667
schubert,1,38.0,2.0,70,upII,2,5,6.0
schubert,1,38.0,2.0,42,downIII,5,5,6.0
schubert,1,38.0,2.0,49,downIII,5,5,6.0
schubert,1,38.333333333333336,0.3333333333333333,58,upII,3,5,6.333333333333333
schubert,1,38.666666666666664,0.3333333333333333,61,upII,3,5,6.666666666666667
schubert,1,39.0,0.3333333333333333,66,upII,3,5,7.0
schubert,1,39.333333333333336,0.3333333333333333,61,upII,3,5,7.333333333333333
schubert,1,39.666666666666664,0.3333333333333333,58,upII,3,5,7.666666666666667
schubert,1,40.0,4.0,70,upII,2,6,0.0
schubert,1,40.0,4.0,39,downIII,5,6,0.0
schubert,1,40.0,4.0,51,downIII,5,6,0.0
schubert,1,40.333333333333336,0.3333333333333333,58,upII,3,6,0.3333333333333333
schubert,1,40.666666666666664,0.3333333333333333,63,upII,3,6,0.6666666666666666
schubert,1,41.0,0.3333333333333333,66,upII,3,6,1.0
schubert,1,41.333333333333336,0.3333333333333333,63,upII,3,6,1.3333333333333333
schubert,1,41.666666666666664,0.3333333333333333,58,upII,3,6,1.6666666666666667
schubert,1,42.0,0.3333333333333333,63,upII,3,6,2.0
schubert,1,42.333333333333336,0.3333333333333333,58,upII,3,6,2.3333333333333335
schubert,1,42.666666666666664,0.3333333333333333,63,upII,3,6,2.6666666666666665
schubert,1,43.0,0.3333333333333333,66,upII,3,6,3.0
schubert,1,43.333333333333336,0.3333333333333333,63,upII,3,6,3.3333333333333335
schubert,1,43.666666666666664,0.3333333333333333,58,upII,3,6,3.6666666666666665
schubert,1,44.0,2.0,66,upII,2,6,4.0
schubert,1,44.0,2.0,39,downIII,5,6,4.0
schubert,1,44.0,2.0,51,downIII,5,6,4.0
schubert,1,44.333333333333336,0.3333333333333333,54,upII,3,6,4.333333333333333
schubert,1,44.666666666666664,0.3333333333333333,58,upII,3,6,4.666666666666667
schubert,1,45.0,0.3333333333333333,63,upII,3,6,5.0
schubert,1,45.333333333333336,0.3333333333333333,58,upII,3,6,5.333333333333333
schubert,1,45.666666666666664,0.3333333333333333,54,upII,3,6,5.666666666666667
schubert,1,46.0,2.0,65,upII,2,6,6.0
schubert,1,46.0,2.0,34,downIII,5,6,6.0
schubert,1,46.0,2.0,46,downIII,5,6,6.0
schubert,1,46.333333333333336,0.3333333333333333,53,downIII,7,6,6.333333333333333
schubert,1,46.666666666666664,0.3333333333333333,56,downIII,7,6,6.666666666666667
schubert,1,47.0,0.3333333333333333,62,downIII,7,6,7.0
schubert,1,47.333333333333336,0.3333333333333333,56,downIII,7,6,7.333333333333333
schubert,1,47.666666666666664,0.3333333333333333,53,downIII,7,6,7.666666666666667
schubert,1,48.0,2.0,63,upII,2,7,0.0
schubert,1,48.0,2.0,35,downIII,5,7,0.0
schubert,1,48.0,2.0,47,downIII,5,7,0.0
schubert,1,48.333333333333336,0.3333333333333333,51,downIII,7,7,0.3333333333333333
schubert,1,48.666666666666664,0.3333333333333333,54,downIII,7,7,0.6666666666666666
schubert,1,49.0,0.3333333333333333,59,downIII,7,7,1.0
schubert,1,49.333333333333336,0.3333333333333333,54,downIII,7,7,1.3333333333333333
schubert,1,49.666666666666664,0.3333333333333333,51,downIII,7,7,1.6666666666666667
schubert,1,50.0,2.0,68,upII,2,7,2.0
schubert,1,50.0,2.0,32,downIII,5,7,2.0
schubert,1,50.0,2.0,44,downIII,5,7,2.0
schubert,1,50.333333333333336,0.3333333333333333,56,upII,3,7,2.3333333333333335
schubert,1,50.666666666666664,0.3333333333333333,59,upII,3,7,2.6666666666666665
schubert,1,51.0,0.3333333333333333,63,upII,3,7,3.0
schubert,1,51.333333333333336,0.3333333333333333,59,upII,3,7,3.3333333333333335
schubert,1,51.666666666666664,0.3333333333333333,56,upII,3,7,3.6666666666666665
schubert,1,52.0,1.0,66,upII,2,7,4.0
schubert,1,52.0,4.0,37,downIII,5,7,4.0
schubert,1,52.0,4.0,49,downIII,5,7,4.0
schubert,1,52.333333333333336,0.3333333333333333,59,upII,3,7,4.333333333333333
schubert,1,52.666666666666664,0.3333333333333333,56,upII,3,7,4.666666666666667
schubert,1,53.0,1.0,65,upII,2,7,5.0
schubert,1,53.333333333333336,0.3333333333333333,59,upII,3,7,5.333333333333333
schubert,1,53.666666666666664,0.3333333333333333,56,upII,3,7,5.666666666666667
schubert,1,54.0,1.0,63,upII,2,7,6.0
schubert,1,54.333333333333336,0.3333333333333333,59,upII,3,7,6.333333333333333
schubert,1,54.666666666666664,0.3333333333333333,56,upII,3,7,6.666666666666667
schubert,1,55.0,1.0,65,upII,2,7,7.0
schubert,1,55.333333333333336,0.3333333333333333,59,upII,3,7,7.333333333333333
schubert,1,55.666666666666664,0.3333333333333333,56,upII,3,7,7.666666666666667
schubert,1,56.0,4.0,68,upII,2,8,0.0
schubert,1,56.0,4.0,42,downIII,5,8,0.0
schubert,1,56.0,4.0,49,downIII,5,8,0.0
schubert,1,56.333333333333336,0.3333333333333333,59,upII,3,8,0.3333333333333333
schubert,1,56.666666666666664,0.3333333333333333,61,upII,3,8,0.6666666666666666
schubert,1,57.0,0.3333333333333333,65,upII,3,8,1.0
schubert,1,57.333333333333336,0.3333333333333333,61,upII,3,8,1.3333333333333333
schubert,1,57.666666666666664,0.3333333333333333,59,upII,3,8,1.6666666666666667
schubert,1,58.0,0.3333333333333333,61,upII,3,8,2.0
schubert,1,58.333333333333336,0.3333333333333333,59,upII,3,8,2.3333333333333335
schubert,1,58.666666666666664,0.3333333333333333,61,upII,3,8,2.6666666666666665
schubert,1,59.0,0.3333333333333333,65,upII,3,8,3.0
schubert,1,59.333333333333336,0.3333333333333333,61,upII,3,8,3.3333333333333335
schubert,1,59.666666666666664,0.3333333333333333,59,upII,3,8,3.6666666666666665
schubert,1,60.0,4.0,66,upII,2,8,4.0
schubert,1,60.0,4.0,42,downIII,5,8,4.0
schubert,1,60.0,4.0,49,downIII,5,8,4.0
schubert,1,60.333333333333336,0.3333333333333333,54,upII,3,8,4.333333333333333
schubert,1,60.666666666666664,0.3333333333333333,58,upII,3,8,4.666666666666667
schubert,1,61.0,0.3333333333333333,61,upII,3,8,5.0
schubert,1,61.333333333333336,0.3333333333333333,58,upII,3,8,5.333333333333333
schubert,1,61.666666666666664,0.3333333333333333,54,upII,3,8,5.666666666666667
schubert,1,62.0,0.3333333333333333,58,upII,3,8,6.0
schubert,1,62.333333333333336,0.3333333333333333,54,upII,3,8,6.333333333333333
schubert,1,62.666666666666664,0.3333333333333333,58,upII,3,8,6.666666666666667
schubert,1,63.0,0.3333333333333333,61,upII,3,8,7.0
schubert,1,63.333333333333336,0.3333333333333333,58,upII,3,8,7.333333333333333
schubert,1,63.666666666666664,0.3333333333333333,54,upII,3,8,7.666666666666667
mendelssohn,1,0.0,0.5,49,two,3,1,-0.5
mendelssohn,1,0.5,0.5,42,two,3,1,0.0
mendelssohn,1,1.0,0.5,49,two,3,1,0.5
mendelssohn,1,1.5,0.5,54,two,3,1,1.0
mendelssohn,1,1.5,0.5,57,two,3,1,1.0
mendelssohn,1,2.0,0.5,49,two,3,1,1.5
mendelssohn,1,2.5,0.5,54,two,3,1,2.0
mendelssohn,1,2.5,0.5,57,two,3,1,2.0
mendelssohn,1,3.0,0.5,61,two,3,1,2.5
mendelssohn,1,3.5,0.5,42,two,3,2,0.0
mendelssohn,1,4.0,0.5,49,two,3,2,0.5
mendelssohn,1,4.5,0.5,54,two,3,2,1.0
mendelssohn,1,4.5,0.5,57,two,3,2,1.0
mendelssohn,1,5.0,0.5,49,two,3,2,1.5
mendelssohn,1,5.5,0.5,54,two,3,2,2.0
mendelssohn,1,5.5,0.5,57,two,3,2,2.0
mendelssohn,1,6.0,0.5,61,two,3,2,2.5
mendelssohn,1,6.5,3.0,65,one,1,3,0.0
mendelssohn,1,6.5,0.5,42,two,3,3,0.0
mendelssohn,1,7.0,0.5,49,two,3,3,0.5
mendelssohn,1,7.5,0.5,53,two,3,3,1.0
mendelssohn,1,7.5,0.5,56,two,3,3,1.0
mendelssohn,1,8.0,0.5,49,two,3,3,1.5
mendelssohn,1,8.5,0.5,53,two,3,3,2.0
mendelssohn,1,8.5,0.5,56,two,3,3,2.0
mendelssohn,1,9.0,0.5,61,two,3,3,2.5
mendelssohn,1,9.5,3.0,68,one,1,4,0.0
mendelssohn,1,9.5,0.5,42,two,3,4,0.0
mendelssohn,1,10.0,0.5,49,two,3,4,0.5
mendelssohn,1,10.5,0.5,53,two,3,4,1.0
mendelssohn,1,10.5,0.5,56,two,3,4,1.0
mendelssohn,1,11.0,0.5,49,two,3,4,1.5
mendelssohn,1,11.5,0.5,53,two,3,4,2.0
mendelssohn,1,11.5,0.5,56,two,3,4,2.0
mendelssohn,1,12.0,0.5,61,two,3,4,2.5
mendelssohn,1,12.5,0.5,42,two,3,5,0.0
mendelssohn,1,13.0,0.5,49,two,3,5,0.5
mendelssohn,1,13.5,0.5,56,two,3,5,1.0
mendelssohn,1,13.5,0.5,59,two,3,5,1.0
mendelssohn,1,14.0,0.5,59,two,3,5,1.5
mendelssohn,1,14.0,0.5,62,two,3,5,1.5
mendelssohn,1,14.5,0.5,49,two,3,5,2.0
mendelssohn,1,15.0,0.5,57,two,3,5,2.5
mendelssohn,1,15.0,0.5,61,two,3,5,2.5
mendelssohn,1,15.5,0.5,56,two,3,6,0.0
mendelssohn,1,15.5,0.5,59,two,3,6,0.0
mendelssohn,1,16.0,0.5,49,two,3,6,0.5
mendelssohn,1,16.5,0.5,54,two,3,6,1.0
mendelssohn,1,16.5,0.5,57,two,3,6,1.0
mendelssohn,1,17.0,0.5,53,two,3,6,1.5
mendelssohn,1,17.0,0.5,56,two,3,6,1.5
mendelssohn,1,17.5,0.5,69,one,1,6,2.0
mendelssohn,1,17.5,0.5,54,two,3,6,2.0
mendelssohn,1,17.5,0.5,57,two,3,6,2.0
mendelssohn,1,18.0,0.5,71,one,1,6,2.5
mendelssohn,1,18.0,0.5,56,two,3,6,2.5
mendelssohn,1,18.0,0.5,59,two,3,6,2.5
mendelssohn,1,18.5,1.5,73,one,1,7,0.0
mendelssohn,1,18.5,0.5,42,two,3,7,0.0
mendelssohn,1,19.0,0.5,49,two,3,7,0.5
mendelssohn,1,19.5,0.5,54,two,3,7,1.0
mendelssohn,1,19.5,0.5,57,two,3,7,1.0
mendelssohn,1,20.0,1.5,73,one,1,7,1.5
mendelssohn,1,20.0,0.5,49,two,3,7,1.5
mendelssohn,1,20.5,0.5,54,two,3,7,2.0
mendelssohn,1,20.5,0.5,57,two,3,7,2.0
mendelssohn,1,21.0,0.5,61,two,3,7,2.5
mendelssohn,1,21.5,1.5,73,one,1,8,0.0
mendelssohn,1,21.5,0.5,42,two,3,8,0.0
mendelssohn,1,22.0,0.5,49,two,3,8,0.5
mendelssohn,1,22.5,0.5,53,two,3,8,1.0
mendelssohn,1,22.5,0.5,56,two,3,8,1.0
mendelssohn,1,23.0,1.0,73,one,1,8,1.5
mendelssohn,1,23.0,0.5,49,two,3,8,1.5
mendelssohn,1,23.5,0.5,53,two,3,8,2.0
mendelssohn,1,23.5,0.5,56,two,3,8,2.0
mendelssohn,1,24.0,0.5,73,one,1,8,2.5
mendelssohn,1,24.0,0.5,61,two,3,8,2.5
schumann,1,0.0,1.0,60,up,4,1,-1.0
schumann,1,1.0,2.0,65,up,4,1,0.0
schumann,1,1.0,1.0,41,down,9,1,0.0
schumann,1,1.0,4.0,41,down,10,1,0.0
schumann,1,2.0,3.0,53,up,5,1,1.0
schumann,1,2.0,3.0,60,up,5,1,1.0
schumann,1,2.0,3.0,48,down,9,1,1.0
schumann,1,2.0,3.0,57,down,9,1,1.0
schumann,1,3.0,0.5,65,up,4,1,2.0
schumann,1,3.5,0.5,64,up,4,1,2.5
schumann,1,4.0,0.5,65,up,4,1,3.0
schumann,1,4.5,0.5,69,up,4,1,3.5
schumann,1,5.0,0.5,72,up,4,2,0.0
schumann,1,5.0,1.0,48,down,9,2,0.0
schumann,1,5.0,1.0,57,down,9,2,0.0
schumann,1,5.0,1.0,41,down,10,2,0.0
schumann,1,5.5,0.5,77,up,4,2,0.5
schumann,1,6.0,2.0,77,up,4,2,1.0
schumann,1,6.0,3.0,65,up,5,2,1.0
schumann,1,6.0,3.0,53,down,9,2,1.0
schumann,1,6.0,2.0,62,down,10,2,1.0
schumann,1,8.0,0.5,76,up,4,2,3.0
schumann,1,8.0,0.5,60,down,10,2,3.0
schumann,1,8.5,0.5,74,up,4,2,3.5
schumann,1,8.5,0.5,58,down,10,2,3.5
schumann,1,9.0,0.5,72,up,4,3,0.0
schumann,1,9.0,1.0,65,up,5,3,0.0
schumann,1,9.0,1.0,48,down,9,3,0.0
schumann,1,9.0,1.0,57,down,10,3,0.0
schumann,1,9.5,0.5,77,up,4,3,0.5
schumann,1,10.0,0.5,67,up,4,3,1.0
schumann,1,10.0,2.0,64,up,5,3,1.0
schumann,1,10.0,2.0,48,down,9,3,1.0
schumann,1,10.0,0.5,58,down,10,3,1.0
schumann,1,10.5,0.5,69,up,4,3,1.5
schumann,1,10.5,0.5,57,down,10,3,1.5
schumann,1,11.0,0.5,70,up,4,3,2.0
schumann,1,11.0,1.0,55,down,10,3,2.0
schumann,1,11.5,0.5,74,up,4,3,2.5
schumann,1,12.0,0.5,65,up,4,3,3.0
schumann,1,12.0,1.0,60,up,5,3,3.0
schumann,1,12.0,0.5,45,down,9,3,3.0
schumann,1,12.0,0.5,53,down,10,3,3.0
schumann,1,12.5,0.5,64,up,4,3,3.5
schumann,1,12.5,0.5,67,up,4,3,3.5
schumann,1,12.5,0.5,48,down,9,3,3.5
schumann,1,12.5,0.5,55,down,10,3,3.5
schumann,1,13.0,0.5,65,up,4,4,0.0
schumann,1,13.0,0.5,69,up,4,4,0.0
schumann,1,13.0,1.0,60,up,5,4,0.0
schumann,1,13.0,1.0,53,down,9,4,0.0
schumann,1,13.0,1.0,57,down,10,4,0.0
schumann,1,13.5,0.5,72,up,4,4,0.5
schumann,1,14.0,2.0,64,up,4,4,1.0
schumann,1,14.0,2.0,67,up,4,4,1.0
schumann,1,14.0,2.0,60,up,5,4,1.0
schumann,1,14.0,0.5,48,down,9,4,1.0
schumann,1,14.0,2.0,55,down,10,4,1.0
schumann,1,14.5,0.5,50,down,9,4,1.5
schumann,1,15.0,0.5,48,down,9,4,2.0
schumann,1,15.5,0.5,46,down,9,4,2.5
schumann,1,16.0,1.0,60,up,4,4,3.0
schumann,1,16.0,1.0,60,up,5,4,3.0
schumann,1,16.0,0.5,43,down,9,4,3.0
schumann,1,16.5,0.5,45,down,9,4,3.5
schumann,1,17.0,2.0,65,up,4,5,0.0
schumann,1,17.0,1.0,41,down,9,5,0.0
schumann,1,17.0,4.0,41,down,10,5,0.0
schumann,1,18.0,3.0,53,up,5,5,1.0
schumann,1,18.0,3.0,60,up,5,5,1.0
schumann,1,18.0,3.0,48,down,9,5,1.0
schumann,1,18.0,3.0,57,down,9,5,1.0
schumann,1,19.0,0.5,65,up,4,5,2.0
schumann,1,19.5,0.5,64,up,4,5,2.5
schumann,1,20.0,0.5,65,up,4,5,3.0
schumann,1,20.5,0.5,69,up,4,5,3.5
schumann,1,21.0,0.5,72,up,4,6,0.0
schumann,1,21.0,1.0,48,down,9,6,0.0
schumann,1,21.0,1.0,57,down,9,6,0.0
schumann,1,21.0,1.0,41,down,10,6,0.0
schumann,1,21.5,0.5,81,up,4,6,0.5
schumann,1,22.0,1.5,81,up,4,6,1.0
schumann,1,22.0,3.0,67,up,5,6,1.0
schumann,1,22.0,3.0,69,up,5,6,1.0
schumann,1,22.0,3.0,57,down,9,6,1.0
schumann,1,22.0,3.0,64,down,10,6,1.0
schumann,1,23.5,0.5,79,up,4,6,2.5
schumann,1,24.0,0.5,77,up,4,6,3.0
schumann,1,24.5,0.5,76,up,4,6,3.5
schumann,1,25.0,0.5,77,up,4,7,0.0
schumann,1,25.0,1.5,69,up,5,7,0.0
schumann,1,25.0,1.5,57,down,9,7,0.0
schumann,1,25.0,1.5,50,down,9,7,0.0
schumann,1,25.0,1.5,62,down,10,7,0.0
schumann,1,25.5,0.5,81,up,4,7,0.5
schumann,1,26.0,0.5,74,up,4,7,1.0
schumann,1,26.5,0.5,77,up,4,7,1.5
schumann,1,26.5,0.5,68,up,5,7,1.5
schumann,1,26.5,0.5,53,down,9,7,1.5
schumann,1,26.5,0.5,60,down,9,7,1.5
schumann,1,27.0,1.5,76,up,4,7,2.0
schumann,1,27.0,0.5,67,up,5,7,2.0
schumann,1,27.0,1.5,55,down,9,7,2.0
schumann,1,27.0,1.5,60,down,9,7,2.0
schumann,1,27.5,0.5,72,up,5,7,2.5
schumann,1,28.0,0.5,64,up,5,7,3.0
schumann,1,28.5,0.5,75,up,4,7,3.5
schumann,1,28.5,0.5,66,up,5,7,3.5
schumann,1,28.5,0.5,57,down,9,7,3.5
schumann,1,28.5,0.5,60,down,10,7,3.5
schumann,1,29.0,1.0,74,up,4,8,0.0
schumann,1,29.0,2.0,65,up,5,8,0.0
schumann,1,29.0,2.0,55,down,9,8,0.0
schumann,1,29.0,0.5,59,down,10,8,0.0
schumann,1,29.5,0.5,67,down,10,8,0.5
schumann,1,30.0,1.0,76,up,4,8,1.0
schumann,1,30.0,0.5,57,down,10,8,1.0
schumann,1,30.5,0.5,59,down,10,8,1.5
schumann,1,31.0,1.0,72,up,4,8,2.0
schumann,1,31.0,1.0,64,up,5,8,2.0
schumann,1,31.0,0.5,48,down,9,8,2.0
schumann,1,31.0,0.5,60,down,10,8,2.0
schumann,1,31.5,0.5,50,down,9,8,2.5
schumann,1,32.0,0.5,46,down,9,8,3.0
schumann,1,32.5,0.5,60,up,4,8,3.5
schumann,1,32.5,0.5,43,down,9,8,3.5
chopin,1,0.0,0.5,70,upper,1,1,-0.5
chopin,1,0.5,1.5,79,upper,1,1,0.0
chopin,1,0.5,0.5,39,lower,2,1,0.0
chopin,1,1.0,0.5,55,lower,2,1,0.5
chopin,1,1.0,0.5,63,lower,2,1,0.5
chopin,1,1.5,0.5,58,lower,2,1,1.0
chopin,1,1.5,0.5,63,lower,2,1,1.0
chopin,1,1.5,0.5,67,lower,2,1,1.0
chopin,1,2.0,0.5,79,upper,1,1,1.5
chopin,1,2.0,0.5,51,lower,2,1,1.5
chopin,1,2.5,0.5,77,upper,1,1,2.0
chopin,1,2.5,0.5,56,lower,2,1,2.0
chopin,1,2.5,0.5,62,lower,2,1,2.0
chopin,1,3.0,0.5,79,upper,1,1,2.5
chopin,1,3.0,0.5,59,lower,2,1,2.5
chopin,1,3.0,0.5,62,lower,2,1,2.5
chopin,1,3.0,0.5,68,lower,2,1,2.5
chopin,1,3.5,1.5,77,upper,1,1,3.0
chopin,1,3.5,0.5,39,lower,2,1,3.0
chopin,1,4.0,0.5,55,lower,2,1,3.5
chopin,1,4.0,0.5,63,lower,2,1,3.5
chopin,1,4.5,0.5,58,lower,2,1,4.0
chopin,1,4.5,0.5,63,lower,2,1,4.0
chopin,1,4.5,0.5,67,lower,2,1,4.0
chopin,1,5.0,1.0,75,upper,1,1,4.5
chopin,1,5.0,0.5,38,lower,2,1,4.5
chopin,1,5.5,0.5,55,lower,2,1,5.0
chopin,1,5.5,0.5,63,lower,2,1,5.0
chopin,1,6.0,0.5,70,upper,1,1,5.5
chopin,1,6.0,0.5,58,lower,2,1,5.5
chopin,1,6.0,0.5,63,lower,2,1,5.5
chopin,1,6.0,0.5,67,lower,2,1,5.5
chopin,1,6.5,1.0,79,upper,1,2,0.0
chopin,1,6.5,0.5,36,lower,2,2,0.0
chopin,1,7.0,0.5,55,lower,2,2,0.5
chopin,1,7.0,0.5,64,lower,2,2,0.5
chopin,1,7.5,0.5,72,upper,1,2,1.0
chopin,1,7.5,0.5,58,lower,2,2,1.0
chopin,1,7.5,0.5,64,lower,2,2,1.0
chopin,1,7.5,0.5,67,lower,2,2,1.0
chopin,1,8.0,1.0,84,upper,1,2,1.5
chopin,1,8.0,0.5,48,lower,2,2,1.5
chopin,1,8.5,0.5,55,lower,2,2,2.0
chopin,1,8.5,0.5,64,lower,2,2,2.0
chopin,1,9.0,0.5,79,upper,1,2,2.5
chopin,1,9.0,0.5,60,lower,2,2,2.5
chopin,1,9.0,0.5,64,lower,2,2,2.5
chopin,1,9.0,0.5,70,lower,2,2,2.5
chopin,1,9.5,1.5,82,upper,1,2,3.0
chopin,1,9.5,0.5,41,lower,2,2,3.0
chopin,1,10.0,0.5,53,lower,2,2,3.5
chopin,1,10.0,0.5,61,lower,2,2,3.5
chopin,1,10.5,0.5,58,lower,2,2,4.0
chopin,1,10.5,0.5,61,lower,2,2,4.0
chopin,1,10.5,0.5,64,lower,2,2,4.0
chopin,1,11.0,1.0,80,upper,1,2,4.5
chopin,1,11.0,0.5,41,lower,2,2,4.5
chopin,1,11.5,0.5,53,lower,2,2,5.0
chopin,1,11.5,0.5,60,lower,2,2,5.0
chopin,1,12.0,0.5,79,upper,1,2,5.5
chopin,1,12.0,0.5,56,lower,2,2,5.5
chopin,1,12.0,0.5,60,lower,2,2,5.5
chopin,1,12.0,0.5,65,lower,2,2,5.5
chopin,1,12.5,1.5,77,upper,1,3,0.0
chopin,1,12.5,0.5,46,lower,2,3,0.0
chopin,1,13.0,0.5,53,lower,2,3,0.5
chopin,1,13.0,0.5,62,lower,2,3,0.5
chopin,1,13.5,0.5,58,lower,2,3,1.0
chopin,1,13.5,0.5,62,lower,2,3,1.0
chopin,1,13.5,0.5,68,lower,2,3,1.0
chopin,1,14.0,1.0,79,upper,1,3,1.5
chopin,1,14.0,0.5,47,lower,2,3,1.5
chopin,1,14.5,0.5,55,lower,2,3,2.0
chopin,1,14.5,0.5,65,lower,2,3,2.0
chopin,1,15.0,0.5,74,upper,1,3,2.5
chopin,1,15.0,0.5,62,lower,2,3,2.5
chopin,1,15.0,0.5,65,lower,2,3,2.5
chopin,1,15.0,0.5,67,lower,2,3,2.5
chopin,1,15.5,1.5,75,upper,1,3,3.0
chopin,1,15.5,0.5,48,lower,2,3,3.0
chopin,1,16.0,0.5,55,lower,2,3,3.5
chopin,1,16.0,0.5,63,lower,2,3,3.5
chopin,1,16.5,0.5,60,lower,2,3,4.0
chopin,1,16.5,0.5,63,lower,2,3,4.0
chopin,1,16.5,0.5,67,lower,2,3,4.0
chopin,1,17.0,1.5,72,upper,1,3,4.5
chopin,1,17.0,0.5,45,lower,2,3,4.5
chopin,1,17.5,0.5,54,lower,2,3,5.0
chopin,1,17.5,0.5,63,lower,2,3,5.0
chopin,1,18.0,0.5,60,lower,2,3,5.5
chopin,1,18.0,0.5,63,lower,2,3,5.5
chopin,1,18.0,0.5,66,lower,2,3,5.5
chopin,1,18.5,0.5,70,upper,1,4,0.0
chopin,1,18.5,0.5,46,lower,2,4,0.0
chopin,1,19.0,0.5,86,upper,1,4,0.5
chopin,1,19.0,0.5,53,lower,2,4,0.5
chopin,1,19.0,0.5,63,lower,2,4,0.5
chopin,1,19.5,0.5,84,upper,1,4,1.0
chopin,1,19.5,0.5,58,lower,2,4,1.0
chopin,1,19.5,0.5,63,lower,2,4,1.0
chopin,1,19.5,0.5,68,lower,2,4,1.0
chopin,1,20.0,0.25,82,upper,1,4,1.5
chopin,1,20.0,0.5,34,lower,2,4,1.5
chopin,1,20.25,0.25,80,upper,1,4,1.75
chopin,1,20.5,0.25,79,upper,1,4,2.0
chopin,1,20.5,0.5,53,lower,2,4,2.0
chopin,1,20.5,0.5,62,lower,2,4,2.0
chopin,1,20.75,0.25,80,upper,1,4,2.25
chopin,1,21.0,0.25,72,upper,1,4,2.5
chopin,1,21.0,0.5,58,lower,2,4,2.5
chopin,1,21.0,0.5,68,lower,2,4,2.5
chopin,1,21.25,0.25,74,upper,1,4,2.75
chopin,1,21.5,1.5,75,upper,1,4,3.0
chopin,1,21.5,0.5,39,lower,2,4,3.0
chopin,1,22.0,0.5,55,lower,2,4,3.5
chopin,1,22.0,0.5,63,lower,2,4,3.5
chopin,1,22.5,0.5,58,lower,2,4,4.0
chopin,1,22.5,0.5,63,lower,2,4,4.0
chopin,1,22.5,0.5,67,lower,2,4,4.0
chopin,1,23.0,0.5,51,lower,2,4,4.5
chopin,1,23.5,0.5,55,lower,2,4,5.0
chopin,1,23.5,0.5,63,lower,2,4,5.0
chopin,1,24.0,0.5,70,upper,1,4,5.5
chopin,1,24.0,0.5,58,lower,2,4,5.5
chopin,1,24.0,0.5,63,lower,2,4,5.5
chopin,1,24.0,0.5,67,lower,2,4,5.5
chopin,1,24.5,1.5,79,upper,1,5,0.0
chopin,1,24.5,0.5,51,lower,2,5,0.0
chopin,1,25.0,0.5,55,lower,2,5,0.5
chopin,1,25.0,0.5,63,lower,2,5,0.5
chopin,1,25.5,0.5,58,lower,2,5,1.0
chopin,1,25.5,0.5,63,lower,2,5,1.0
chopin,1,25.5,0.5,67,lower,2,5,1.0
chopin,1,26.0,0.25,77,upper,1,5,1.5
chopin,1,26.0,0.5,51,lower,2,5,1.5
chopin,1,26.25,0.25,79,upper,1,5,1.75
chopin,1,26.5,0.25,77,upper,1,5,2.0
chopin,1,26.5,0.5,56,lower,2,5,2.0
chopin,1,26.5,0.5,62,lower,2,5,2.0
chopin,1,26.75,0.25,76,upper,1,5,2.25
chopin,1,27.0,0.25,77,upper,1,5,2.5
chopin,1,27.0,0.5,59,lower,2,5,2.5
chopin,1,27.0,0.5,62,lower,2,5,2.5
chopin,1,27.0,0.5,68,lower,2,5,2.5
chopin,1,27.25,0.25,79,upper,1,5,2.75
chopin,1,27.5,0.5,77,upper,1,5,3.0
chopin,1,27.5,0.5,51,lower,2,5,3.0
chopin,1,28.0,1.0,75,upper,1,5,3.5
chopin,1,28.0,0.5,55,lower,2,5,3.5
chopin,1,28.0,0.5,63,lower,2,5,3.5
chopin,1,28.5,0.5,58,lower,2,5,4.0
chopin,1,28.5,0.5,63,lower,2,5,4.0
chopin,1,28.5,0.5,67,lower,2,5,4.0
chopin,1,29.0,0.25,75,upper,1,5,4.5
chopin,1,29.0,0.5,50,lower,2,5,4.5
chopin,1,29.25,0.25,77,upper,1,5,4.75
chopin,1,29.5,0.25,75,upper,1,5,5.0
chopin,1,29.5,0.5,55,lower,2,5,5.0
chopin,1,29.5,0.5,63,lower,2,5,5.0
chopin,1,29.75,0.25,74,upper,1,5,5.25
chopin,1,30.0,0.25,75,upper,1,5,5.5
chopin,1,30.0,0.5,58,lower,2,5,5.5
chopin,1,30.0,0.5,63,lower,2,5,5.5
chopin,1,30.0,0.5,67,lower,2,5,5.5
chopin,1,30.25,0.25,77,upper,1,5,5.75
chopin,1,30.5,0.25,79,upper,1,6,0.0
chopin,1,30.5,0.5,48,lower,2,6,0.0
chopin,1,30.75,0.25,71,upper,1,6,0.25
chopin,1,31.0,0.25,72,upper,1,6,0.5
chopin,1,31.0,0.5,55,lower,2,6,0.5
chopin,1,31.0,0.5,64,lower,2,6,0.5
chopin,1,31.25,0.25,73,upper,1,6,0.75
chopin,1,31.5,0.25,72,upper,1,6,1.0
chopin,1,31.5,0.5,58,lower,2,6,1.0
chopin,1,31.5,0.5,64,lower,2,6,1.0
chopin,1,31.5,0.5,67,lower,2,6,1.0
chopin,1,31.75,0.25,77,upper,1,6,1.25
chopin,1,32.0,0.25,76,upper,1,6,1.5
chopin,1,32.0,0.5,48,lower,2,6,1.5
chopin,1,32.25,0.25,80,upper,1,6,1.75
chopin,1,32.5,0.25,79,upper,1,6,2.0
chopin,1,32.5,0.5,55,lower,2,6,2.0
chopin,1,32.5,0.5,64,lower,2,6,2.0
chopin,1,32.75,0.25,85,upper,1,6,2.25
chopin,1,33.0,0.25,84,upper,1,6,2.5
chopin,1,33.0,0.5,60,lower,2,6,2.5
chopin,1,33.0,0.5,64,lower,2,6,2.5
chopin,1,33.0,0.5,70,lower,2,6,2.5
chopin,1,33.25,0.25,79,upper,1,6,2.75
chopin,1,33.5,1.5,82,upper,1,6,3.0
chopin,1,33.5,0.5,41,lower,2,6,3.0
chopin,1,34.0,0.5,53,lower,2,6,3.5
chopin,1,34.0,0.5,61,lower,2,6,3.5
chopin,1,34.5,0.5,58,lower,2,6,4.0
chopin,1,34.5,0.5,61,lower,2,6,4.0
chopin,1,34.5,0.5,64,lower,2,6,4.0
chopin,1,35.0,1.0,80,upper,1,6,4.5
chopin,1,35.0,0.5,41,lower,2,6,4.5
chopin,1,35.5,0.5,53,lower,2,6,5.0
chopin,1,35.5,0.5,60,lower,2,6,5.0
chopin,1,36.0,0.5,79,upper,1,6,5.5
chopin,1,36.0,0.5,56,lower,2,6,5.5
chopin,1,36.0,0.5,60,lower,2,6,5.5
chopin,1,36.0,0.5,65,lower,2,6,5.5
chopin,1,36.5,1.5,77,upper,1,7,0.0
chopin,1,36.5,0.5,46,lower,2,7,0.0
chopin,1,37.0,0.5,53,lower,2,7,0.5
chopin,1,37.0,0.5,62,lower,2,7,0.5
chopin,1,37.5,0.5,58,lower,2,7,1.0
chopin,1,37.5,0.5,62,lower,2,7,1.0
chopin,1,37.5,0.5,68,lower,2,7,1.0
chopin,1,38.0,0.5,79,upper,1,7,1.5
chopin,1,38.0,0.5,47,lower,2,7,1.5
chopin,1,38.5,0.5,79,upper,1,7,2.0
chopin,1,38.5,0.5,55,lower,2,7,2.0
chopin,1,38.5,0.5,65,lower,2,7,2.0
chopin,1,39.0,0.5,74,upper,1,7,2.5
chopin,1,39.0,0.5,62,lower,2,7,2.5
chopin,1,39.0,0.5,65,lower,2,7,2.5
chopin,1,39.0,0.5,67,lower,2,7,2.5
chopin,1,39.5,1.5,75,upper,1,7,3.0
chopin,1,39.5,0.5,48,lower,2,7,3.0
chopin,1,40.0,0.5,55,lower,2,7,3.5
chopin,1,40.0,0.5,63,lower,2,7,3.5
chopin,1,40.5,0.5,60,lower,2,7,4.0
chopin,1,40.5,0.5,63,lower,2,7,4.0
chopin,1,40.5,0.5,67,lower,2,7,4.0
chopin,1,41.0,1.5,72,upper,1,7,4.5
chopin,1,41.0,0.5,45,lower,2,7,4.5
chopin,1,41.5,0.5,54,lower,2,7,5.0
chopin,1,41.5,0.5,63,lower,2,7,5.0
chopin,1,42.0,0.5,60,lower,2,7,5.5
chopin,1,42.0,0.5,63,lower,2,7,5.5
chopin,1,42.0,0.5,66,lower,2,7,5.5
chopin,1,42.5,0.5,70,upper,1,8,0.0
chopin,1,42.5,0.5,46,lower,2,8,0.0
chopin,1,43.0,0.5,86,upper,1,8,0.5
chopin,1,43.0,0.5,53,lower,2,8,0.5
chopin,1,43.0,0.5,63,lower,2,8,0.5
chopin,1,43.5,0.5,84,upper,1,8,1.0
chopin,1,43.5,0.5,58,lower,2,8,1.0
chopin,1,43.5,0.5,63,lower,2,8,1.0
chopin,1,43.5,0.5,68,lower,2,8,1.0
chopin,1,44.0,0.25,82,upper,1,8,1.5
chopin,1,44.0,0.5,34,lower,2,8,1.5
chopin,1,44.25,0.25,80,upper,1,8,1.75
chopin,1,44.5,0.25,79,upper,1,8,2.0
chopin,1,44.5,0.5,53,lower,2,8,2.0
chopin,1,44.5,0.5,62,lower,2,8,2.0
chopin,1,44.75,0.25,80,upper,1,8,2.25
chopin,1,45.0,0.25,72,upper,1,8,2.5
chopin,1,45.0,0.5,58,lower,2,8,2.5
chopin,1,45.0,0.5,68,lower,2,8,2.5
chopin,1,45.25,0.25,74,upper,1,8,2.75
chopin,1,45.5,1.5,75,upper,1,8,3.0
chopin,1,45.5,0.5,39,lower,2,8,3.0
chopin,1,46.0,0.5,55,lower,2,8,3.5
chopin,1,46.0,0.5,63,lower,2,8,3.5
chopin,1,46.5,0.5,58,lower,2,8,4.0
chopin,1,46.5,0.5,63,lower,2,8,4.0
chopin,1,46.5,0.5,67,lower,2,8,4.0
chopin,1,47.0,0.5,75,upper,1,8,4.5
chopin,1,47.0,0.5,51,lower,2,8,4.5
chopin,1,47.5,0.5,74,upper,1,8,5.0
chopin,1,47.5,0.5,55,lower,2,8,5.0
chopin,1,47.5,0.5,63,lower,2,8,5.0
chopin,1,48.0,0.5,75,upper,1,8,5.5
chopin,1,48.0,0.5,58,lower,2,8,5.5
chopin,1,48.0,0.5,63,lower,2,8,5.5
chopin,1,48.0,0.5,67,lower,2,8,5.5
liszt,1,0.0,4.0,37,down,4,1,0.0
liszt,1,0.3333333333333333,0.3333333333333333,53,down,3,1,0.3333333333333333
liszt,1,0.6666666666666666,0.3333333333333333,61,down,3,1,0.6666666666666666
liszt,1,1.0,0.3333333333333333,56,down,3,1,1.0
liszt,1,1.3333333333333333,0.3333333333333333,65,down,3,1,1.3333333333333333
liszt,1,1.6666666666666667,0.3333333333333333,61,down,3,1,1.6666666666666667
liszt,1,2.0,0.3333333333333333,56,down,3,1,2.0
liszt,1,2.3333333333333335,0.3333333333333333,53,down,3,1,2.3333333333333335
liszt,1,2.6666666666666665,0.3333333333333333,61,down,3,1,2.6666666666666665
liszt,1,3.0,0.3333333333333333,56,down,3,1,3.0
liszt,1,3.3333333333333335,0.3333333333333333,65,down,3,1,3.3333333333333335
liszt,1,3.6666666666666665,0.3333333333333333,61,down,3,1,3.6666666666666665
liszt,1,4.0,4.0,37,down,4,2,0.0
liszt,1,4.333333333333333,0.3333333333333333,53,down,3,2,0.3333333333333333
liszt,1,4.666666666666667,0.3333333333333333,61,down,3,2,0.6666666666666666
liszt,1,5.0,0.3333333333333333,56,down,3,2,1.0
liszt,1,5.333333333333333,0.3333333333333333,65,down,3,2,1.3333333333333333
liszt,1,5.666666666666667,0.3333333333333333,61,down,3,2,1.6666666666666667
liszt,1,6.0,0.3333333333333333,56,down,3,2,2.0
liszt,1,6.333333333333333,0.3333333333333333,53,down,3,2,2.3333333333333335
liszt,1,6.666666666666667,0.3333333333333333,61,down,3,2,2.6666666666666665
liszt,1,7.0,0.3333333333333333,56,down,3,2,3.0
liszt,1,7.333333333333333,0.3333333333333333,65,down,3,2,3.3333333333333335
liszt,1,7.666666666666667,0.3333333333333333,61,down,3,2,3.6666666666666665
liszt,1,8.0,4.0,37,down,4,3,0.0
liszt,1,8.333333333333334,0.3333333333333333,53,down,3,3,0.3333333333333333
liszt,1,8.666666666666666,0.3333333333333333,61,down,3,3,0.6666666666666666
liszt,1,9.0,0.3333333333333333,56,down,3,3,1.0
liszt,1,9.333333333333334,0.3333333333333333,65,down,3,3,1.3333333333333333
liszt,1,9.666666666666666,0.3333333333333333,61,down,3,3,1.6666666666666667
liszt,1,10.0,0.3333333333333333,56,down,3,3,2.0
liszt,1,10.333333333333334,0.3333333333333333,53,down,3,3,2.3333333333333335
liszt,1,10.666666666666666,0.3333333333333333,61,down,3,3,2.6666666666666665
liszt,1,11.0,1.0,77,up,1,3,3.0
liszt,1,11.0,0.3333333333333333,56,down,3,3,3.0
liszt,1,11.333333333333334,0.3333333333333333,65,down,3,3,3.3333333333333335
liszt,1,11.666666666666666,0.3333333333333333,61,down,3,3,3.6666666666666665
liszt,1,12.0,2.0,77,up,1,4,0.0
liszt,1,12.0,4.0,37,down,4,4,0.0
liszt,1,12.333333333333334,0.3333333333333333,55,down,3,4,0.3333333333333333
liszt,1,12.666666666666666,0.3333333333333333,61,down,3,4,0.6666666666666666
liszt,1,13.0,0.3333333333333333,58,down,3,4,1.0
liszt,1,13.333333333333334,0.3333333333333333,65,down,3,4,1.3333333333333333
liszt,1,13.666666666666666,0.3333333333333333,61,down,3,4,1.6666666666666667
liszt,1,14.0,0.5,70,up,1,4,2.0
liszt,1,14.0,0.3333333333333333,58,down,3,4,2.0
liszt,1,14.333333333333334,0.3333333333333333,55,down,3,4,2.3333333333333335
liszt,1,14.5,0.5,72,up,1,4,2.5
liszt,1,14.666666666666666,0.3333333333333333,61,down,3,4,2.6666666666666665
liszt,1,15.0,0.5,73,up,1,4,3.0
liszt,1,15.0,0.3333333333333333,58,down,3,4,3.0
liszt,1,15.333333333333334,0.3333333333333333,65,down,3,4,3.3333333333333335
liszt,1,15.5,0.5,77,up,1,4,3.5
liszt,1,15.666666666666666,0.3333333333333333,61,down,3,4,3.6666666666666665
liszt,1,16.0,2.0,77,up,1,5,0.0
liszt,1,16.0,4.0,37,down,4,5,0.0
liszt,1,16.333333333333332,0.3333333333333333,54,down,3,5,0.3333333333333333
liszt,1,16.666666666666668,0.3333333333333333,60,down,3,5,0.6666666666666666
liszt,1,17.0,0.3333333333333333,56,down,3,5,1.0
liszt,1,17.333333333333332,0.3333333333333333,65,down,3,5,1.3333333333333333
liszt,1,17.666666666666668,0.3333333333333333,60,down,3,5,1.6666666666666667
liszt,1,18.0,0.5,77,up,1,5,2.0
liszt,1,18.0,0.3333333333333333,56,down,3,5,2.0
liszt,1,18.333333333333332,0.3333333333333333,54,down,3,5,2.3333333333333335
liszt,1,18.5,0.5,75,up,1,5,2.5
liszt,1,18.666666666666668,0.3333333333333333,60,down,3,5,2.6666666666666665
liszt,1,19.0,0.5,77,up,1,5,3.0
liszt,1,19.0,0.3333333333333333,56,down,3,5,3.0
liszt,1,19.333333333333332,0.3333333333333333,63,down,3,5,3.3333333333333335
liszt,1,19.5,0.5,75,up,1,5,3.5
liszt,1,19.666666666666668,0.3333333333333333,60,down,3,5,3.6666666666666665
liszt,1,20.0,3.0,73,up,1,6,0.0
liszt,1,20.0,4.0,37,down,4,6,0.0
liszt,1,20.333333333333332,0.3333333333333333,53,down,3,6,0.3333333333333333
liszt,1,20.666666666666668,0.3333333333333333,61,down,3,6,0.6666666666666666
liszt,1,21.0,0.3333333333333333,56,down,3,6,1.0
liszt,1,21.333333333333332,0.3333333333333333,65,down,3,6,1.3333333333333333
liszt,1,21.666666666666668,0.3333333333333333,61,down,3,6,1.6666666666666667
liszt,1,22.0,0.3333333333333333,56,down,3,6,2.0
liszt,1,22.333333333333332,0.3333333333333333,53,down,3,6,2.3333333333333335
liszt,1,22.666666666666668,0.3333333333333333,61,down,3,6,2.6666666666666665
liszt,1,23.0,0.25,73,up,1,6,3.0
liszt,1,23.0,0.3333333333333333,56,down,3,6,3.0
liszt,1,23.25,0.25,77,up,1,6,3.25
liszt,1,23.333333333333332,0.3333333333333333,65,down,3,6,3.3333333333333335
liszt,1,23.5,0.25,73,up,1,6,3.5
liszt,1,23.666666666666668,0.3333333333333333,61,down,3,6,3.6666666666666665
liszt,1,23.75,0.25,82,up,1,6,3.75
liszt,1,24.0,1.0,80,up,1,7,0.0
liszt,1,24.0,4.0,37,down,4,7,0.0
liszt,1,24.333333333333332,0.3333333333333333,53,down,3,7,0.3333333333333333
liszt,1,24.666666666666668,0.3333333333333333,61,down,3,7,0.6666666666666666
liszt,1,25.0,0.3333333333333333,56,down,3,7,1.0
liszt,1,25.333333333333332,0.3333333333333333,65,down,3,7,1.3333333333333333
liszt,1,25.666666666666668,0.3333333333333333,61,down,3,7,1.6666666666666667
liszt,1,26.0,0.3333333333333333,56,down,3,7,2.0
liszt,1,26.333333333333332,0.3333333333333333,53,down,3,7,2.3333333333333335
liszt,1,26.666666666666668,0.3333333333333333,61,down,3,7,2.6666666666666665
liszt,1,27.0,1.0,77,up,1,7,3.0
liszt,1,27.0,0.3333333333333333,56,down,3,7,3.0
liszt,1,27.333333333333332,0.3333333333333333,65,down,3,7,3.3333333333333335
liszt,1,27.666666666666668,0.3333333333333333,61,down,3,7,3.6666666666666665
liszt,1,28.0,2.0,77,up,1,8,0.0
liszt,1,28.0,4.0,37,down,4,8,0.0
liszt,1,28.333333333333332,0.3333333333333333,55,down,3,8,0.3333333333333333
liszt,1,28.666666666666668,0.3333333333333333,61,down,3,8,0.6666666666666666
liszt,1,29.0,0.3333333333333333,58,down,3,8,1.0
liszt,1,29.333333333333332,0.3333333333333333,65,down,3,8,1.3333333333333333
liszt,1,29.666666666666668,0.3333333333333333,61,down,3,8,1.6666666666666667
liszt,1,30.0,0.5,70,up,1,8,2.0
liszt,1,30.0,0.3333333333333333,58,down,3,8,2.0
liszt,1,30.333333333333332,0.3333333333333333,55,down,3,8,2.3333333333333335
liszt,1,30.5,0.5,72,up,1,8,2.5
liszt,1,30.666666666666668,0.3333333333333333,61,down,3,8,2.6666666666666665
liszt,1,31.0,0.5,73,up,1,8,3.0
liszt,1,31.0,0.3333333333333333,58,down,3,8,3.0
liszt,1,31.333333333333332,0.3333333333333333,65,down,3,8,3.3333333333333335
liszt,1,31.5,0.5,77,up,1,8,3.5
liszt,1,31.666666666666668,0.33333333333333215,61,down,3,8,3.6666666666666665
brahms,1,0.0,0.5,73,up,2,1,-1.0
brahms,1,0.0,0.5,69,up,3,1,-1.0
brahms,1,0.0,1.0,45,down,6,1,-1.0
brahms,1,0.0,1.0,52,down,6,1,-1.0
brahms,1,0.5,0.5,71,up,2,1,-0.5
brahms,1,0.5,0.5,68,up,3,1,-0.5
brahms,1,1.0,2.0,66,up,2,1,0.0
brahms,1,1.0,2.0,74,up,2,1,0.0
brahms,1,1.0,0.5,66,up,3,1,0.0
brahms,1,1.0,1.0,33,down,6,1,0.0
brahms,1,1.5,0.5,62,up,3,1,0.5
brahms,1,2.0,0.5,57,down,3,1,1.0
brahms,1,2.5,0.5,54,down,3,1,1.5
brahms,1,3.0,0.5,73,up,2,1,2.0
brahms,1,3.0,0.5,69,up,3,1,2.0
brahms,1,3.0,1.0,45,down,6,1,2.0
brahms,1,3.0,1.0,50,down,6,1,2.0
brahms,1,3.5,0.5,71,up,2,1,2.5
brahms,1,3.5,0.5,68,up,3,1,2.5
brahms,1,4.0,2.0,66,up,2,2,0.0
brahms,1,4.0,2.0,81,up,2,2,0.0
brahms,1,4.0,0.5,33,down,6,2,0.0
brahms,1,4.5,0.5,50,down,6,2,0.5
brahms,1,5.0,0.5,45,down,6,2,1.0
brahms,1,5.5,0.5,42,down,6,2,1.5
brahms,1,6.0,0.75,69,up,2,2,2.0
brahms,1,6.0,1.0,66,up,3,2,2.0
brahms,1,6.0,0.5,38,down,6,2,2.0
brahms,1,6.5,0.5,50,down,6,2,2.5
brahms,1,6.75,0.25,71,up,2,2,2.75
brahms,1,7.0,0.75,71,up,2,3,0.0
brahms,1,7.0,1.0,64,up,3,3,0.0
brahms,1,7.0,1.0,68,up,3,3,0.0
brahms,1,7.0,0.5,50,down,6,3,0.0
brahms,1,7.0,0.5,52,down,6,3,0.0
brahms,1,7.0,0.5,56,down,6,3,0.0
brahms,1,7.5,0.5,59,down,6,3,0.5
brahms,1,7.75,0.25,76,up,2,3,0.75
brahms,1,8.0,1.0,76,up,2,3,1.0
brahms,1,8.0,1.0,64,up,3,3,1.0
brahms,1,8.0,1.0,69,up,3,3,1.0
brahms,1,8.0,0.5,49,down,6,3,1.0
brahms,1,8.0,0.5,52,down,6,3,1.0
brahms,1,8.5,0.5,57,down,6,3,1.5
brahms,1,9.0,1.0,74,up,2,3,2.0
brahms,1,9.0,1.0,66,up,3,3,2.0
brahms,1,9.0,0.5,35,down,6,3,2.0
brahms,1,9.5,0.5,50,down,6,3,2.5
brahms,1,10.0,1.0,61,up,2,4,0.0
brahms,1,10.0,1.0,69,up,2,4,0.0
brahms,1,10.0,0.5,40,down,6,4,0.0
brahms,1,10.5,0.5,52,down,6,4,0.5
brahms,1,11.0,1.0,59,up,2,4,1.0
brahms,1,11.0,1.0,68,up,2,4,1.0
brahms,1,11.0,0.5,52,down,5,4,1.0
brahms,1,11.0,1.0,52,down,6,4,1.0
brahms,1,11.5,0.5,54,down,5,4,1.5
brahms,1,12.0,0.5,73,up,2,4,2.0
brahms,1,12.0,1.0,64,up,3,4,2.0
brahms,1,12.0,1.0,55,down,5,4,2.0
brahms,1,12.0,1.0,52,down,6,4,2.0
brahms,1,12.5,0.5,71,up,2,4,2.5
brahms,1,13.0,2.0,69,up,2,5,0.0
brahms,1,13.0,2.0,74,up,2,5,0.0
brahms,1,13.0,0.5,69,up,3,5,0.0
brahms,1,13.0,1.0,42,down,6,5,0.0
brahms,1,13.5,0.5,62,up,3,5,0.5
brahms,1,14.0,0.5,57,down,3,5,1.0
brahms,1,14.5,0.5,54,down,3,5,1.5
brahms,1,15.0,0.5,73,up,2,5,2.0
brahms,1,15.0,1.0,64,up,3,5,2.0
brahms,1,15.0,1.0,69,up,3,5,2.0
brahms,1,15.0,1.0,40,down,6,5,2.0
brahms,1,15.5,0.5,71,up,2,5,2.5
brahms,1,16.0,2.0,69,up,2,6,0.0
brahms,1,16.0,2.0,71,up,2,6,0.0
brahms,1,16.0,2.0,78,up,2,6,0.0
brahms,1,16.0,2.0,81,up,2,6,0.0
brahms,1,16.0,0.5,39,down,6,6,0.0
brahms,1,16.5,0.5,47,down,6,6,0.5
brahms,1,17.0,0.5,51,down,6,6,1.0
brahms,1,17.0,0.5,54,down,6,6,1.0
brahms,1,17.5,0.5,59,down,6,6,1.5
brahms,1,18.0,0.75,73,up,2,6,2.0
brahms,1,18.0,1.0,66,up,3,6,2.0
brahms,1,18.0,1.0,71,up,3,6,2.0
brahms,1,18.0,0.5,45,down,6,6,2.0
brahms,1,18.0,0.5,47,down,6,6,2.0
brahms,1,18.5,0.5,57,down,6,6,2.5
brahms,1,18.75,0.25,75,up,2,6,2.75
brahms,1,19.0,0.75,75,up,2,7,0.0
brahms,1,19.0,1.0,66,up,3,7,0.0
brahms,1,19.0,1.0,71,up,3,7,0.0
brahms,1,19.0,0.5,44,down,6,7,0.0
brahms,1,19.0,0.5,47,down,6,7,0.0
brahms,1,19.5,0.5,56,down,6,7,0.5
brahms,1,19.75,0.25,76,up,2,7,0.75
brahms,1,20.0,1.0,76,up,2,7,1.0
brahms,1,20.0,1.0,64,up,3,7,1.0
brahms,1,20.0,1.0,73,up,3,7,1.0
brahms,1,20.0,0.5,45,down,6,7,1.0
brahms,1,20.0,0.5,54,down,6,7,1.0
brahms,1,20.5,0.5,57,down,6,7,1.5
brahms,1,21.0,1.0,57,up,2,7,2.0
brahms,1,21.0,1.0,63,up,2,7,2.0
brahms,1,21.0,1.0,66,up,2,7,2.0
brahms,1,21.0,1.0,47,down,5,7,2.0
brahms,1,21.0,0.5,47,down,6,7,2.0
brahms,1,21.5,0.5,54,down,6,7,2.5
brahms,1,22.0,1.0,57,up,2,8,0.0
brahms,1,22.0,1.0,63,up,2,8,0.0
brahms,1,22.0,1.0,69,up,2,8,0.0
brahms,1,22.0,0.5,40,down,5,8,0.0
brahms,1,22.0,2.0,40,down,6,8,0.0
brahms,1,22.5,1.0,47,down,5,8,0.5
brahms,1,23.0,1.0,56,up,2,8,1.0
brahms,1,23.0,1.0,64,up,2,8,1.0
brahms,1,23.0,1.0,68,up,2,8,1.0
brahms,1,23.5,0.5,52,down,5,8,1.5
brahms,1,24.0,0.5,73,up,2,8,2.0
brahms,1,24.0,0.5,69,up,3,8,2.0
brahms,1,24.0,1.0,52,down,5,8,2.0
brahms,1,24.0,1.0,45,down,6,8,2.0
brahms,1,24.5,0.5,71,up,2,8,2.5
brahms,1,24.5,0.5,68,up,3,8,2.5
grieg,1,0.0,1.0,38,lower,2,1,0.0
grieg,1,0.0,1.0,45,lower,2,1,0.0
grieg,1,1.0,0.5,50,upper,1,1,1.0
grieg,1,1.0,0.5,57,upper,1,1,1.0
grieg,1,1.5,0.5,50,upper,1,1,1.5
grieg,1,1.5,0.5,57,upper,1,1,1.5
grieg,1,2.0,1.0,50,upper,1,1,2.0
grieg,1,2.0,1.0,57,upper,1,1,2.0
grieg,1,3.0,0.5,38,lower,2,1,3.0
grieg,1,3.0,0.5,45,lower,2,1,3.0
grieg,1,3.5,0.5,38,lower,2,1,3.5
grieg,1,3.5,0.5,45,lower,2,1,3.5
grieg,1,4.0,1.0,38,lower,2,2,0.0
grieg,1,4.0,1.0,45,lower,2,2,0.0
grieg,1,5.0,0.5,50,upper,1,2,1.0
grieg,1,5.0,0.5,57,upper,1,2,1.0
grieg,1,5.5,0.5,50,upper,1,2,1.5
grieg,1,5.5,0.5,57,upper,1,2,1.5
grieg,1,6.0,1.0,50,upper,1,2,2.0
grieg,1,6.0,1.0,57,upper,1,2,2.0
grieg,1,7.0,0.5,38,lower,2,2,3.0
grieg,1,7.0,0.5,45,lower,2,2,3.0
grieg,1,7.5,0.16666666666666666,69,upper,1,2,3.5
grieg,1,7.5,0.5,38,lower,2,2,3.5
grieg,1,7.5,0.5,45,lower,2,2,3.5
grieg,1,7.666666666666667,0.16666666666666666,71,upper,1,2,3.6666666666666665
grieg,1,7.833333333333333,0.16666666666666666,69,upper,1,2,3.8333333333333335
grieg,1,8.0,0.5,66,upper,3,3,0.0
grieg,1,8.0,1.0,66,upper,4,3,0.0
grieg,1,8.0,1.0,38,lower,2,3,0.0
grieg,1,8.0,1.0,45,lower,2,3,0.0
grieg,1,8.5,0.5,69,upper,3,3,0.5
grieg,1,9.0,0.5,74,upper,3,3,1.0
grieg,1,9.0,0.5,66,upper,4,3,1.0
grieg,1,9.0,0.5,50,lower,2,3,1.0
grieg,1,9.0,0.5,57,lower,2,3,1.0
grieg,1,9.5,0.5,78,upper,3,3,1.5
grieg,1,9.5,0.5,66,upper,4,3,1.5
grieg,1,9.5,0.5,50,lower,2,3,1.5
grieg,1,9.5,0.5,57,lower,2,3,1.5
grieg,1,10.0,0.5,76,upper,3,3,2.0
grieg,1,10.0,1.0,66,upper,4,3,2.0
grieg,1,10.0,1.0,50,lower,2,3,2.0
grieg,1,10.0,1.0,57,lower,2,3,2.0
grieg,1,10.5,0.5,74,upper,3,3,2.5
grieg,1,11.0,0.5,66,upper,3,3,3.0
grieg,1,11.0,0.5,66,upper,4,3,3.0
grieg,1,11.0,0.5,38,lower,2,3,3.0
grieg,1,11.0,0.5,45,lower,2,3,3.0
grieg,1,11.5,0.5,69,upper,3,3,3.5
grieg,1,11.5,0.5,66,upper,4,3,3.5
grieg,1,11.5,0.5,38,lower,2,3,3.5
grieg,1,11.5,0.5,45,lower,2,3,3.5
grieg,1,12.0,1.0,66,upper,1,4,0.0
grieg,1,12.0,1.0,69,upper,1,4,0.0
grieg,1,12.0,1.0,71,upper,1,4,0.0
grieg,1,12.0,1.0,38,lower,2,4,0.0
grieg,1,12.0,1.0,45,lower,2,4,0.0
grieg,1,13.0,0.5,66,upper,1,4,1.0
grieg,1,13.0,0.5,69,upper,1,4,1.0
grieg,1,13.0,0.5,71,upper,1,4,1.0
grieg,1,13.0,0.5,50,lower,2,4,1.0
grieg,1,13.0,0.5,57,lower,2,4,1.0
grieg,1,13.75,0.25,66,upper,1,4,1.75
grieg,1,13.75,0.25,69,upper,1,4,1.75
grieg,1,13.75,0.25,71,upper,1,4,1.75
grieg,1,13.75,0.25,50,lower,2,4,1.75
grieg,1,13.75,0.25,57,lower,2,4,1.75
grieg,1,14.0,1.0,66,upper,1,4,2.0
grieg,1,14.0,1.0,69,upper,1,4,2.0
grieg,1,14.0,1.0,71,upper,1,4,2.0
grieg,1,14.0,1.0,50,lower,2,4,2.0
grieg,1,14.0,1.0,57,lower,2,4,2.0
grieg,1,15.0,0.5,62,upper,1,4,3.0
grieg,1,15.0,0.5,66,upper,1,4,3.0
grieg,1,15.5,0.5,62,upper,1,4,3.5
grieg,1,15.5,0.5,66,upper,1,4,3.5
grieg,1,15.5,0.5,68,upper,1,4,3.5
grieg,1,16.0,0.5,69,upper,5,5,0.0
grieg,1,16.0,1.0,62,upper,6,5,0.0
grieg,1,16.0,1.0,66,upper,6,5,0.0
grieg,1,16.0,1.0,35,lower,2,5,0.0
grieg,1,16.0,1.0,42,lower,2,5,0.0
grieg,1,16.5,0.5,71,upper,5,5,0.5
grieg,1,17.0,0.5,66,upper,5,5,1.0
grieg,1,17.0,0.5,62,upper,6,5,1.0
grieg,1,17.0,0.5,66,upper,6,5,1.0
grieg,1,17.0,0.5,47,lower,2,5,1.0
grieg,1,17.0,0.5,54,lower,2,5,1.0
grieg,1,17.5,0.5,68,upper,5,5,1.5
grieg,1,17.5,0.5,62,upper,6,5,1.5
grieg,1,17.5,0.5,66,upper,6,5,1.5
grieg,1,17.5,0.5,47,lower,2,5,1.5
grieg,1,17.5,0.5,54,lower,2,5,1.5
grieg,1,18.0,0.5,69,upper,5,5,2.0
grieg,1,18.0,1.0,62,upper,6,5,2.0
grieg,1,18.0,1.0,66,upper,6,5,2.0
grieg,1,18.0,1.0,40,lower,2,5,2.0
grieg,1,18.0,1.0,47,lower,2,5,2.0
grieg,1,18.5,0.5,71,upper,5,5,2.5
grieg,1,19.0,0.5,66,upper,5,5,3.0
grieg,1,19.0,0.5,62,upper,6,5,3.0
grieg,1,19.0,0.5,66,upper,6,5,3.0
grieg,1,19.0,0.5,52,lower,2,5,3.0
grieg,1,19.0,0.5,59,lower,2,5,3.0
grieg,1,19.5,0.5,68,upper,5,5,3.5
grieg,1,19.5,0.5,62,upper,6,5,3.5
grieg,1,19.5,0.5,66,upper,6,5,3.5
grieg,1,19.5,0.5,52,lower,2,5,3.5
grieg,1,19.5,0.5,59,lower,2,5,3.5
grieg,1,20.0,1.0,62,upper,1,6,0.0
grieg,1,20.0,1.0,64,upper,1,6,0.0
grieg,1,20.0,1.0,69,upper,1,6,0.0
grieg,1,20.0,1.0,33,lower,2,6,0.0
grieg,1,20.0,1.0,40,lower,2,6,0.0
grieg,1,21.0,0.5,61,upper,1,6,1.0
grieg,1,21.0,0.5,69,upper,1,6,1.0
grieg,1,21.0,0.5,57,lower,2,6,1.0
grieg,1,21.0,0.5,64,lower,2,6,1.0
grieg,1,21.75,0.25,61,upper,1,6,1.75
grieg,1,21.75,0.25,69,upper,1,6,1.75
grieg,1,21.75,0.25,57,lower,2,6,1.75
grieg,1,21.75,0.25,64,lower,2,6,1.75
grieg,1,22.0,1.0,61,upper,1,6,2.0
grieg,1,22.0,1.0,69,upper,1,6,2.0
grieg,1,22.0,1.0,57,lower,2,6,2.0
grieg,1,22.0,1.0,64,lower,2,6,2.0
grieg,1,23.5,0.16666666666666666,73,upper,1,6,3.5
grieg,1,23.666666666666668,0.16666666666666666,74,upper,1,6,3.6666666666666665
grieg,1,23.833333333333332,0.16666666666666666,73,upper,1,6,3.8333333333333335
grieg,1,24.0,0.5,71,upper,7,7,0.0
grieg,1,24.0,1.0,71,upper,8,7,0.0
grieg,1,24.0,1.0,43,lower,2,7,0.0
grieg,1,24.0,1.0,50,lower,2,7,0.0
grieg,1,24.5,0.5,74,upper,7,7,0.5
grieg,1,25.0,0.5,79,upper,7,7,1.0
grieg,1,25.0,0.5,71,upper,8,7,1.0
grieg,1,25.0,0.5,55,lower,2,7,1.0
grieg,1,25.0,0.5,62,lower,2,7,1.0
grieg,1,25.5,0.5,83,upper,7,7,1.5
grieg,1,25.5,0.5,71,upper,8,7,1.5
grieg,1,25.5,0.5,55,lower,2,7,1.5
grieg,1,25.5,0.5,62,lower,2,7,1.5
grieg,1,26.0,0.5,81,upper,7,7,2.0
grieg,1,26.0,1.0,71,upper,8,7,2.0
grieg,1,26.0,1.0,55,lower,2,7,2.0
grieg,1,26.0,1.0,62,lower,2,7,2.0
grieg,1,26.5,0.5,79,upper,7,7,2.5
grieg,1,27.0,0.5,71,upper,7,7,3.0
grieg,1,27.0,0.5,67,upper,8,7,3.0
grieg,1,27.0,0.5,71,upper,8,7,3.0
grieg,1,27.5,0.5,74,upper,7,7,3.5
grieg,1,27.5,0.5,67,upper,8,7,3.5
grieg,1,27.5,0.5,71,upper,8,7,3.5
grieg,1,28.0,1.0,67,upper,1,8,0.0
grieg,1,28.0,1.0,71,upper,1,8,0.0
grieg,1,28.0,1.0,74,upper,1,8,0.0
grieg,1,28.0,1.0,78,upper,1,8,0.0
grieg,1,28.0,1.0,40,lower,2,8,0.0
grieg,1,28.0,1.0,47,lower,2,8,0.0
grieg,1,29.0,0.5,67,upper,1,8,1.0
grieg,1,29.0,0.5,71,upper,1,8,1.0
grieg,1,29.0,0.5,74,upper,1,8,1.0
grieg,1,29.0,0.5,78,upper,1,8,1.0
grieg,1,29.0,0.5,52,lower,2,8,1.0
grieg,1,29.0,0.5,59,lower,2,8,1.0
grieg,1,29.75,0.25,67,upper,1,8,1.75
grieg,1,29.75,0.25,71,upper,1,8,1.75
grieg,1,29.75,0.25,74,upper,1,8,1.75
grieg,1,29.75,0.25,78,upper,1,8,1.75
grieg,1,29.75,0.25,52,lower,2,8,1.75
grieg,1,29.75,0.25,59,lower,2,8,1.75
grieg,1,30.0,1.0,67,upper,1,8,2.0
grieg,1,30.0,1.0,71,upper,1,8,2.0
grieg,1,30.0,1.0,74,upper,1,8,2.0
grieg,1,30.0,1.0,78,upper,1,8,2.0
grieg,1,30.0,1.0,52,lower,2,8,2.0
grieg,1,30.0,1.0,59,lower,2,8,2.0
grieg,1,31.0,0.5,67,upper,1,8,3.0
grieg,1,31.0,0.5,71,upper,1,8,3.0
grieg,1,31.5,0.5,67,upper,1,8,3.5
grieg,1,31.5,0.5,71,upper,1,8,3.5
grieg,1,31.5,0.5,73,upper,1,8,3.5
debussy_clair,1,0.5,0.5,65,lower,2,1,0.5
debussy_clair,1,0.5,0.5,68,lower,2,1,0.5
debussy_clair,1,0.5,1.0,65,lower,6,1,0.5
debussy_clair,1,0.5,1.0,68,lower,6,1,0.5
debussy_clair,1,1.0,0.5,77,upper,2,1,1.0
debussy_clair,1,1.0,0.5,80,upper,2,1,1.0
debussy_clair,1,1.5,1.5,77,upper,2,1,1.5
debussy_clair,1,1.5,1.5,80,upper,2,1,1.5
debussy_clair,1,1.5,3.0,65,lower,6,1,1.5
debussy_clair,1,1.5,3.0,68,lower,6,1,1.5
debussy_clair,1,3.0,1.5,73,upper,2,1,3.0
debussy_clair,1,3.0,1.5,77,upper,2,1,3.0
debussy_clair,1,4.5,0.5,73,upper,2,2,0.0
debussy_clair,1,4.5,0.5,77,upper,2,2,0.0
debussy_clair,1,4.5,3.0,66,lower,6,2,0.0
debussy_clair,1,4.5,3.0,69,lower,6,2,0.0
debussy_clair,1,5.0,0.5,72,upper,2,2,0.5
debussy_clair,1,5.0,0.5,75,upper,2,2,0.5
debussy_clair,1,5.5,0.5,73,upper,2,2,1.0
debussy_clair,1,5.5,0.5,77,upper,2,2,1.0
debussy_clair,1,6.0,3.0,72,upper,2,2,1.5
debussy_clair,1,6.0,3.0,75,upper,2,2,1.5
debussy_clair,1,7.5,1.5,66,lower,6,2,3.0
debussy_clair,1,7.5,1.5,69,lower,6,2,3.0
debussy_clair,1,9.0,0.5,72,upper,2,3,0.0
debussy_clair,1,9.0,0.5,75,upper,2,3,0.0
debussy_clair,1,9.0,3.0,65,lower,6,3,0.0
debussy_clair,1,9.0,3.0,68,lower,6,3,0.0
debussy_clair,1,9.5,0.5,70,upper,2,3,0.5
debussy_clair,1,9.5,0.5,73,upper,2,3,0.5
debussy_clair,1,10.0,0.5,72,upper,2,3,1.0
debussy_clair,1,10.0,0.5,75,upper,2,3,1.0
debussy_clair,1,10.5,0.75,73,upper,2,3,1.5
debussy_clair,1,10.5,3.0,70,upper,3,3,1.5
debussy_clair,1,11.25,0.75,77,upper,2,3,2.25
debussy_clair,1,12.0,0.75,77,upper,2,3,3.0
debussy_clair,1,12.0,1.5,65,lower,6,3,3.0
debussy_clair,1,12.0,1.5,68,lower,6,3,3.0
debussy_clair,1,12.75,0.75,73,upper,2,3,3.75
debussy_clair,1,13.5,0.5,73,upper,2,4,0.0
debussy_clair,1,13.5,0.5,70,upper,3,4,0.0
debussy_clair,1,13.5,3.0,63,lower,6,4,0.0
debussy_clair,1,13.5,3.0,66,lower,6,4,0.0
debussy_clair,1,14.0,0.5,68,upper,2,4,0.5
debussy_clair,1,14.0,0.5,72,upper,2,4,0.5
debussy_clair,1,14.5,0.5,70,upper,2,4,1.0
debussy_clair,1,14.5,0.5,73,upper,2,4,1.0
debussy_clair,1,15.0,3.0,68,upper,2,4,1.5
debussy_clair,1,15.0,3.0,72,upper,2,4,1.5
debussy_clair,1,16.5,1.5,63,lower,6,4,3.0
debussy_clair,1,16.5,1.5,66,lower,6,4,3.0
debussy_clair,1,18.0,0.5,72,upper,2,5,0.0
debussy_clair,1,18.0,3.0,66,upper,3,5,0.0
debussy_clair,1,18.0,3.0,63,lower,6,5,0.0
debussy_clair,1,18.0,3.0,61,lower,7,5,0.0
debussy_clair,1,18.5,0.5,70,upper,2,5,0.5
debussy_clair,1,19.0,0.5,72,upper,2,5,1.0
debussy_clair,1,19.5,0.5,70,upper,2,5,1.5
debussy_clair,1,20.0,0.5,75,upper,2,5,2.0
debussy_clair,1,20.5,0.5,70,upper,2,5,2.5
debussy_clair,1,21.0,0.5,68,upper,2,5,3.0
debussy_clair,1,21.0,1.5,66,upper,3,5,3.0
debussy_clair,1,21.0,1.5,63,lower,6,5,3.0
debussy_clair,1,21.0,1.5,60,lower,7,5,3.0
debussy_clair,1,21.5,0.5,70,upper,2,5,3.5
debussy_clair,1,22.0,0.5,68,upper,2,5,4.0
debussy_clair,1,22.5,0.5,68,upper,2,6,0.0
debussy_clair,1,22.5,3.0,63,upper,3,6,0.0
debussy_clair,1,22.5,3.0,61,lower,6,6,0.0
debussy_clair,1,22.5,3.0,58,lower,7,6,0.0
debussy_clair,1,23.0,0.5,66,upper,2,6,0.5
debussy_clair,1,23.5,0.5,68,upper,2,6,1.0
debussy_clair,1,24.0,1.5,66,upper,2,6,1.5
debussy_clair,1,25.5,1.5,65,upper,2,6,3.0
debussy_clair,1,25.5,1.5,63,upper,3,6,3.0
debussy_clair,1,25.5,1.5,60,lower,6,6,3.0
debussy_clair,1,25.5,1.5,57,lower,7,6,3.0
debussy_clair,1,27.0,0.5,65,upper,2,7,0.0
debussy_clair,1,27.0,3.0,61,upper,3,7,0.0
debussy_clair,1,27.0,3.0,58,lower,6,7,0.0
debussy_clair,1,27.0,3.0,56,lower,7,7,0.0
debussy_clair,1,27.5,0.5,65,upper,2,7,0.5
debussy_clair,1,28.0,0.5,66,upper,2,7,1.0
debussy_clair,1,28.5,0.5,65,upper,2,7,1.5
debussy_clair,1,29.0,0.5,70,upper,2,7,2.0
debussy_clair,1,29.5,0.5,65,upper,2,7,2.5
debussy_clair,1,30.0,0.5,63,upper,2,7,3.0
debussy_clair,1,30.0,1.5,61,upper,3,7,3.0
debussy_clair,1,30.0,1.5,58,lower,6,7,3.0
debussy_clair,1,30.0,1.5,54,lower,7,7,3.0
debussy_clair,1,30.5,0.5,65,upper,2,7,3.5
debussy_clair,1,31.0,0.5,63,upper,2,7,4.0
debussy_clair,1,31.5,0.5,63,upper,2,8,0.0
debussy_clair,1,31.5,3.0,58,upper,3,8,0.0
debussy_clair,1,31.5,3.0,56,lower,6,8,0.0
debussy_clair,1,31.5,3.0,53,lower,7,8,0.0
debussy_clair,1,32.0,0.5,61,upper,2,8,0.5
debussy_clair,1,32.5,0.5,63,upper,2,8,1.0
debussy_clair,1,33.0,1.5,61,upper,2,8,1.5
debussy_clair,1,34.5,1.5,60,upper,2,8,3.0
debussy_clair,1,34.5,1.5,56,upper,3,8,3.0
debussy_clair,1,34.5,1.5,54,lower,6,8,3.0
debussy_clair,1,34.5,0.75,51,lower,7,8,3.0
debussy_clair,1,35.25,0.75,44,lower,7,8,3.75
debussy_arab,1,0.0,0.3333333333333333,61,upper,2,1,0.0
debussy_arab,1,0.0,0.3333333333333333,61,lower,4,1,0.0
debussy_arab,1,0.3333333333333333,0.3333333333333333,64,lower,4,1,0.3333333333333333
debussy_arab,1,0.6666666666666666,0.3333333333333333,69,lower,4,1,0.6666666666666666
debussy_arab,1,1.0,0.3333333333333333,73,upper,2,1,1.0
debussy_arab,1,1.3333333333333333,0.3333333333333333,76,upper,2,1,1.3333333333333333
debussy_arab,1,1.6666666666666667,0.3333333333333333,78,upper,2,1,1.6666666666666667
debussy_arab,1,2.0,0.3333333333333333,80,upper,2,1,2.0
debussy_arab,1,2.3333333333333335,0.3333333333333333,75,upper,2,1,2.3333333333333335
debussy_arab,1,2.6666666666666665,0.3333333333333333,71,upper,2,1,2.6666666666666665
debussy_arab,1,3.0,0.3333333333333333,68,lower,4,1,3.0
debussy_arab,1,3.3333333333333335,0.3333333333333333,63,lower,4,1,3.3333333333333335
debussy_arab,1,3.6666666666666665,0.3333333333333333,59,upper,2,1,3.6666666666666665
debussy_arab,1,3.6666666666666665,0.3333333333333333,59,lower,4,1,3.6666666666666665
debussy_arab,1,4.0,0.3333333333333333,57,upper,2,2,0.0
debussy_arab,1,4.0,0.3333333333333333,57,lower,4,2,0.0
debussy_arab,1,4.333333333333333,0.3333333333333333,61,lower,4,2,0.3333333333333333
debussy_arab,1,4.666666666666667,0.3333333333333333,66,lower,4,2,0.6666666666666666
debussy_arab,1,5.0,0.3333333333333333,69,upper,2,2,1.0
debussy_arab,1,5.333333333333333,0.3333333333333333,73,upper,2,2,1.3333333333333333
debussy_arab,1,5.666666666666667,0.3333333333333333,75,upper,2,2,1.6666666666666667
debussy_arab,1,6.0,0.3333333333333333,76,upper,2,2,2.0
debussy_arab,1,6.333333333333333,0.3333333333333333,71,upper,2,2,2.3333333333333335
debussy_arab,1,6.666666666666667,0.3333333333333333,68,upper,2,2,2.6666666666666665
debussy_arab,1,7.0,0.3333333333333333,64,lower,4,2,3.0
debussy_arab,1,7.333333333333333,0.3333333333333333,59,lower,4,2,3.3333333333333335
debussy_arab,1,7.666666666666667,0.3333333333333333,56,upper,2,2,3.6666666666666665
debussy_arab,1,7.666666666666667,0.3333333333333333,56,lower,4,2,3.6666666666666665
debussy_arab,1,8.0,0.3333333333333333,54,lower,4,3,0.0
debussy_arab,1,8.0,2.0,54,lower,5,3,0.0
debussy_arab,1,8.333333333333334,0.3333333333333333,57,lower,4,3,0.3333333333333333
debussy_arab,1,8.666666666666666,0.3333333333333333,61,lower,4,3,0.6666666666666666
debussy_arab,1,9.0,1.0,73,upper,1,3,1.0
debussy_arab,1,9.0,0.3333333333333333,73,upper,2,3,1.0
debussy_arab,1,9.0,0.6666666666666666,61,lower,4,3,1.0
debussy_arab,1,9.333333333333334,0.3333333333333333,66,upper,2,3,1.3333333333333333
debussy_arab,1,9.666666666666666,0.3333333333333333,69,upper,2,3,1.6666666666666667
debussy_arab,1,9.666666666666666,0.3333333333333333,69,upper,4,3,1.6666666666666667
debussy_arab,1,10.0,1.0,78,upper,1,3,2.0
debussy_arab,1,10.0,1.0,69,upper,2,3,2.0
debussy_arab,1,10.0,0.3333333333333333,52,lower,4,3,2.0
debussy_arab,1,10.0,2.0,52,lower,5,3,2.0
debussy_arab,1,10.333333333333334,0.3333333333333333,57,lower,4,3,2.3333333333333335
debussy_arab,1,10.666666666666666,0.3333333333333333,61,lower,4,3,2.6666666666666665
debussy_arab,1,11.0,1.0,73,upper,1,3,3.0
debussy_arab,1,11.0,0.3333333333333333,73,upper,2,3,3.0
debussy_arab,1,11.0,0.6666666666666666,61,lower,4,3,3.0
debussy_arab,1,11.333333333333334,0.3333333333333333,66,upper,2,3,3.3333333333333335
debussy_arab,1,11.666666666666666,0.3333333333333333,69,upper,2,3,3.6666666666666665
debussy_arab,1,11.666666666666666,0.3333333333333333,69,upper,4,3,3.6666666666666665
debussy_arab,1,12.0,1.0,73,upper,1,4,0.0
debussy_arab,1,12.0,1.0,69,upper,2,4,0.0
debussy_arab,1,12.0,0.3333333333333333,51,lower,4,4,0.0
debussy_arab,1,12.0,2.0,51,lower,5,4,0.0
debussy_arab,1,12.333333333333334,0.3333333333333333,57,lower,4,4,0.3333333333333333
debussy_arab,1,12.666666666666666,0.3333333333333333,61,lower,4,4,0.6666666666666666
debussy_arab,1,13.0,1.0,73,upper,1,4,1.0
debussy_arab,1,13.0,0.3333333333333333,73,upper,2,4,1.0
debussy_arab,1,13.0,0.6666666666666666,61,lower,4,4,1.0
debussy_arab,1,13.333333333333334,0.3333333333333333,66,upper,2,4,1.3333333333333333
debussy_arab,1,13.666666666666666,0.3333333333333333,69,upper,2,4,1.6666666666666667
debussy_arab,1,13.666666666666666,0.3333333333333333,69,upper,4,4,1.6666666666666667
debussy_arab,1,14.0,1.0,78,upper,1,4,2.0
debussy_arab,1,14.0,1.0,69,upper,2,4,2.0
debussy_arab,1,14.0,0.3333333333333333,49,lower,4,4,2.0
debussy_arab,1,14.0,2.0,49,lower,5,4,2.0
debussy_arab,1,14.333333333333334,0.3333333333333333,57,lower,4,4,2.3333333333333335
debussy_arab,1,14.666666666666666,0.3333333333333333,64,lower,4,4,2.6666666666666665
debussy_arab,1,15.0,1.0,81,upper,1,4,3.0
debussy_arab,1,15.0,0.3333333333333333,81,upper,2,4,3.0
debussy_arab,1,15.0,0.6666666666666666,64,lower,4,4,3.0
debussy_arab,1,15.333333333333334,0.3333333333333333,69,upper,2,4,3.3333333333333335
debussy_arab,1,15.666666666666666,0.3333333333333333,73,upper,2,4,3.6666666666666665
debussy_arab,1,15.666666666666666,0.3333333333333333,73,upper,4,4,3.6666666666666665
debussy_arab,1,16.0,1.0,81,upper,1,5,0.0
debussy_arab,1,16.0,0.3333333333333333,47,lower,4,5,0.0
debussy_arab,1,16.333333333333332,0.3333333333333333,54,lower,4,5,0.3333333333333333
debussy_arab,1,16.666666666666668,0.3333333333333333,57,lower,4,5,0.6666666666666666
debussy_arab,1,17.0,2.0,81,upper,1,5,1.0
debussy_arab,1,17.0,0.3333333333333333,61,lower,4,5,1.0
debussy_arab,1,17.333333333333332,0.3333333333333333,63,lower,4,5,1.3333333333333333
debussy_arab,1,17.666666666666668,0.3333333333333333,66,lower,4,5,1.6666666666666667
debussy_arab,1,18.0,0.3333333333333333,69,lower,4,5,2.0
debussy_arab,1,18.333333333333332,0.3333333333333333,73,lower,4,5,2.3333333333333335
debussy_arab,1,18.666666666666668,0.3333333333333333,75,lower,4,5,2.6666666666666665
debussy_arab,1,19.0,0.3333333333333333,81,upper,1,5,3.0
debussy_arab,1,19.0,0.3333333333333333,73,lower,4,5,3.0
debussy_arab,1,19.333333333333332,0.3333333333333333,80,upper,1,5,3.3333333333333335
debussy_arab,1,19.333333333333332,0.3333333333333333,71,lower,4,5,3.3333333333333335
debussy_arab,1,19.666666666666668,0.3333333333333333,78,upper,1,5,3.6666666666666665
debussy_arab,1,19.666666666666668,0.3333333333333333,69,lower,4,5,3.6666666666666665
debussy_arab,1,20.0,0.5,40,lower,4,6,0.0
debussy_arab,1,20.5,0.5,47,lower,4,6,0.5
debussy_arab,1,21.0,0.3333333333333333,76,upper,1,6,1.0
debussy_arab,1,21.0,0.5,52,lower,4,6,1.0
debussy_arab,1,21.333333333333332,0.3333333333333333,78,upper,1,6,1.3333333333333333
debussy_arab,1,21.5,0.5,56,lower,4,6,1.5
debussy_arab,1,21.666666666666668,0.3333333333333333,73,upper,1,6,1.6666666666666667
debussy_arab,1,22.0,0.3333333333333333,76,upper,1,6,2.0
debussy_arab,1,22.0,0.5,59,lower,4,6,2.0
debussy_arab,1,22.333333333333332,0.3333333333333333,71,upper,1,6,2.3333333333333335
debussy_arab,1,22.5,0.5,56,lower,4,6,2.5
debussy_arab,1,22.666666666666668,0.3333333333333333,73,upper,1,6,2.6666666666666665
debussy_arab,1,23.0,0.3333333333333333,68,upper,1,6,3.0
debussy_arab,1,23.0,0.5,52,lower,4,6,3.0
debussy_arab,1,23.333333333333332,0.3333333333333333,71,upper,1,6,3.3333333333333335
debussy_arab,1,23.5,0.5,47,lower,4,6,3.5
debussy_arab,1,23.666666666666668,0.3333333333333333,66,upper,1,6,3.6666666666666665
debussy_arab,1,24.0,0.3333333333333333,68,upper,1,7,0.0
debussy_arab,1,24.0,0.5,40,lower,4,7,0.0
debussy_arab,1,24.333333333333332,0.3333333333333333,64,upper,1,7,0.3333333333333333
debussy_arab,1,24.5,0.5,49,lower,4,7,0.5
debussy_arab,1,24.666666666666668,0.3333333333333333,68,upper,1,7,0.6666666666666666
debussy_arab,1,25.0,2.0,63,upper,1,7,1.0
debussy_arab,1,25.0,0.5,52,lower,4,7,1.0
debussy_arab,1,25.5,0.5,56,lower,4,7,1.5
debussy_arab,1,26.0,0.5,61,lower,4,7,2.0
debussy_arab,1,26.5,0.5,56,lower,4,7,2.5
debussy_arab,1,27.0,1.0,61,upper,1,7,3.0
debussy_arab,1,27.0,0.5,52,lower,4,7,3.0
debussy_arab,1,27.5,0.5,47,lower,4,7,3.5
debussy_arab,1,28.0,0.5,59,upper,1,8,0.0
debussy_arab,1,28.0,0.5,40,lower,4,8,0.0
debussy_arab,1,28.5,0.5,47,lower,4,8,0.5
debussy_arab,1,29.0,0.3333333333333333,76,upper,1,8,1.0
debussy_arab,1,29.0,0.5,52,lower,4,8,1.0
debussy_arab,1,29.333333333333332,0.3333333333333333,78,upper,1,8,1.3333333333333333
debussy_arab,1,29.5,0.5,56,lower,4,8,1.5
debussy_arab,1,29.666666666666668,0.3333333333333333,73,upper,1,8,1.6666666666666667
debussy_arab,1,30.0,0.3333333333333333,76,upper,1,8,2.0
debussy_arab,1,30.0,0.5,59,lower,4,8,2.0
debussy_arab,1,30.333333333333332,0.3333333333333333,71,upper,1,8,2.3333333333333335
debussy_arab,1,30.5,0.5,56,lower,4,8,2.5
debussy_arab,1,30.666666666666668,0.3333333333333333,73,upper,1,8,2.6666666666666665
debussy_arab,1,31.0,0.3333333333333333,68,upper,1,8,3.0
debussy_arab,1,31.0,0.5,52,lower,4,8,3.0
debussy_arab,1,31.333333333333332,0.3333333333333333,71,upper,1,8,3.3333333333333335
debussy_arab,1,31.5,0.5,47,lower,4,8,3.5
debussy_arab,1,31.666666666666668,0.33333333333333215,66,upper,1,8,3.6666666666666665
satie_gym,1,0.0,3.0,43,bass,3,1,0.0
satie_gym,1,1.0,2.0,66,treble,2,1,1.0
satie_gym,1,1.0,2.0,62,treble,2,1,1.0
satie_gym,1,1.0,2.0,59,treble,2,1,1.0
satie_gym,1,3.0,3.0,38,bass,3,2,0.0
satie_gym,1,4.0,2.0,66,treble,2,2,1.0
satie_gym,1,4.0,2.0,61,treble,2,2,1.0
satie_gym,1,4.0,2.0,57,treble,2,2,1.0
satie_gym,1,6.0,3.0,43,bass,3,3,0.0
satie_gym,1,7.0,2.0,66,treble,2,3,1.0
satie_gym,1,7.0,2.0,62,treble,2,3,1.0
satie_gym,1,7.0,2.0,59,treble,2,3,1.0
satie_gym,1,9.0,3.0,38,bass,3,4,0.0
satie_gym,1,10.0,2.0,66,treble,2,4,1.0
satie_gym,1,10.0,2.0,61,treble,2,4,1.0
satie_gym,1,10.0,2.0,57,treble,2,4,1.0
satie_gym,1,12.0,3.0,43,bass,3,5,0.0
satie_gym,1,13.0,1.0,78,treble,1,5,1.0
satie_gym,1,13.0,2.0,66,treble,2,5,1.0
satie_gym,1,13.0,2.0,62,treble,2,5,1.0
satie_gym,1,13.0,2.0,59,treble,2,5,1.0
satie_gym,1,14.0,1.0,81,treble,1,5,2.0
satie_gym,1,15.0,1.0,79,treble,1,6,0.0
satie_gym,1,15.0,3.0,38,bass,3,6,0.0
satie_gym,1,16.0,1.0,78,treble,1,6,1.0
satie_gym,1,16.0,2.0,66,treble,2,6,1.0
satie_gym,1,16.0,2.0,61,treble,2,6,1.0
satie_gym,1,16.0,2.0,57,treble,2,6,1.0
satie_gym,1,17.0,1.0,73,treble,1,6,2.0
satie_gym,1,18.0,1.0,71,treble,1,7,0.0
satie_gym,1,18.0,3.0,43,bass,3,7,0.0
satie_gym,1,19.0,1.0,73,treble,1,7,1.0
satie_gym,1,19.0,2.0,66,treble,2,7,1.0
satie_gym,1,19.0,2.0,62,treble,2,7,1.0
satie_gym,1,19.0,2.0,59,treble,2,7,1.0
satie_gym,1,20.0,1.0,74,treble,1,7,2.0
satie_gym,1,21.0,3.0,69,treble,1,8,0.0
satie_gym,1,21.0,3.0,38,bass,3,8,0.0
satie_gym,1,22.0,2.0,66,treble,2,8,1.0
satie_gym,1,22.0,2.0,61,treble,2,8,1.0
satie_gym,1,22.0,2.0,57,treble,2,8,1.0
bartok,1,0.0,0.5,81,upper,1,1,0.0
bartok,1,0.5,0.25,78,upper,1,1,0.5
bartok,1,0.75,0.25,81,upper,1,1,0.75
bartok,1,1.0,0.5,80,upper,1,1,1.0
bartok,1,1.5,0.25,80,upper,1,1,1.5
bartok,1,1.75,0.25,78,upper,1,1,1.75
bartok,1,2.0,0.5,81,upper,1,2,0.0
bartok,1,2.5,0.25,81,upper,1,2,0.5
bartok,1,2.75,0.25,80,upper,1,2,0.75
bartok,1,3.0,0.25,78,upper,1,2,1.0
bartok,1,3.25,0.25,74,upper,1,2,1.25
bartok,1,3.5,0.25,78,upper,1,2,1.5
bartok,1,3.75,0.25,80,upper,1,2,1.75
bartok,1,4.0,0.5,81,upper,1,3,0.0
bartok,1,4.5,0.25,78,upper,1,3,0.5
bartok,1,4.75,0.25,81,upper,1,3,0.75
bartok,1,5.0,0.5,80,upper,1,3,1.0
bartok,1,5.5,0.25,80,upper,1,3,1.5
bartok,1,5.75,0.25,78,upper,1,3,1.75
bartok,1,6.0,0.5,76,upper,1,4,0.0
bartok,1,6.5,0.25,76,upper,1,4,0.5
bartok,1,6.75,0.25,74,upper,1,4,0.75
bartok,1,7.0,1.0,76,upper,1,4,1.0
bartok,1,8.0,0.5,74,upper,1,5,0.0
bartok,1,8.5,0.25,71,upper,1,5,0.5
bartok,1,8.75,0.25,74,upper,1,5,0.75
bartok,1,9.0,0.5,73,upper,1,5,1.0
bartok,1,9.5,0.25,73,upper,1,5,1.5
bartok,1,9.75,0.25,71,upper,1,5,1.75
bartok,1,10.0,0.5,74,upper,1,6,0.0
bartok,1,10.5,0.25,74,upper,1,6,0.5
bartok,1,10.75,0.25,73,upper,1,6,0.75
bartok,1,11.0,0.25,71,upper,1,6,1.0
bartok,1,11.25,0.25,67,upper,1,6,1.25
bartok,1,11.5,0.25,71,upper,1,6,1.5
bartok,1,11.75,0.25,73,upper,1,6,1.75
bartok,1,12.0,0.5,74,upper,1,7,0.0
bartok,1,12.5,0.25,71,upper,1,7,0.5
bartok,1,12.75,0.25,74,upper,1,7,0.75
bartok,1,13.0,0.5,73,upper,1,7,1.0
bartok,1,13.5,0.25,73,upper,1,7,1.5
bartok,1,13.75,0.25,71,upper,1,7,1.75
bartok,1,14.0,0.5,69,upper,1,8,0.0
bartok,1,14.5,0.25,69,upper,1,8,0.5
bartok,1,14.75,0.25,67,upper,1,8,0.75
bartok,1,15.0,1.0,69,upper,1,8,1.0
bartok,1,0.0,0.5,38,lower,2,1,0.0
bartok,1,0.5,1.0,45,lower,2,1,0.5
bartok,1,0.5,1.0,50,lower,2,1,0.5
bartok,1,1.5,0.5,45,lower,2,1,1.5
bartok,1,1.5,0.5,50,lower,2,1,1.5
bartok,1,2.0,0.5,45,lower,2,2,0.0
bartok,1,2.0,0.5,50,lower,2,2,0.0
bartok,1,3.0,1.0,50,lower,2,2,1.0
bartok,1,3.0,1.0,57,lower,2,2,1.0
bartok,1,4.0,0.5,38,lower,2,3,0.0
bartok,1,4.5,1.0,45,lower,2,3,0.5
bartok,1,4.5,1.0,50,lower,2,3,0.5
bartok,1,5.5,0.5,45,lower,2,3,1.5
bartok,1,5.5,0.5,50,lower,2,3,1.5
bartok,1,6.0,0.5,45,lower,2,4,0.0
bartok,1,6.0,0.5,50,lower,2,4,0.0
bartok,1,7.0,1.0,50,lower,2,4,1.0
bartok,1,7.0,1.0,56,lower,2,4,1.0
bartok,1,8.0,0.5,38,lower,2,5,0.0
bartok,1,8.5,1.0,43,lower,2,5,0.5
bartok,1,8.5,1.0,50,lower,2,5,0.5
bartok,1,9.5,0.5,43,lower,2,5,1.5
bartok,1,9.5,0.5,50,lower,2,5,1.5
bartok,1,10.0,0.5,43,lower,2,6,0.0
bartok,1,10.0,0.5,50,lower,2,6,0.0
bartok,1,11.0,1.0,50,lower,2,6,1.0
bartok,1,11.0,1.0,55,lower,2,6,1.0
bartok,1,11.0,1.0,57,lower,2,6,1.0
bartok,1,12.0,0.5,38,lower,2,7,0.0
bartok,1,12.5,1.0,43,lower,2,7,0.5
bartok,1,12.5,1.0,50,lower,2,7,0.5
bartok,1,13.5,0.5,43,lower,2,7,1.5
bartok,1,13.5,0.5,50,lower,2,7,1.5
bartok,1,14.0,0.5,43,lower,2,8,0.0
bartok,1,14.0,0.5,50,lower,2,8,0.0
bartok,1,15.0,1.0,50,lower,2,8,1.0
bartok,1,15.0,1.0,55,lower,2,8,1.0
bartok,1,15.0,1.0,57,lower,2,8,1.0
ravel_jeux,1,0.0,0.5,64,2,1,1,0.0
ravel_jeux,1,0.0,0.5,71,2,1,1,0.0
ravel_jeux,1,0.0,0.25,75,1,1,1,0.0
ravel_jeux,1,0.25,0.25,80,1,1,1,0.25
ravel_jeux,1,0.5,0.5,68,2,1,1,0.5
ravel_jeux,1,0.5,0.5,76,2,1,1,0.5
ravel_jeux,1,0.5,0.25,87,1,1,1,0.5
ravel_jeux,1,0.75,0.25,90,1,1,1,0.75
ravel_jeux,1,1.0,0.5,76,2,1,1,1.0
ravel_jeux,1,1.0,0.5,83,2,1,1,1.0
ravel_jeux,1,1.0,0.25,87,1,1,1,1.0
ravel_jeux,1,1.25,0.25,80,1,1,1,1.25
ravel_jeux,1,1.5,0.5,69,2,1,1,1.5
ravel_jeux,1,1.5,0.125,73,1,1,1,1.5
ravel_jeux,1,1.5,0.5,76,2,1,1,1.5
ravel_jeux,1,1.625,0.125,80,1,1,1,1.625
ravel_jeux,1,1.75,0.125,85,1,1,1,1.75
ravel_jeux,1,1.875,0.125,88,1,1,1,1.875
ravel_jeux,1,2.0,0.5,64,2,1,1,2.0
ravel_jeux,1,2.0,0.5,71,2,1,1,2.0
ravel_jeux,1,2.0,0.25,75,1,1,1,2.0
ravel_jeux,1,2.25,0.25,80,1,1,1,2.25
ravel_jeux,1,2.5,0.5,68,2,1,1,2.5
ravel_jeux,1,2.5,0.5,76,2,1,1,2.5
ravel_jeux,1,2.5,0.25,87,1,1,1,2.5
ravel_jeux,1,2.75,0.25,90,1,1,1,2.75
ravel_jeux,1,3.0,0.5,76,2,1,1,3.0
ravel_jeux,1,3.0,0.5,83,2,1,1,3.0
ravel_jeux,1,3.0,0.25,87,1,1,1,3.0
ravel_jeux,1,3.25,0.25,80,1,1,1,3.25
ravel_jeux,1,3.5,0.5,69,2,1,1,3.5
ravel_jeux,1,3.5,0.125,73,1,1,1,3.5
ravel_jeux,1,3.5,0.5,76,2,1,1,3.5
ravel_jeux,1,3.625,0.125,80,1,1,1,3.625
ravel_jeux,1,3.75,0.125,85,1,1,1,3.75
ravel_jeux,1,3.875,0.125,88,1,1,1,3.875
ravel_jeux,1,4.0,0.5,64,2,1,2,0.0
ravel_jeux,1,4.0,0.5,71,2,1,2,0.0
ravel_jeux,1,4.0,0.25,75,1,1,2,0.0
ravel_jeux,1,4.25,0.25,80,1,1,2,0.25
ravel_jeux,1,4.5,0.5,68,2,1,2,0.5
ravel_jeux,1,4.5,0.5,76,2,1,2,0.5
ravel_jeux,1,4.5,0.25,87,1,1,2,0.5
ravel_jeux,1,4.75,0.25,90,1,1,2,0.75
ravel_jeux,1,5.0,0.25,68,1,1,2,1.0
ravel_jeux,1,5.0,0.5,71,2,1,2,1.0
ravel_jeux,1,5.0,0.5,76,2,1,2,1.0
ravel_jeux,1,5.25,0.25,75,1,1,2,1.25
ravel_jeux,1,5.5,0.5,76,2,1,2,1.5
ravel_jeux,1,5.5,0.25,80,1,1,2,1.5
ravel_jeux,1,5.5,0.5,83,2,1,2,1.5
ravel_jeux,1,5.75,0.25,83,1,1,2,1.75
ravel_jeux,1,6.0,0.25,68,1,1,3,0.0
ravel_jeux,1,6.0,0.5,69,2,1,3,0.0
ravel_jeux,1,6.0,0.5,76,2,1,3,0.0
ravel_jeux,1,6.25,0.25,73,1,1,3,0.25
ravel_jeux,1,6.5,0.5,73,2,1,3,0.5
ravel_jeux,1,6.5,0.25,80,1,1,3,0.5
ravel_jeux,1,6.5,0.5,81,2,1,3,0.5
ravel_jeux,1,6.75,0.25,85,1,1,3,0.75
ravel_jeux,1,7.0,0.25,80,1,1,3,1.0
ravel_jeux,1,7.0,0.5,81,2,1,3,1.0
ravel_jeux,1,7.0,0.5,88,2,1,3,1.0
ravel_jeux,1,7.25,0.25,73,1,1,3,1.25
ravel_jeux,1,7.5,0.5,62,2,1,3,1.5
ravel_jeux,1,7.5,0.125,66,1,1,3,1.5
ravel_jeux,1,7.5,0.5,66,2,1,3,1.5
ravel_jeux,1,7.5,0.5,72,2,1,3,1.5
ravel_jeux,1,7.625,0.125,72,1,1,3,1.625
ravel_jeux,1,7.75,0.125,76,1,1,3,1.75
ravel_jeux,1,7.875,0.125,80,1,1,3,1.875
ravel_jeux,1,8.0,0.25,68,1,1,3,2.0
ravel_jeux,1,8.0,0.5,69,2,1,3,2.0
ravel_jeux,1,8.0,0.5,76,2,1,3,2.0
ravel_jeux,1,8.25,0.25,73,1,1,3,2.25
ravel_jeux,1,8.5,0.5,73,2,1,3,2.5
ravel_jeux,1,8.5,0.25,80,1,1,3,2.5
ravel_jeux,1,8.5,0.5,81,2,1,3,2.5
ravel_jeux,1,8.75,0.25,85,1,1,3,2.75
ravel_jeux,1,9.0,0.25,80,1,1,3,3.0
ravel_jeux,1,9.0,0.5,81,2,1,3,3.0
ravel_jeux,1,9.0,0.5,88,2,1,3,3.0
ravel_jeux,1,9.25,0.25,73,1,1,3,3.25
ravel_jeux,1,9.5,0.5,62,2,1,3,3.5
ravel_jeux,1,9.5,0.125,66,1,1,3,3.5
ravel_jeux,1,9.5,0.5,66,2,1,3,3.5
ravel_jeux,1,9.5,0.5,72,2,1,3,3.5
ravel_jeux,1,9.625,0.125,72,1,1,3,3.625
ravel_jeux,1,9.75,0.125,76,1,1,3,3.75
ravel_jeux,1,9.875,0.125,80,1,1,3,3.875
ravel_jeux,1,10.0,0.25,68,1,1,4,0.0
ravel_jeux,1,10.0,0.5,69,2,1,4,0.0
ravel_jeux,1,10.0,0.5,76,2,1,4,0.0
ravel_jeux,1,10.25,0.25,73,1,1,4,0.25
ravel_jeux,1,10.5,0.5,73,2,1,4,0.5
ravel_jeux,1,10.5,0.25,80,1,1,4,0.5
ravel_jeux,1,10.5,0.5,81,2,1,4,0.5
ravel_jeux,1,10.75,0.25,85,1,1,4,0.75
ravel_jeux,1,11.0,0.25,66,1,1,4,1.0
ravel_jeux,1,11.0,0.5,66,2,1,4,1.0
ravel_jeux,1,11.0,0.5,72,2,1,4,1.0
ravel_jeux,1,11.25,0.25,72,1,1,4,1.25
ravel_jeux,1,11.5,0.5,62,2,1,4,1.5
ravel_jeux,1,11.5,0.5,69,2,1,4,1.5
ravel_jeux,1,11.5,0.25,76,1,1,4,1.5
ravel_jeux,1,11.75,0.25,80,1,1,4,1.75
ravel_jeux,1,12.0,0.5,58,2,1,4,2.0
ravel_jeux,1,12.0,0.5,68,2,1,4,2.0
ravel_jeux,1,12.0,0.125,74,1,1,4,2.0
ravel_jeux,1,12.125,0.125,80,1,1,4,2.125
ravel_jeux,1,12.25,0.125,84,1,1,4,2.25
ravel_jeux,1,12.375,0.125,88,1,1,4,2.375
ravel_jeux,1,12.5,0.5,55,2,1,4,2.5
ravel_jeux,1,12.5,0.5,65,2,1,4,2.5
ravel_jeux,1,12.5,0.125,85,1,1,4,2.5
ravel_jeux,1,12.625,0.125,81,1,1,4,2.625
ravel_jeux,1,12.75,0.125,77,1,1,4,2.75
ravel_jeux,1,12.875,0.125,71,1,1,4,2.875
ravel_jeux,1,13.0,0.5,52,2,1,4,3.0
ravel_jeux,1,13.0,0.5,62,2,1,4,3.0
ravel_jeux,1,13.0,0.125,68,1,1,4,3.0
ravel_jeux,1,13.125,0.125,74,1,1,4,3.125
ravel_jeux,1,13.25,0.125,78,1,1,4,3.25
ravel_jeux,1,13.375,0.125,82,1,1,4,3.375
ravel_jeux,1,13.5,0.5,49,2,1,4,3.5
ravel_jeux,1,13.5,0.5,59,2,1,4,3.5
ravel_jeux,1,13.5,0.125,79,1,1,4,3.5
ravel_jeux,1,13.625,0.125,74,1,1,4,3.625
ravel_jeux,1,13.75,0.125,71,1,1,4,3.75
ravel_jeux,1,13.875,0.125,65,1,1,4,3.875
ravel_jeux,1,14.0,1.5,46,2,1,5,0.0
ravel_jeux,1,14.0,1.5,56,2,1,5,0.0
ravel_jeux,1,14.0,0.25,62,1,1,5,0.0
ravel_jeux,1,14.25,0.25,68,1,1,5,0.25
ravel_jeux,1,14.5,1.0,58,2,2,5,0.5
ravel_jeux,1,14.5,1.0,68,2,2,5,0.5
ravel_jeux,1,14.5,0.25,72,1,1,5,0.5
ravel_jeux,1,14.75,0.25,76,1,1,5,0.75
ravel_jeux,1,15.0,0.25,72,1,1,5,1.0
ravel_jeux,1,15.25,0.25,68,1,1,5,1.25
ravel_jeux,1,15.5,0.5,49,2,1,5,1.5
ravel_jeux,1,15.5,0.5,59,2,1,5,1.5
ravel_jeux,1,15.5,0.125,65,1,1,5,1.5
ravel_jeux,1,15.5,0.125,67,1,1,5,1.5
ravel_jeux,1,15.625,0.125,71,1,1,5,1.625
ravel_jeux,1,15.75,0.125,74,1,1,5,1.75
ravel_jeux,1,15.875,0.125,79,1,1,5,1.875
ravel_jeux,1,16.0,1.5,46,2,1,5,2.0
ravel_jeux,1,16.0,1.5,56,2,1,5,2.0
ravel_jeux,1,16.0,0.25,62,1,1,5,2.0
ravel_jeux,1,16.25,0.25,68,1,1,5,2.25
ravel_jeux,1,16.5,1.0,58,2,2,5,2.5
ravel_jeux,1,16.5,1.0,68,2,2,5,2.5
ravel_jeux,1,16.5,0.25,72,1,1,5,2.5
ravel_jeux,1,16.75,0.25,76,1,1,5,2.75
ravel_jeux,1,17.0,0.25,72,1,1,5,3.0
ravel_jeux,1,17.25,0.25,68,1,1,5,3.25
ravel_jeux,1,17.5,0.5,49,2,1,5,3.5
ravel_jeux,1,17.5,0.5,59,2,1,5,3.5
ravel_jeux,1,17.5,0.125,65,1,1,5,3.5
ravel_jeux,1,17.5,0.125,67,1,1,5,3.5
ravel_jeux,1,17.625,0.125,71,1,1,5,3.625
ravel_jeux,1,17.75,0.125,74,1,1,5,3.75
ravel_jeux,1,17.875,0.125,79,1,1,5,3.875
ravel_jeux,1,18.0,2.0,46,2,1,6,0.0
ravel_jeux,1,18.0,2.0,56,2,1,6,0.0
ravel_jeux,1,18.0,0.25,62,1,1,6,0.0
ravel_jeux,1,18.25,0.25,68,1,1,6,0.25
ravel_jeux,1,18.5,1.0,58,2,2,6,0.5
ravel_jeux,1,18.5,1.0,68,2,2,6,0.5
ravel_jeux,1,18.5,0.25,72,1,1,6,0.5
ravel_jeux,1,18.75,0.25,76,1,1,6,0.75
ravel_jeux,1,19.0,0.25,72,1,1,6,1.0
ravel_jeux,1,19.25,0.25,68,1,1,6,1.25
ravel_jeux,1,19.5,0.5,58,2,2,6,1.5
ravel_jeux,1,19.5,0.25,62,1,1,6,1.5
ravel_jeux,1,19.5,0.5,68,2,2,6,1.5
ravel_jeux,1,19.75,0.25,64,1,1,6,1.75
ravel_jeux,1,20.0,0.5,58,2,2,6,2.0
ravel_jeux,1,20.0,0.125,62,1,1,6,2.0
ravel_jeux,1,20.0,0.5,68,2,2,6,2.0
ravel_jeux,1,20.125,0.125,60,1,1,6,2.125
ravel_jeux,1,20.25,0.125,62,1,1,6,2.25
ravel_jeux,1,20.375,0.125,64,1,1,6,2.375
ravel_jeux,1,20.5,0.5,56,2,2,6,2.5
ravel_jeux,1,20.5,0.5,60,2,2,6,2.5
ravel_jeux,1,20.5,0.5,66,2,2,6,2.5
ravel_jeux,1,20.625,0.125,68,1,1,6,2.625
ravel_jeux,1,20.75,0.125,70,1,1,6,2.75
ravel_jeux,1,20.875,0.125,72,1,1,6,2.875
ravel_jeux,1,21.0,0.5,54,2,2,6,3.0
ravel_jeux,1,21.0,0.5,58,2,2,6,3.0
ravel_jeux,1,21.0,0.5,64,2,2,6,3.0
ravel_jeux,1,21.0,0.125,74,1,1,6,3.0
ravel_jeux,1,21.125,0.125,76,1,1,6,3.125
ravel_jeux,1,21.25,0.125,78,1,1,6,3.25
ravel_jeux,1,21.375,0.125,80,1,1,6,3.375
ravel_jeux,1,21.5,0.5,53,2,2,6,3.5
ravel_jeux,1,21.5,0.5,57,2,2,6,3.5
ravel_jeux,1,21.5,0.5,63,2,2,6,3.5
ravel_jeux,1,21.5,0.0625,71,1,1,6,3.5
ravel_jeux,1,21.5625,0.0625,73,1,1,6,3.5625
ravel_jeux,1,21.625,0.0625,75,1,1,6,3.625
ravel_jeux,1,21.6875,0.0625,77,1,1,6,3.6875
ravel_jeux,1,21.75,0.0625,80,1,1,6,3.75
ravel_jeux,1,21.8125,0.0625,81,1,1,6,3.8125
ravel_jeux,1,21.875,0.0625,83,1,1,6,3.875
ravel_jeux,1,21.9375,0.0625,85,1,1,6,3.9375
ravel_jeux,1,22.0,0.5,40,2,1,7,0.0
ravel_jeux,1,22.0,0.5,47,2,1,7,0.0
ravel_jeux,1,22.0,0.5,56,2,1,7,0.0
ravel_jeux,1,22.0,0.25,75,1,1,7,0.0
ravel_jeux,1,22.25,0.25,80,1,1,7,0.25
ravel_jeux,1,22.5,0.5,64,2,1,7,0.5
ravel_jeux,1,22.5,0.5,71,2,1,7,0.5
ravel_jeux,1,22.5,0.25,87,1,1,7,0.5
ravel_jeux,1,22.75,0.25,90,1,1,7,0.75
ravel_jeux,1,23.0,0.5,63,2,1,7,1.0
ravel_jeux,1,23.0,0.5,68,2,1,7,1.0
ravel_jeux,1,23.0,0.5,75,2,1,7,1.0
ravel_jeux,1,23.0,0.25,87,1,1,7,1.0
ravel_jeux,1,23.25,0.25,80,1,1,7,1.25
ravel_jeux,1,23.5,0.5,57,2,1,7,1.5
ravel_jeux,1,23.5,0.5,64,2,1,7,1.5
ravel_jeux,1,23.5,0.125,73,1,1,7,1.5
ravel_jeux,1,23.625,0.125,80,1,1,7,1.625
ravel_jeux,1,23.75,0.125,85,1,1,7,1.75
ravel_jeux,1,23.875,0.125,88,1,1,7,1.875
ravel_jeux,1,24.0,0.5,52,2,1,7,2.0
ravel_jeux,1,24.0,0.5,59,2,1,7,2.0
ravel_jeux,1,24.0,0.5,68,2,1,7,2.0
ravel_jeux,1,24.0,0.25,75,1,1,7,2.0
ravel_jeux,1,24.25,0.25,80,1,1,7,2.25
ravel_jeux,1,24.5,0.5,64,2,1,7,2.5
ravel_jeux,1,24.5,0.5,71,2,1,7,2.5
ravel_jeux,1,24.5,0.25,87,1,1,7,2.5
ravel_jeux,1,24.75,0.25,90,1,1,7,2.75
ravel_jeux,1,25.0,0.5,63,2,1,7,3.0
ravel_jeux,1,25.0,0.5,68,2,1,7,3.0
ravel_jeux,1,25.0,0.5,75,2,1,7,3.0
ravel_jeux,1,25.0,0.25,87,1,1,7,3.0
ravel_jeux,1,25.25,0.25,80,1,1,7,3.25
ravel_jeux,1,25.5,0.5,57,2,1,7,3.5
ravel_jeux,1,25.5,0.5,64,2,1,7,3.5
ravel_jeux,1,25.5,0.125,73,1,1,7,3.5
ravel_jeux,1,25.625,0.125,80,1,1,7,3.625
ravel_jeux,1,25.75,0.125,85,1,1,7,3.75
ravel_jeux,1,25.875,0.125,88,1,1,7,3.875
ravel_jeux,1,26.0,0.5,52,2,1,8,0.0
ravel_jeux,1,26.0,0.5,59,2,1,8,0.0
ravel_jeux,1,26.0,0.5,68,2,1,8,0.0
ravel_jeux,1,26.0,0.25,75,1,1,8,0.0
ravel_jeux,1,26.25,0.25,80,1,1,8,0.25
ravel_jeux,1,26.5,0.5,64,2,1,8,0.5
ravel_jeux,1,26.5,0.5,71,2,1,8,0.5
ravel_jeux,1,26.5,0.25,87,1,1,8,0.5
ravel_jeux,1,26.75,0.25,90,1,1,8,0.75
ravel_jeux,1,27.0,0.5,63,2,1,8,1.0
ravel_jeux,1,27.0,0.5,68,2,1,8,1.0
ravel_jeux,1,27.0,0.5,75,2,1,8,1.0
ravel_jeux,1,27.0,0.25,80,1,1,8,1.0
ravel_jeux,1,27.25,0.25,87,1,1,8,1.25
ravel_jeux,1,27.5,0.5,71,2,1,8,1.5
ravel_jeux,1,27.5,0.5,76,2,1,8,1.5
ravel_jeux,1,27.5,0.5,83,2,1,8,1.5
ravel_jeux,1,27.5,0.25,92,1,1,8,1.5
ravel_jeux,1,27.75,0.25,95,1,1,8,1.75
schoenberg_19_6,1,0.0,1.0,69,upper,31,1,-1.0
schoenberg_19_6,1,0.0,1.0,78,upper,31,1,-1.0
schoenberg_19_6,1,0.0,1.0,83,upper,31,1,-1.0
schoenberg_19_6,1,1.0,4.0,69,upper,31,1,0.0
schoenberg_19_6,1,1.0,4.0,78,upper,31,1,0.0
schoenberg_19_6,1,1.0,4.0,83,upper,31,1,0.0
schoenberg_19_6,1,3.0,2.0,55,lower,35,1,2.0
schoenberg_19_6,1,3.0,2.0,60,lower,35,1,2.0
schoenberg_19_6,1,3.0,2.0,65,lower,35,1,2.0
schoenberg_19_6,1,5.0,2.0,69,upper,31,2,0.0
schoenberg_19_6,1,5.0,2.0,78,upper,31,2,0.0
schoenberg_19_6,1,5.0,2.0,83,upper,31,2,0.0
schoenberg_19_6,1,5.0,2.0,55,lower,35,2,0.0
schoenberg_19_6,1,5.0,2.0,60,lower,35,2,0.0
schoenberg_19_6,1,5.0,2.0,65,lower,35,2,0.0
schoenberg_19_6,1,7.0,2.0,69,upper,31,2,2.0
schoenberg_19_6,1,7.0,2.0,78,upper,31,2,2.0
schoenberg_19_6,1,7.0,2.0,83,upper,31,2,2.0
schoenberg_19_6,1,9.0,4.0,69,upper,31,3,0.0
schoenberg_19_6,1,9.0,4.0,78,upper,31,3,0.0
schoenberg_19_6,1,9.0,4.0,83,upper,31,3,0.0
schoenberg_19_6,1,10.0,3.0,55,lower,35,3,1.0
schoenberg_19_6,1,10.0,3.0,60,lower,35,3,1.0
schoenberg_19_6,1,10.0,3.0,65,lower,35,3,1.0
schoenberg_19_6,1,11.0,2.0,75,upper,32,3,2.0
schoenberg_19_6,1,11.0,1.5,87,lower,34,3,2.0
schoenberg_19_6,1,12.5,0.5,88,lower,34,3,3.5
schoenberg_19_6,1,13.0,2.0,69,upper,31,4,0.0
schoenberg_19_6,1,13.0,2.0,78,upper,31,4,0.0
schoenberg_19_6,1,13.0,2.0,83,upper,31,4,0.0
schoenberg_19_6,1,13.0,0.5,75,upper,32,4,0.0
schoenberg_19_6,1,13.0,0.5,88,lower,34,4,0.0
schoenberg_19_6,1,13.0,2.0,55,lower,35,4,0.0
schoenberg_19_6,1,13.0,2.0,60,lower,35,4,0.0
schoenberg_19_6,1,13.0,2.0,65,lower,35,4,0.0
schoenberg_19_6,1,13.5,0.5,75,upper,32,4,0.5
schoenberg_19_6,1,13.5,0.5,87,lower,34,4,0.5
schoenberg_19_6,1,16.0,1.0,69,upper,31,4,3.0
schoenberg_19_6,1,16.0,1.0,78,upper,31,4,3.0
schoenberg_19_6,1,16.0,1.0,83,upper,31,4,3.0
schoenberg_19_6,1,17.0,2.0,69,upper,31,5,0.0
schoenberg_19_6,1,17.0,2.0,78,upper,31,5,0.0
schoenberg_19_6,1,17.0,2.0,83,upper,31,5,0.0
schoenberg_19_6,1,17.0,3.0,55,lower,35,5,0.0
schoenberg_19_6,1,17.0,3.0,60,lower,35,5,0.0
schoenberg_19_6,1,17.0,3.0,65,lower,35,5,0.0
schoenberg_19_6,1,19.0,2.0,60,upper,31,5,2.0
schoenberg_19_6,1,19.0,2.0,65,upper,31,5,2.0
schoenberg_19_6,1,19.0,2.0,70,upper,31,5,2.0
schoenberg_19_6,1,20.0,1.0,40,lower,35,5,3.0
schoenberg_19_6,1,20.0,1.0,50,lower,35,5,3.0
schoenberg_19_6,1,20.5,0.5,56,lower,34,5,3.5
schoenberg_19_6,1,21.0,4.0,60,upper,31,6,0.0
schoenberg_19_6,1,21.0,4.0,65,upper,31,6,0.0
schoenberg_19_6,1,21.0,4.0,70,upper,31,6,0.0
schoenberg_19_6,1,21.0,1.0,56,lower,34,6,0.0
schoenberg_19_6,1,21.0,4.0,40,lower,35,6,0.0
schoenberg_19_6,1,21.0,4.0,50,lower,35,6,0.0
schoenberg_19_6,1,22.0,3.0,54,lower,34,6,1.0
schoenberg_19_6,1,26.0,0.5,62,upper,31,7,1.0
schoenberg_19_6,1,26.5,0.5,49,lower,31,7,1.5
schoenberg_19_6,1,27.0,0.3333333333333333,49,lower,31,7,2.0
schoenberg_19_6,1,27.333333333333332,0.3333333333333333,50,lower,31,7,2.3333333333333335
schoenberg_19_6,1,27.666666666666668,0.6666666666666666,54,lower,31,7,2.6666666666666665
schoenberg_19_6,1,28.333333333333332,0.6666666666666666,51,lower,31,7,3.3333333333333335
schoenberg_19_6,1,29.333333333333332,0.6666666666666666,62,upper,31,8,0.3333333333333333
schoenberg_19_6,1,29.333333333333332,0.6666666666666666,68,upper,31,8,0.3333333333333333
schoenberg_19_6,1,29.333333333333332,0.6666666666666666,72,upper,31,8,0.3333333333333333
schoenberg_19_6,1,29.333333333333332,0.3333333333333333,64,upper,32,8,0.3333333333333333
schoenberg_19_6,1,29.333333333333332,0.6666666666666666,54,lower,34,8,0.3333333333333333
schoenberg_19_6,1,29.333333333333332,0.6666666666666666,49,lower,35,8,0.3333333333333333
schoenberg_19_6,1,29.333333333333332,0.6666666666666666,59,lower,35,8,0.3333333333333333
schoenberg_19_6,1,29.666666666666668,0.3333333333333333,63,upper,32,8,0.6666666666666666
schoenberg_19_6,1,30.0,0.5,62,upper,31,8,1.0
schoenberg_19_6,1,30.0,0.5,68,upper,31,8,1.0
schoenberg_19_6,1,30.0,0.5,72,upper,31,8,1.0
schoenberg_19_6,1,30.0,0.5,63,upper,32,8,1.0
schoenberg_19_6,1,30.0,0.5,55,lower,34,8,1.0
schoenberg_19_6,1,30.0,0.5,49,lower,35,8,1.0
schoenberg_19_6,1,30.0,0.5,59,lower,35,8,1.0
scriabin_59_2,1,0.0,1.5,55,upper,1,1,-1.5
scriabin_59_2,1,0.0,1.5,60,upper,1,1,-1.5
scriabin_59_2,1,0.0,1.5,66,upper,1,1,-1.5
scriabin_59_2,1,0.0,0.25,33,lower,3,1,-1.5
scriabin_59_2,1,0.0,0.25,45,lower,3,1,-1.5
scriabin_59_2,1,0.25,0.25,27,lower,3,1,-1.25
scriabin_59_2,1,0.25,0.25,39,lower,3,1,-1.25
scriabin_59_2,1,1.5,0.5,58,upper,1,1,0.0
scriabin_59_2,1,1.5,0.5,63,upper,1,1,0.0
scriabin_59_2,1,1.5,0.25,36,lower,3,1,0.0
scriabin_59_2,1,1.5,0.25,48,lower,3,1,0.0
scriabin_59_2,1,1.75,0.25,31,lower,3,1,0.25
scriabin_59_2,1,1.75,0.25,43,lower,3,1,0.25
scriabin_59_2,1,2.0,1.0,62,upper,1,1,0.5
scriabin_59_2,1,2.0,1.0,74,upper,1,1,0.5
scriabin_59_2,1,2.0,0.5,51,lower,3,1,0.5
scriabin_59_2,1,2.0,0.5,58,lower,3,1,0.5
scriabin_59_2,1,2.0,0.5,63,lower,3,1,0.5
scriabin_59_2,1,3.0,1.5,55,upper,1,1,1.5
scriabin_59_2,1,3.0,1.5,66,upper,1,1,1.5
scriabin_59_2,1,3.0,0.5,60,upper,2,1,1.5
scriabin_59_2,1,3.0,0.25,33,lower,3,1,1.5
scriabin_59_2,1,3.0,0.25,45,lower,3,1,1.5
scriabin_59_2,1,3.25,0.25,27,lower,3,1,1.75
scriabin_59_2,1,3.25,0.25,39,lower,3,1,1.75
scriabin_59_2,1,3.5,0.5,61,upper,2,1,2.0
scriabin_59_2,1,4.0,0.5,60,upper,2,1,2.5
scriabin_59_2,1,4.5,1.0,63,upper,1,2,0.0
scriabin_59_2,1,4.5,0.5,59,upper,2,2,0.0
scriabin_59_2,1,4.5,0.25,36,lower,3,2,0.0
scriabin_59_2,1,4.5,0.25,48,lower,3,2,0.0
scriabin_59_2,1,4.75,0.25,31,lower,3,2,0.25
scriabin_59_2,1,4.75,0.25,43,lower,3,2,0.25
scriabin_59_2,1,5.0,0.5,58,upper,2,2,0.5
scriabin_59_2,1,5.5,0.5,62,upper,1,2,1.0
scriabin_59_2,1,5.5,0.5,74,upper,1,2,1.0
scriabin_59_2,1,5.5,0.5,51,lower,3,2,1.0
scriabin_59_2,1,5.5,0.5,58,lower,3,2,1.0
scriabin_59_2,1,5.5,0.5,63,lower,3,2,1.0
scriabin_59_2,1,6.0,0.5,62,upper,1,2,1.5
scriabin_59_2,1,6.0,0.5,74,upper,1,2,1.5
scriabin_59_2,1,6.0,0.5,51,lower,3,2,1.5
scriabin_59_2,1,6.0,0.5,58,lower,3,2,1.5
scriabin_59_2,1,6.0,0.5,63,lower,3,2,1.5
scriabin_59_2,1,6.5,0.5,70,upper,1,2,2.0
scriabin_59_2,1,7.0,0.5,69,upper,1,2,2.5
scriabin_59_2,1,7.5,0.3,74,upper,1,3,0.0
scriabin_59_2,1,7.8,0.3,70,upper,1,3,0.3
scriabin_59_2,1,8.1,0.3,69,upper,1,3,0.6
scriabin_59_2,1,8.4,0.3,66,upper,1,3,0.9
scriabin_59_2,1,8.7,0.3,63,upper,1,3,1.2
scriabin_59_2,1,9.0,1.5,55,upper,1,3,1.5
scriabin_59_2,1,9.0,1.5,66,upper,1,3,1.5
scriabin_59_2,1,9.0,0.5,60,upper,2,3,1.5
scriabin_59_2,1,9.0,0.25,33,lower,3,3,1.5
scriabin_59_2,1,9.0,0.25,45,lower,3,3,1.5
scriabin_59_2,1,9.25,0.25,27,lower,3,3,1.75
scriabin_59_2,1,9.25,0.25,39,lower,3,3,1.75
scriabin_59_2,1,9.5,0.5,61,upper,2,3,2.0
scriabin_59_2,1,10.0,0.5,60,upper,2,3,2.5
scriabin_59_2,1,10.5,1.0,63,upper,1,4,0.0
scriabin_59_2,1,10.5,0.5,59,upper,2,4,0.0
scriabin_59_2,1,10.5,0.25,36,lower,3,4,0.0
scriabin_59_2,1,10.5,0.25,48,lower,3,4,0.0
scriabin_59_2,1,10.75,0.25,31,lower,3,4,0.25
scriabin_59_2,1,10.75,0.25,43,lower,3,4,0.25
scriabin_59_2,1,11.0,0.5,58,upper,2,4,0.5
scriabin_59_2,1,11.5,0.5,62,upper,1,4,1.0
scriabin_59_2,1,11.5,0.5,74,upper,1,4,1.0
scriabin_59_2,1,11.5,0.5,51,lower,3,4,1.0
scriabin_59_2,1,11.5,0.5,58,lower,3,4,1.0
scriabin_59_2,1,11.5,0.5,63,lower,3,4,1.0
scriabin_59_2,1,12.0,0.5,62,upper,1,4,1.5
scriabin_59_2,1,12.0,0.5,74,upper,1,4,1.5
scriabin_59_2,1,12.0,0.5,51,lower,3,4,1.5
scriabin_59_2,1,12.0,0.5,58,lower,3,4,1.5
scriabin_59_2,1,12.0,0.5,63,lower,3,4,1.5
scriabin_59_2,1,12.5,0.5,70,upper,1,4,2.0
scriabin_59_2,1,13.0,0.5,69,upper,1,4,2.5
scriabin_59_2,1,13.5,0.375,74,upper,1,5,0.0
scriabin_59_2,1,13.875,0.375,70,upper,1,5,0.375
scriabin_59_2,1,14.25,0.375,69,upper,1,5,0.75
scriabin_59_2,1,14.625,0.375,66,upper,1,5,1.125
scriabin_59_2,1,15.0,1.5,58,upper,1,5,1.5
scriabin_59_2,1,15.0,1.5,69,upper,1,5,1.5
scriabin_59_2,1,15.0,0.5,63,upper,2,5,1.5
scriabin_59_2,1,15.0,0.25,36,lower,3,5,1.5
scriabin_59_2,1,15.0,0.25,48,lower,3,5,1.5
scriabin_59_2,1,15.25,0.25,30,lower,3,5,1.75
scriabin_59_2,1,15.25,0.25,42,lower,3,5,1.75
scriabin_59_2,1,15.5,0.5,64,upper,2,5,2.0
scriabin_59_2,1,16.0,0.5,63,upper,2,5,2.5
scriabin_59_2,1,16.5,1.0,66,upper,1,6,0.0
scriabin_59_2,1,16.5,0.5,62,upper,2,6,0.0
scriabin_59_2,1,16.5,0.25,39,lower,3,6,0.0
scriabin_59_2,1,16.5,0.25,51,lower,3,6,0.0
scriabin_59_2,1,16.75,0.25,34,lower,3,6,0.25
scriabin_59_2,1,16.75,0.25,46,lower,3,6,0.25
scriabin_59_2,1,17.0,0.5,61,upper,2,6,0.5
scriabin_59_2,1,17.5,0.5,65,upper,1,6,1.0
scriabin_59_2,1,17.5,0.5,77,upper,1,6,1.0
scriabin_59_2,1,17.5,0.5,54,lower,3,6,1.0
scriabin_59_2,1,17.5,0.5,61,lower,3,6,1.0
scriabin_59_2,1,17.5,0.5,66,lower,3,6,1.0
scriabin_59_2,1,18.0,0.5,65,upper,1,6,1.5
scriabin_59_2,1,18.0,0.5,77,upper,1,6,1.5
scriabin_59_2,1,18.0,0.5,54,lower,3,6,1.5
scriabin_59_2,1,18.0,0.5,61,lower,3,6,1.5
scriabin_59_2,1,18.0,0.5,66,lower,3,6,1.5
scriabin_59_2,1,18.5,0.5,73,upper,1,6,2.0
scriabin_59_2,1,19.0,0.5,72,upper,1,6,2.5
scriabin_59_2,1,19.5,0.375,77,upper,1,7,0.0
scriabin_59_2,1,19.875,0.375,73,upper,1,7,0.375
scriabin_59_2,1,20.25,0.375,72,upper,1,7,0.75
scriabin_59_2,1,20.625,0.375,69,upper,1,7,1.125
scriabin_59_2,1,21.0,1.5,61,upper,1,7,1.5
scriabin_59_2,1,21.0,1.5,66,upper,1,7,1.5
scriabin_59_2,1,21.0,1.5,72,upper,1,7,1.5
scriabin_59_2,1,21.0,0.25,39,lower,3,7,1.5
scriabin_59_2,1,21.0,0.25,51,lower,3,7,1.5
scriabin_59_2,1,21.25,0.25,33,lower,3,7,1.75
scriabin_59_2,1,21.25,0.25,45,lower,3,7,1.75
scriabin_59_2,1,22.5,0.5,57,upper,1,8,0.0
scriabin_59_2,1,22.5,0.5,64,upper,1,8,0.0
scriabin_59_2,1,22.5,0.5,69,upper,1,8,0.0
scriabin_59_2,1,22.5,0.25,36,lower,3,8,0.0
scriabin_59_2,1,22.5,0.25,48,lower,3,8,0.0
scriabin_59_2,1,22.75,0.25,30,lower,3,8,0.25
scriabin_59_2,1,22.75,0.25,42,lower,3,8,0.25
scriabin_59_2,1,23.0,1.0,68,upper,1,8,0.5
scriabin_59_2,1,23.0,1.0,80,upper,1,8,0.5
scriabin_59_2,1,23.0,1.0,57,lower,3,8,0.5
scriabin_59_2,1,23.0,1.0,64,lower,3,8,0.5
scriabin_59_2,1,23.0,1.0,69,lower,3,8,0.5
scriabin_59_2,1,24.0,1.5,61,upper,1,8,1.5
scriabin_59_2,1,24.0,1.5,72,upper,1,8,1.5
scriabin_59_2,1,24.0,0.5,66,upper,2,8,1.5
scriabin_59_2,1,24.0,0.25,39,lower,3,8,1.5
scriabin_59_2,1,24.0,0.25,51,lower,3,8,1.5
scriabin_59_2,1,24.25,0.25,33,lower,3,8,1.75
scriabin_59_2,1,24.25,0.25,45,lower,3,8,1.75
scriabin_59_2,1,24.5,0.5,67,upper,2,8,2.0
scriabin_59_2,1,25.0,0.5,66,upper,2,8,2.5
casella_31,1,0.0,1.0,62,upper,2,1,-1.0
casella_31,1,0.0,1.0,64,upper,2,1,-1.0
casella_31,1,1.0,0.75,65,upper,2,1,0.0
casella_31,1,1.0,1.0,61,upper,3,1,0.0
casella_31,1,1.0,1.0,27,lower,6,1,0.0
casella_31,1,1.75,0.25,67,upper,2,1,0.75
casella_31,1,2.0,1.0,61,upper,2,1,1.0
casella_31,1,2.0,1.0,65,upper,2,1,1.0
casella_31,1,2.0,1.0,46,lower,6,1,1.0
casella_31,1,2.0,1.0,57,lower,6,1,1.0
casella_31,1,3.0,1.0,61,upper,2,1,2.0
casella_31,1,3.0,1.0,65,upper,2,1,2.0
casella_31,1,3.0,1.0,57,lower,5,1,2.0
casella_31,1,3.0,1.0,46,lower,6,1,2.0
casella_31,1,3.0,1.0,57,lower,6,1,2.0
casella_31,1,4.0,2.0,57,upper,2,2,0.0
casella_31,1,4.0,2.0,61,upper,2,2,0.0
casella_31,1,4.0,2.0,65,upper,2,2,0.0
casella_31,1,4.0,2.0,57,upper,5,2,0.0
casella_31,1,4.0,2.0,40,lower,6,2,0.0
casella_31,1,4.0,2.0,46,lower,6,2,0.0
casella_31,1,6.0,1.0,59,upper,2,2,2.0
casella_31,1,6.0,1.0,62,upper,2,2,2.0
casella_31,1,6.0,1.0,64,upper,2,2,2.0
casella_31,1,6.0,1.0,67,upper,2,2,2.0
casella_31,1,6.0,1.0,56,lower,6,2,2.0
casella_31,1,7.0,0.75,70,upper,2,3,0.0
casella_31,1,7.0,1.0,60,upper,3,3,0.0
casella_31,1,7.0,1.0,65,upper,3,3,0.0
casella_31,1,7.0,1.0,32,lower,6,3,0.0
casella_31,1,7.75,0.25,68,upper,2,3,0.75
casella_31,1,8.0,1.0,60,upper,2,3,1.0
casella_31,1,8.0,1.0,67,upper,2,3,1.0
casella_31,1,8.0,1.0,72,upper,2,3,1.0
casella_31,1,8.0,1.0,51,lower,6,3,1.0
casella_31,1,8.0,1.0,56,lower,6,3,1.0
casella_31,1,9.0,1.0,60,upper,2,3,2.0
casella_31,1,9.0,1.0,67,upper,2,3,2.0
casella_31,1,9.0,1.0,72,upper,2,3,2.0
casella_31,1,9.0,1.0,51,lower,6,3,2.0
casella_31,1,9.0,1.0,56,lower,6,3,2.0
casella_31,1,10.0,2.0,60,upper,2,4,0.0
casella_31,1,10.0,2.0,67,upper,2,4,0.0
casella_31,1,10.0,2.0,72,upper,2,4,0.0
casella_31,1,10.0,2.0,44,lower,6,4,0.0
casella_31,1,10.0,2.0,51,lower,6,4,0.0
casella_31,1,10.0,2.0,56,lower,6,4,0.0
casella_31,1,12.0,1.0,74,upper,2,4,2.0
casella_31,1,12.0,1.0,76,upper,2,4,2.0
casella_31,1,13.0,0.75,77,upper,2,5,0.0
casella_31,1,13.0,1.0,73,upper,3,5,0.0
casella_31,1,13.0,1.0,27,lower,6,5,0.0
casella_31,1,13.75,0.25,79,upper,2,5,0.75
casella_31,1,14.0,1.0,69,upper,2,5,1.0
casella_31,1,14.0,1.0,61,upper,3,5,1.0
casella_31,1,14.0,1.0,66,upper,3,5,1.0
casella_31,1,14.0,1.0,55,lower,6,5,1.0
casella_31,1,15.0,1.0,61,upper,2,5,2.0
casella_31,1,15.0,1.0,66,upper,2,5,2.0
casella_31,1,15.0,1.0,69,upper,2,5,2.0
casella_31,1,15.0,1.0,55,lower,6,5,2.0
casella_31,1,16.0,2.0,61,upper,2,6,0.0
casella_31,1,16.0,2.0,66,upper,2,6,0.0
casella_31,1,16.0,2.0,69,upper,2,6,0.0
casella_31,1,16.0,2.0,55,lower,5,6,0.0
casella_31,1,16.0,2.0,39,lower,6,6,0.0
casella_31,1,16.0,2.0,46,lower,6,6,0.0
casella_31,1,18.0,1.0,64,upper,2,6,2.0
casella_31,1,18.0,1.0,68,upper,2,6,2.0
casella_31,1,18.0,1.0,70,upper,2,6,2.0
casella_31,1,19.0,0.75,71,upper,2,7,0.0
casella_31,1,19.0,1.0,67,upper,3,7,0.0
casella_31,1,19.0,1.0,32,lower,6,7,0.0
casella_31,1,19.75,0.25,72,upper,2,7,0.75
casella_31,1,20.0,1.0,60,upper,2,7,1.0
casella_31,1,20.0,1.0,62,upper,2,7,1.0
casella_31,1,20.0,1.0,51,lower,6,7,1.0
casella_31,1,20.0,1.0,56,lower,6,7,1.0
casella_31,1,21.0,1.0,60,upper,2,7,2.0
casella_31,1,21.0,1.0,62,upper,2,7,2.0
casella_31,1,21.0,1.0,51,lower,6,7,2.0
casella_31,1,21.0,1.0,56,lower,6,7,2.0
casella_31,1,22.0,2.0,60,upper,2,8,0.0
casella_31,1,22.0,2.0,62,upper,2,8,0.0
casella_31,1,22.0,2.0,62,upper,3,8,0.0
casella_31,1,22.0,2.0,44,lower,6,8,0.0
casella_31,1,22.0,2.0,51,lower,6,8,0.0
casella_31,1,22.0,2.0,56,lower,6,8,0.0
casella_31,1,24.0,1.0,63,lower,3,8,2.0
casella_31,1,24.0,1.0,63,lower,6,8,2.0
casella_31,2,0.0,0.125,84,upper,8,1,-1.125
casella_31,2,0.0,0.125,61,lower,11,1,-1.125
casella_31,2,0.125,0.5,97,upper,8,1,-1.0
casella_31,2,0.125,0.25,74,lower,11,1,-1.0
casella_31,2,0.375,0.25,69,lower,11,1,-0.75
casella_31,2,0.625,0.5,92,upper,8,1,-0.5
casella_31,2,0.625,0.25,79,lower,11,1,-0.5
casella_31,2,0.875,0.25,70,lower,11,1,-0.25
casella_31,2,1.125,0.875,86,upper,8,1,0.0
casella_31,2,1.125,0.875,75,lower,11,1,0.0
casella_31,2,2.0,0.125,79,upper,8,1,0.875
casella_31,2,2.0,0.125,68,lower,11,1,0.875
casella_31,2,2.125,0.5,85,upper,8,1,1.0
casella_31,2,2.125,0.25,62,lower,11,1,1.0
casella_31,2,2.375,0.25,76,lower,11,1,1.25
casella_31,2,2.625,0.5,80,upper,8,1,1.5
casella_31,2,2.625,0.25,69,lower,11,1,1.5
casella_31,2,2.875,0.25,62,lower,11,1,1.75
casella_31,2,3.125,0.875,74,upper,8,2,0.0
casella_31,2,3.125,0.875,61,lower,11,2,0.0
casella_31,2,4.0,0.125,67,upper,8,2,0.875
casella_31,2,4.0,0.125,56,lower,11,2,0.875
casella_31,2,4.125,0.25,73,upper,8,2,1.0
casella_31,2,4.125,0.25,62,lower,11,2,1.0
casella_31,2,4.375,0.25,68,upper,8,2,1.25
casella_31,2,4.375,0.25,57,lower,11,2,1.25
casella_31,2,4.625,0.25,62,upper,8,2,1.5
casella_31,2,4.625,0.25,51,lower,11,2,1.5
casella_31,2,4.875,0.25,55,upper,8,2,1.75
casella_31,2,4.875,0.25,44,lower,11,2,1.75
casella_31,2,5.125,0.25,61,upper,8,3,0.0
casella_31,2,5.125,0.25,50,lower,11,3,0.0
casella_31,2,5.375,0.25,56,upper,8,3,0.25
casella_31,2,5.375,0.25,45,lower,11,3,0.25
casella_31,2,5.625,0.25,50,upper,8,3,0.5
casella_31,2,5.625,0.25,39,lower,11,3,0.5
casella_31,2,5.875,0.25,49,upper,8,3,0.75
casella_31,2,5.875,0.25,54,upper,8,3,0.75
casella_31,2,5.875,0.25,43,lower,11,3,0.75
casella_31,2,6.125,0.25,48,upper,8,3,1.0
casella_31,2,6.125,0.25,53,upper,8,3,1.0
casella_31,2,6.125,0.25,42,lower,11,3,1.0
casella_31,2,6.375,0.25,46,upper,8,3,1.25
casella_31,2,6.375,0.25,51,upper,8,3,1.25
casella_31,2,6.375,0.25,41,lower,11,3,1.25
casella_31,2,6.625,0.25,45,upper,8,3,1.5
casella_31,2,6.625,0.25,50,upper,8,3,1.5
casella_31,2,6.625,0.25,40,lower,11,3,1.5
casella_31,2,6.875,0.25,44,upper,8,3,1.75
casella_31,2,6.875,0.25,49,upper,8,3,1.75
casella_31,2,6.875,0.25,39,lower,11,3,1.75
casella_31,2,7.125,0.25,43,upper,8,4,0.0
casella_31,2,7.125,0.25,48,upper,8,4,0.0
casella_31,2,7.125,0.25,38,lower,11,4,0.0
casella_31,2,7.375,0.25,42,upper,8,4,0.25
casella_31,2,7.375,0.25,47,upper,8,4,0.25
casella_31,2,7.375,0.25,37,lower,11,4,0.25
casella_31,2,7.625,0.5,41,upper,8,4,0.5
casella_31,2,7.625,0.5,46,upper,8,4,0.5
casella_31,2,7.625,0.5,36,lower,11,4,0.5
casella_31,2,8.125,0.5,41,upper,8,4,1.0
casella_31,2,8.125,0.5,46,upper,8,4,1.0
casella_31,2,8.125,0.5,36,lower,11,4,1.0
casella_31,2,8.625,0.5,41,upper,8,4,1.5
casella_31,2,8.625,0.5,46,upper,8,4,1.5
casella_31,2,8.625,0.5,36,lower,11,4,1.5
casella_31,2,9.125,0.5,41,upper,8,5,0.0
casella_31,2,9.125,0.5,46,upper,8,5,0.0
casella_31,2,9.125,0.5,36,lower,11,5,0.0
casella_31,2,9.625,0.5,41,upper,8,5,0.5
casella_31,2,9.625,0.5,46,upper,8,5,0.5
casella_31,2,9.625,0.5,36,lower,11,5,0.5
casella_31,2,10.125,0.5,41,upper,8,5,1.0
casella_31,2,10.125,0.5,46,upper,8,5,1.0
casella_31,2,10.125,0.5,36,lower,11,5,1.0
casella_31,2,10.625,0.5,41,upper,8,5,1.5
casella_31,2,10.625,0.5,36,lower,11,5,1.5
casella_31,2,11.125,0.5,41,upper,8,6,0.0
casella_31,2,11.125,0.5,36,lower,11,6,0.0
casella_31,2,11.625,0.5,41,upper,8,6,0.5
casella_31,2,11.625,0.5,36,lower,11,6,0.5
casella_31,2,12.125,0.5,41,upper,8,6,1.0
casella_31,2,12.125,0.5,36,lower,11,6,1.0
casella_31,2,12.625,0.5,36,lower,11,6,1.5
casella_31,2,13.125,0.5,36,lower,11,6,2.0
casella_31,2,13.625,0.5,36,lower,11,6,2.5
casella_31,2,14.125,0.25,54,upper,8,7,0.0
casella_31,2,14.125,0.25,58,upper,8,7,0.0
casella_31,2,14.125,0.5,36,lower,11,7,0.0
casella_31,2,14.125,0.5,44,lower,11,7,0.0
casella_31,2,14.375,0.25,54,upper,8,7,0.25
casella_31,2,14.375,0.25,58,upper,8,7,0.25
casella_31,2,14.625,0.25,54,upper,8,7,0.5
casella_31,2,14.625,0.25,58,upper,8,7,0.5
casella_31,2,14.625,0.5,44,lower,11,7,0.5
casella_31,2,14.625,0.5,49,lower,11,7,0.5
casella_31,2,14.875,0.25,54,upper,8,7,0.75
casella_31,2,14.875,0.25,58,upper,8,7,0.75
casella_31,2,15.125,0.5,52,upper,8,7,1.0
casella_31,2,15.125,0.5,56,upper,8,7,1.0
casella_31,2,15.125,0.5,36,lower,11,7,1.0
casella_31,2,15.125,0.5,44,lower,11,7,1.0
casella_31,2,15.625,0.5,54,upper,8,7,1.5
casella_31,2,15.625,0.5,58,upper,8,7,1.5
casella_31,2,15.625,0.5,44,lower,11,7,1.5
casella_31,2,15.625,0.5,49,lower,11,7,1.5
casella_31,2,16.125,0.5,49,upper,8,8,0.0
casella_31,2,16.125,0.5,54,upper,8,8,0.0
casella_31,2,16.125,0.5,36,lower,11,8,0.0
casella_31,2,16.125,0.5,44,lower,11,8,0.0
casella_31,2,16.625,0.5,54,upper,8,8,0.5
casella_31,2,16.625,0.5,58,upper,8,8,0.5
casella_31,2,16.625,0.5,44,lower,11,8,0.5
casella_31,2,16.625,0.5,49,lower,11,8,0.5
casella_31,2,17.125,1.0,53,upper,8,8,1.0
casella_31,2,17.125,1.0,55,upper,8,8,1.0
casella_31,2,17.125,1.0,59,upper,8,8,1.0
casella_31,2,17.125,1.0,64,upper,8,8,1.0
casella_31,2,17.125,0.5,36,lower,11,8,1.0
casella_31,2,17.125,0.5,44,lower,11,8,1.0
casella_31,2,17.625,0.5,44,lower,11,8,1.5
casella_31,2,17.625,0.5,50,lower,11,8,1.5
szymanowski_1,1,0.0,0.3333333333333333,66,lower,6,1,0.0
szymanowski_1,1,0.3333333333333333,0.3333333333333333,59,lower,6,1,0.3333333333333333
szymanowski_1,1,0.6666666666666666,0.3333333333333333,58,lower,6,1,0.6666666666666666
szymanowski_1,1,1.0,0.3333333333333333,59,lower,6,1,1.0
szymanowski_1,1,1.3333333333333333,0.3333333333333333,54,lower,6,1,1.3333333333333333
szymanowski_1,1,1.6666666666666667,0.3333333333333333,47,lower,6,1,1.6666666666666667
szymanowski_1,1,2.0,0.3333333333333333,62,lower,6,2,0.0
szymanowski_1,1,2.3333333333333335,0.3333333333333333,59,lower,6,2,0.3333333333333333
szymanowski_1,1,2.6666666666666665,0.3333333333333333,58,lower,6,2,0.6666666666666666
szymanowski_1,1,3.0,0.3333333333333333,59,lower,6,2,1.0
szymanowski_1,1,3.3333333333333335,0.3333333333333333,54,lower,6,2,1.3333333333333333
szymanowski_1,1,3.6666666666666665,0.3333333333333333,47,lower,6,2,1.6666666666666667
szymanowski_1,1,4.0,0.3333333333333333,66,lower,6,3,0.0
szymanowski_1,1,4.333333333333333,0.3333333333333333,59,lower,6,3,0.3333333333333333
szymanowski_1,1,4.666666666666667,0.3333333333333333,58,lower,6,3,0.6666666666666666
szymanowski_1,1,5.0,0.3333333333333333,59,lower,6,3,1.0
szymanowski_1,1,5.333333333333333,0.3333333333333333,54,lower,6,3,1.3333333333333333
szymanowski_1,1,5.666666666666667,0.3333333333333333,47,lower,6,3,1.6666666666666667
szymanowski_1,1,6.0,0.3333333333333333,62,lower,6,4,0.0
szymanowski_1,1,6.333333333333333,0.3333333333333333,59,lower,6,4,0.3333333333333333
szymanowski_1,1,6.666666666666667,0.3333333333333333,58,lower,6,4,0.6666666666666666
szymanowski_1,1,7.0,1.0,78,upper,2,4,1.0
szymanowski_1,1,7.0,0.3333333333333333,59,lower,6,4,1.0
szymanowski_1,1,7.333333333333333,0.3333333333333333,54,lower,6,4,1.3333333333333333
szymanowski_1,1,7.666666666666667,0.3333333333333333,47,lower,6,4,1.6666666666666667
szymanowski_1,1,8.0,0.5,78,upper,2,5,0.0
szymanowski_1,1,8.0,0.3333333333333333,66,lower,6,5,0.0
szymanowski_1,1,8.333333333333334,0.3333333333333333,59,lower,6,5,0.3333333333333333
szymanowski_1,1,8.5,0.5,71,upper,2,5,0.5
szymanowski_1,1,8.666666666666666,0.3333333333333333,58,lower,6,5,0.6666666666666666
szymanowski_1,1,9.0,0.5,73,upper,2,5,1.0
szymanowski_1,1,9.0,0.3333333333333333,59,lower,6,5,1.0
szymanowski_1,1,9.333333333333334,0.3333333333333333,54,lower,6,5,1.3333333333333333
szymanowski_1,1,9.5,0.5,74,upper,2,5,1.5
szymanowski_1,1,9.666666666666666,0.3333333333333333,45,lower,6,5,1.6666666666666667
szymanowski_1,1,10.0,2.0,83,upper,2,6,0.0
szymanowski_1,1,10.0,0.3333333333333333,67,lower,6,6,0.0
szymanowski_1,1,10.333333333333334,0.3333333333333333,59,lower,6,6,0.3333333333333333
szymanowski_1,1,10.666666666666666,0.3333333333333333,58,lower,6,6,0.6666666666666666
szymanowski_1,1,11.0,0.3333333333333333,59,lower,6,6,1.0
szymanowski_1,1,11.333333333333334,0.3333333333333333,50,lower,6,6,1.3333333333333333
szymanowski_1,1,11.666666666666666,0.3333333333333333,43,lower,6,6,1.6666666666666667
szymanowski_1,1,12.0,1.0,81,upper,2,7,0.0
szymanowski_1,1,12.0,0.3333333333333333,66,lower,6,7,0.0
szymanowski_1,1,12.333333333333334,0.3333333333333333,59,lower,6,7,0.3333333333333333
szymanowski_1,1,12.666666666666666,0.3333333333333333,58,lower,6,7,0.6666666666666666
szymanowski_1,1,13.0,1.0,83,upper,2,7,1.0
szymanowski_1,1,13.0,0.3333333333333333,59,lower,6,7,1.0
szymanowski_1,1,13.333333333333334,0.3333333333333333,50,lower,6,7,1.3333333333333333
szymanowski_1,1,13.666666666666666,0.3333333333333333,42,lower,6,7,1.6666666666666667
szymanowski_1,1,14.0,2.0,79,upper,2,8,0.0
szymanowski_1,1,14.0,0.3333333333333333,64,lower,6,8,0.0
szymanowski_1,1,14.333333333333334,0.3333333333333333,55,lower,6,8,0.3333333333333333
szymanowski_1,1,14.666666666666666,0.3333333333333333,54,lower,6,8,0.6666666666666666
szymanowski_1,1,15.0,0.3333333333333333,55,lower,6,8,1.0
szymanowski_1,1,15.333333333333334,0.3333333333333333,47,lower,6,8,1.3333333333333333
szymanowski_1,1,15.666666666666666,0.3333333333333333,40,lower,6,8,1.6666666666666667
szymanowski_1,2,0.0,1.5,65,upper,8,1,0.0
szymanowski_1,2,0.5,0.5,69,lower,12,1,0.5
szymanowski_1,2,1.0,0.5,62,lower,12,1,1.0
szymanowski_1,2,1.5,0.5,64,upper,8,1,1.5
szymanowski_1,2,1.5,0.5,57,lower,12,1,1.5
szymanowski_1,2,2.0,0.5,64,upper,8,1,2.0
szymanowski_1,2,2.0,0.5,57,lower,12,1,2.0
szymanowski_1,2,2.5,0.5,62,upper,8,1,2.5
szymanowski_1,2,2.5,0.5,53,lower,12,1,2.5
szymanowski_1,2,3.0,0.5,65,upper,8,1,3.0
szymanowski_1,2,3.0,0.5,50,lower,12,1,3.0
szymanowski_1,2,3.5,0.5,69,upper,8,1,3.5
szymanowski_1,2,3.5,0.5,43,lower,12,1,3.5
szymanowski_1,2,4.0,1.0,72,upper,8,1,4.0
szymanowski_1,2,4.0,2.0,62,upper,9,1,4.0
szymanowski_1,2,4.0,2.0,65,upper,9,1,4.0
szymanowski_1,2,4.0,0.5,43,lower,12,1,4.0
szymanowski_1,2,4.5,0.5,50,lower,12,1,4.5
szymanowski_1,2,5.0,1.0,70,upper,8,1,5.0
szymanowski_1,2,5.0,0.5,53,lower,12,1,5.0
szymanowski_1,2,5.5,0.5,58,lower,12,1,5.5
szymanowski_1,2,6.0,1.5,70,upper,8,2,0.0
szymanowski_1,2,6.0,2.0,61,upper,9,2,0.0
szymanowski_1,2,6.0,0.5,65,lower,12,2,0.0
szymanowski_1,2,6.5,0.5,55,lower,12,2,0.5
szymanowski_1,2,7.0,0.5,53,lower,12,2,1.0
szymanowski_1,2,7.5,0.5,69,upper,8,2,1.5
szymanowski_1,2,7.5,0.5,46,lower,12,2,1.5
szymanowski_1,2,8.0,0.5,69,upper,8,2,2.0
szymanowski_1,2,8.0,2.0,62,upper,9,2,2.0
szymanowski_1,2,8.0,0.6666666666666666,58,lower,12,2,2.0
szymanowski_1,2,8.5,0.5,67,upper,8,2,2.5
szymanowski_1,2,8.666666666666666,0.6666666666666666,55,lower,12,2,2.6666666666666665
szymanowski_1,2,9.0,0.5,70,upper,8,2,3.0
szymanowski_1,2,9.333333333333334,0.6666666666666666,53,lower,12,2,3.3333333333333335
szymanowski_1,2,9.5,0.5,74,upper,8,2,3.5
szymanowski_1,2,10.0,1.0,81,upper,8,2,4.0
szymanowski_1,2,10.0,2.0,70,upper,9,2,4.0
szymanowski_1,2,10.0,2.0,74,upper,9,2,4.0
szymanowski_1,2,10.0,0.5,55,lower,12,2,4.0
szymanowski_1,2,10.5,0.5,62,lower,12,2,4.5
szymanowski_1,2,11.0,1.0,79,upper,8,2,5.0
szymanowski_1,2,11.0,0.5,65,lower,12,2,5.0
szymanowski_1,2,11.5,0.5,70,lower,12,2,5.5
szymanowski_1,2,12.0,0.5,81,upper,8,3,0.0
szymanowski_1,2,12.0,1.0,74,upper,9,3,0.0
szymanowski_1,2,12.0,0.5,65,lower,12,3,0.0
szymanowski_1,2,12.5,1.0,79,upper,8,3,0.5
szymanowski_1,2,12.5,0.5,58,lower,12,3,0.5
szymanowski_1,2,13.0,1.0,73,upper,9,3,1.0
szymanowski_1,2,13.0,0.5,53,lower,12,3,1.0
szymanowski_1,2,13.5,0.5,77,upper,8,3,1.5
szymanowski_1,2,13.5,0.5,46,lower,12,3,1.5
szymanowski_1,2,14.0,0.5,81,upper,8,3,2.0
szymanowski_1,2,14.0,1.0,74,upper,9,3,2.0
szymanowski_1,2,14.0,0.5,65,lower,12,3,2.0
szymanowski_1,2,14.5,1.0,79,upper,8,3,2.5
szymanowski_1,2,14.5,0.5,58,lower,12,3,2.5
szymanowski_1,2,15.0,1.0,73,upper,9,3,3.0
szymanowski_1,2,15.0,0.5,53,lower,12,3,3.0
szymanowski_1,2,15.5,0.5,77,upper,8,3,3.5
szymanowski_1,2,15.5,0.5,46,lower,12,3,3.5
szymanowski_1,2,16.0,0.5,79,upper,8,3,4.0
szymanowski_1,2,16.0,1.0,73,upper,9,3,4.0
szymanowski_1,2,16.0,0.5,70,lower,12,3,4.0
szymanowski_1,2,16.5,1.0,78,upper,8,3,4.5
szymanowski_1,2,16.5,0.5,64,lower,12,3,4.5
szymanowski_1,2,17.0,1.0,70,upper,9,3,5.0
szymanowski_1,2,17.0,0.5,58,lower,12,3,5.0
szymanowski_1,2,17.5,0.5,77,upper,8,3,5.5
szymanowski_1,2,17.5,0.5,55,lower,12,3,5.5
szymanowski_1,2,18.0,0.5,77,upper,8,4,0.0
szymanowski_1,2,18.0,1.0,67,upper,9,4,0.0
szymanowski_1,2,18.0,1.0,70,upper,9,4,0.0
szymanowski_1,2,18.0,0.5,33,lower,12,4,0.0
szymanowski_1,2,18.5,1.0,75,upper,8,4,0.5
szymanowski_1,2,18.5,0.5,45,lower,12,4,0.5
szymanowski_1,2,19.0,1.0,63,upper,9,4,1.0
szymanowski_1,2,19.0,0.5,55,lower,12,4,1.0
szymanowski_1,2,19.5,0.5,70,upper,8,4,1.5
szymanowski_1,2,19.5,0.5,58,lower,12,4,1.5
szymanowski_1,2,20.0,2.0,67,upper,9,4,2.0
szymanowski_1,2,20.0,0.5,63,lower,12,4,2.0
szymanowski_1,2,20.5,1.0,72,upper,8,4,2.5
szymanowski_1,2,20.5,0.5,58,lower,12,4,2.5
szymanowski_1,2,21.0,0.5,57,lower,12,4,3.0
szymanowski_1,2,21.5,0.5,73,upper,8,4,3.5
szymanowski_1,2,21.5,0.5,51,lower,12,4,3.5
szymanowski_1,2,22.0,0.5,73,upper,8,4,4.0
szymanowski_1,2,22.0,0.5,67,upper,9,4,4.0
szymanowski_1,2,22.0,0.5,45,lower,12,4,4.0
szymanowski_1,2,22.5,0.5,74,upper,8,4,4.5
szymanowski_1,2,22.5,0.5,64,upper,9,4,4.5
szymanowski_1,2,22.5,0.5,67,upper,9,4,4.5
szymanowski_1,2,22.5,0.5,58,lower,12,4,4.5
szymanowski_1,2,23.0,0.5,75,upper,8,4,5.0
szymanowski_1,2,23.0,1.0,67,upper,9,4,5.0
szymanowski_1,2,23.0,1.0,72,upper,9,4,5.0
szymanowski_1,2,23.0,0.5,57,lower,12,4,5.0
szymanowski_1,2,23.5,0.5,76,upper,8,4,5.5
szymanowski_1,2,23.5,0.5,70,lower,12,4,5.5
szymanowski_1,2,24.0,0.5,70,lower,12,5,0.0
szymanowski_1,2,24.5,1.0,65,upper,9,5,0.5
szymanowski_1,2,24.5,1.0,77,upper,9,5,0.5
szymanowski_1,2,24.5,0.5,69,lower,12,5,0.5
szymanowski_1,2,25.0,0.5,62,lower,12,5,1.0
szymanowski_1,2,25.5,0.5,64,upper,9,5,1.5
szymanowski_1,2,25.5,0.5,76,upper,9,5,1.5
szymanowski_1,2,25.5,0.5,57,lower,12,5,1.5
szymanowski_1,2,26.0,2.0,70,upper,8,5,2.0
szymanowski_1,2,26.0,0.5,64,upper,9,5,2.0
szymanowski_1,2,26.0,0.5,76,upper,9,5,2.0
szymanowski_1,2,26.0,0.5,62,lower,12,5,2.0
szymanowski_1,2,26.5,0.5,62,upper,9,5,2.5
szymanowski_1,2,26.5,0.5,74,upper,9,5,2.5
szymanowski_1,2,26.5,0.5,55,lower,12,5,2.5
szymanowski_1,2,27.0,0.5,65,upper,9,5,3.0
szymanowski_1,2,27.0,0.5,77,upper,9,5,3.0
szymanowski_1,2,27.0,0.5,50,lower,12,5,3.0
szymanowski_1,2,27.5,0.5,69,upper,9,5,3.5
szymanowski_1,2,27.5,0.5,81,upper,9,5,3.5
szymanowski_1,2,27.5,0.5,43,lower,12,5,3.5
szymanowski_1,2,28.0,2.0,74,upper,8,5,4.0
szymanowski_1,2,28.0,2.0,77,upper,8,5,4.0
szymanowski_1,2,28.0,1.0,72,upper,9,5,4.0
szymanowski_1,2,28.0,1.0,84,upper,9,5,4.0
szymanowski_1,2,28.0,0.5,43,lower,12,5,4.0
szymanowski_1,2,28.5,0.5,55,lower,12,5,4.5
szymanowski_1,2,29.0,1.0,71,upper,9,5,5.0
szymanowski_1,2,29.0,1.0,83,upper,9,5,5.0
szymanowski_1,2,29.0,0.5,62,lower,12,5,5.0
szymanowski_1,2,29.5,0.5,65,lower,12,5,5.5
szymanowski_1,2,30.0,2.0,73,upper,8,6,0.0
szymanowski_1,2,30.0,2.0,77,upper,8,6,0.0
szymanowski_1,2,30.0,0.5,65,lower,12,6,0.0
szymanowski_1,2,30.5,1.0,70,upper,9,6,0.5
szymanowski_1,2,30.5,1.0,82,upper,9,6,0.5
szymanowski_1,2,30.5,0.5,58,lower,12,6,0.5
szymanowski_1,2,31.0,0.5,53,lower,12,6,1.0
szymanowski_1,2,31.5,0.5,69,upper,9,6,1.5
szymanowski_1,2,31.5,0.5,81,upper,9,6,1.5
szymanowski_1,2,31.5,0.5,46,lower,12,6,1.5
szymanowski_1,2,32.0,2.0,74,upper,8,6,2.0
szymanowski_1,2,32.0,0.5,69,upper,9,6,2.0
szymanowski_1,2,32.0,0.5,81,upper,9,6,2.0
szymanowski_1,2,32.0,0.5,53,lower,12,6,2.0
szymanowski_1,2,32.5,0.5,67,upper,9,6,2.5
szymanowski_1,2,32.5,0.5,79,upper,9,6,2.5
szymanowski_1,2,32.5,0.5,58,lower,12,6,2.5
szymanowski_1,2,33.0,0.5,70,upper,9,6,3.0
szymanowski_1,2,33.0,0.5,82,upper,9,6,3.0
szymanowski_1,2,33.0,0.5,62,lower,12,6,3.0
szymanowski_1,2,33.5,0.5,74,upper,9,6,3.5
szymanowski_1,2,33.5,0.5,86,upper,9,6,3.5
szymanowski_1,2,33.5,0.5,65,lower,12,6,3.5
szymanowski_1,2,34.0,2.0,82,upper,8,6,4.0
szymanowski_1,2,34.0,1.0,81,upper,9,6,4.0
szymanowski_1,2,34.0,1.0,93,upper,9,6,4.0
szymanowski_1,2,34.0,0.5,64,lower,12,6,4.0
szymanowski_1,2,34.0,0.5,70,lower,12,6,4.0
szymanowski_1,2,34.0,0.5,74,lower,12,6,4.0
szymanowski_1,2,34.5,0.5,55,lower,12,6,4.5
szymanowski_1,2,35.0,1.0,79,upper,9,6,5.0
szymanowski_1,2,35.0,1.0,91,upper,9,6,5.0
szymanowski_1,2,35.0,0.5,48,lower,12,6,5.0
szymanowski_1,2,35.5,0.5,36,lower,12,6,5.5
szymanowski_1,2,36.0,1.0,86,upper,8,7,0.0
szymanowski_1,2,36.0,0.5,81,upper,9,7,0.0
szymanowski_1,2,36.0,0.5,93,upper,9,7,0.0
szymanowski_1,2,36.0,0.5,70,lower,12,7,0.0
szymanowski_1,2,36.5,1.0,79,upper,9,7,0.5
szymanowski_1,2,36.5,1.0,91,upper,9,7,0.5
szymanowski_1,2,36.5,0.5,65,lower,12,7,0.5
szymanowski_1,2,37.0,1.0,85,upper,8,7,1.0
szymanowski_1,2,37.0,0.5,58,lower,12,7,1.0
szymanowski_1,2,37.5,0.5,77,upper,9,7,1.5
szymanowski_1,2,37.5,0.5,89,upper,9,7,1.5
szymanowski_1,2,37.5,0.5,53,lower,12,7,1.5
szymanowski_1,2,38.0,1.0,86,upper,8,7,2.0
szymanowski_1,2,38.0,0.5,81,upper,9,7,2.0
szymanowski_1,2,38.0,0.5,93,upper,9,7,2.0
szymanowski_1,2,38.0,0.5,70,lower,12,7,2.0
szymanowski_1,2,38.5,1.0,79,upper,9,7,2.5
szymanowski_1,2,38.5,1.0,91,upper,9,7,2.5
szymanowski_1,2,38.5,0.5,65,lower,12,7,2.5
szymanowski_1,2,39.0,1.0,85,upper,8,7,3.0
szymanowski_1,2,39.0,0.5,58,lower,12,7,3.0
szymanowski_1,2,39.5,0.5,77,upper,9,7,3.5
szymanowski_1,2,39.5,0.5,89,upper,9,7,3.5
szymanowski_1,2,39.5,0.5,53,lower,12,7,3.5
szymanowski_1,2,40.0,0.5,46,lower,12,7,4.0
szymanowski_1,2,40.5,1.5,77,upper,8,7,4.5
szymanowski_1,2,40.5,1.5,82,upper,8,7,4.5
szymanowski_1,2,40.5,1.0,75,upper,9,7,4.5
szymanowski_1,2,40.5,1.0,87,upper,9,7,4.5
szymanowski_1,2,40.5,0.5,53,lower,12,7,4.5
szymanowski_1,2,41.0,0.5,58,lower,12,7,5.0
szymanowski_1,2,41.5,0.5,73,upper,9,7,5.5
szymanowski_1,2,41.5,0.5,85,upper,9,7,5.5
szymanowski_1,2,41.5,0.5,65,lower,12,7,5.5
szymanowski_1,2,42.0,2.0,77,upper,8,8,0.0
szymanowski_1,2,42.0,0.5,72,upper,9,8,0.0
szymanowski_1,2,42.0,0.5,84,upper,9,8,0.0
szymanowski_1,2,42.0,0.5,73,lower,12,8,0.0
szymanowski_1,2,42.5,0.5,70,upper,9,8,0.5
szymanowski_1,2,42.5,0.5,82,upper,9,8,0.5
szymanowski_1,2,42.5,0.5,65,lower,12,8,0.5
szymanowski_1,2,43.0,0.5,72,upper,9,8,1.0
szymanowski_1,2,43.0,0.5,84,upper,9,8,1.0
szymanowski_1,2,43.0,0.5,61,lower,12,8,1.0
szymanowski_1,2,43.5,0.5,70,upper,9,8,1.5
szymanowski_1,2,43.5,0.5,82,upper,9,8,1.5
szymanowski_1,2,43.5,0.5,53,lower,12,8,1.5
szymanowski_1,2,44.0,2.0,73,upper,8,8,2.0
szymanowski_1,2,44.0,0.5,68,upper,9,8,2.0
szymanowski_1,2,44.0,0.5,80,upper,9,8,2.0
szymanowski_1,2,44.0,0.5,65,lower,12,8,2.0
szymanowski_1,2,44.5,0.5,67,upper,9,8,2.5
szymanowski_1,2,44.5,0.5,79,upper,9,8,2.5
szymanowski_1,2,44.5,0.5,58,lower,12,8,2.5
szymanowski_1,2,45.0,0.5,68,upper,9,8,3.0
szymanowski_1,2,45.0,0.5,80,upper,9,8,3.0
szymanowski_1,2,45.0,0.5,53,lower,12,8,3.0
szymanowski_1,2,45.5,0.5,67,upper,9,8,3.5
szymanowski_1,2,45.5,0.5,79,upper,9,8,3.5
szymanowski_1,2,45.5,0.5,46,lower,12,8,3.5
szymanowski_1,2,46.0,1.0,70,upper,8,8,4.0
szymanowski_1,2,46.0,0.5,65,upper,9,8,4.0
szymanowski_1,2,46.0,0.5,77,upper,9,8,4.0
szymanowski_1,2,46.0,0.5,36,lower,12,8,4.0
szymanowski_1,2,46.5,0.5,64,upper,9,8,4.5
szymanowski_1,2,46.5,0.5,76,upper,9,8,4.5
szymanowski_1,2,46.5,0.5,48,lower,12,8,4.5
szymanowski_1,2,47.0,1.0,76,upper,8,8,5.0
szymanowski_1,2,47.0,0.3333333333333333,68,upper,9,8,5.0
szymanowski_1,2,47.0,0.3333333333333333,80,upper,9,8,5.0
szymanowski_1,2,47.0,0.5,58,lower,12,8,5.0
szymanowski_1,2,47.333333333333336,0.3333333333333333,67,upper,9,8,5.333333333333333
szymanowski_1,2,47.333333333333336,0.3333333333333333,79,upper,9,8,5.333333333333333
szymanowski_1,2,47.5,0.5,60,lower,12,8,5.5
szymanowski_1,2,47.666666666666664,0.3333333333333333,65,upper,9,8,5.666666666666667
szymanowski_1,2,47.666666666666664,0.3333333333333333,77,upper,9,8,5.666666666666667
szymanowski_1,3,0.0,0.5,68,upper,14,1,0.0
szymanowski_1,3,0.0,1.0,65,lower,17,1,0.0
szymanowski_1,3,0.0,2.0,61,lower,18,1,0.0
szymanowski_1,3,0.5,1.0,70,upper,14,1,0.5
szymanowski_1,3,1.0,2.0,64,lower,17,1,1.0
szymanowski_1,3,1.5,0.5,67,upper,14,1,1.5
szymanowski_1,3,2.0,0.5,68,upper,14,1,2.0
szymanowski_1,3,2.0,1.0,68,upper,15,1,2.0
szymanowski_1,3,2.0,1.0,60,lower,18,1,2.0
szymanowski_1,3,2.5,0.5,73,upper,14,1,2.5
szymanowski_1,3,3.0,0.5,73,upper,14,2,0.0
szymanowski_1,3,3.0,2.0,68,upper,15,2,0.0
szymanowski_1,3,3.0,1.0,64,lower,17,2,0.0
szymanowski_1,3,3.0,2.0,58,lower,18,2,0.0
szymanowski_1,3,3.5,1.0,75,upper,14,2,0.5
szymanowski_1,3,4.0,2.0,63,lower,17,2,1.0
szymanowski_1,3,4.5,0.5,72,upper,14,2,1.5
szymanowski_1,3,5.0,0.5,73,upper,14,2,2.0
szymanowski_1,3,5.0,1.0,66,upper,15,2,2.0
szymanowski_1,3,5.0,1.0,57,lower,18,2,2.0
szymanowski_1,3,5.5,0.5,75,upper,14,2,2.5
szymanowski_1,3,6.0,0.5,75,upper,14,3,0.0
szymanowski_1,3,6.0,1.5,68,upper,15,3,0.0
szymanowski_1,3,6.0,2.0,61,lower,17,3,0.0
szymanowski_1,3,6.0,1.0,56,lower,18,3,0.0
szymanowski_1,3,6.5,1.0,77,upper,14,3,0.5
szymanowski_1,3,7.0,1.0,55,lower,18,3,1.0
szymanowski_1,3,7.5,0.5,70,upper,14,3,1.5
szymanowski_1,3,7.5,0.5,70,upper,15,3,1.5
szymanowski_1,3,8.0,0.5,72,upper,14,3,2.0
szymanowski_1,3,8.0,1.0,63,upper,15,3,2.0
szymanowski_1,3,8.0,1.0,57,lower,17,3,2.0
szymanowski_1,3,8.0,1.0,54,lower,18,3,2.0
szymanowski_1,3,8.5,0.5,73,upper,14,3,2.5
szymanowski_1,3,9.0,2.0,68,upper,14,4,0.0
szymanowski_1,3,9.0,1.0,63,upper,15,4,0.0
szymanowski_1,3,9.0,0.5,56,lower,17,4,0.0
szymanowski_1,3,9.0,1.5,53,lower,18,4,0.0
szymanowski_1,3,9.5,0.5,58,lower,17,4,0.5
szymanowski_1,3,10.0,1.0,60,upper,15,4,1.0
szymanowski_1,3,10.0,1.0,60,lower,17,4,1.0
szymanowski_1,3,10.5,0.5,51,lower,18,4,1.5
szymanowski_1,3,11.0,0.5,66,upper,14,4,2.0
szymanowski_1,3,11.0,1.0,60,upper,15,4,2.0
szymanowski_1,3,11.0,0.5,58,lower,17,4,2.0
szymanowski_1,3,11.0,1.0,51,lower,18,4,2.0
szymanowski_1,3,11.5,0.5,68,upper,14,4,2.5
szymanowski_1,3,11.5,0.5,56,lower,17,4,2.5
szymanowski_1,3,12.0,0.5,68,upper,14,5,0.0
szymanowski_1,3,12.0,2.0,61,upper,15,5,0.0
szymanowski_1,3,12.0,1.0,53,lower,17,5,0.0
szymanowski_1,3,12.0,2.0,49,lower,18,5,0.0
szymanowski_1,3,12.5,1.0,70,upper,14,5,0.5
szymanowski_1,3,13.0,1.5,52,lower,17,5,1.0
szymanowski_1,3,13.5,0.5,67,upper,14,5,1.5
szymanowski_1,3,14.0,0.5,68,upper,14,5,2.0
szymanowski_1,3,14.0,1.0,68,upper,15,5,2.0
szymanowski_1,3,14.0,1.0,48,lower,18,5,2.0
szymanowski_1,3,14.5,0.5,61,upper,14,5,2.5
szymanowski_1,3,14.5,0.5,73,upper,14,5,2.5
szymanowski_1,3,14.5,0.5,53,lower,17,5,2.5
szymanowski_1,3,15.0,0.5,61,upper,14,6,0.0
szymanowski_1,3,15.0,0.5,73,upper,14,6,0.0
szymanowski_1,3,15.0,1.0,66,upper,15,6,0.0
szymanowski_1,3,15.0,1.0,53,lower,17,6,0.0
szymanowski_1,3,15.0,2.0,46,lower,18,6,0.0
szymanowski_1,3,15.5,1.0,63,upper,14,6,0.5
szymanowski_1,3,15.5,1.0,75,upper,14,6,0.5
szymanowski_1,3,16.0,1.0,67,upper,15,6,1.0
szymanowski_1,3,16.0,1.0,51,lower,17,6,1.0
szymanowski_1,3,16.5,0.5,60,upper,14,6,1.5
szymanowski_1,3,16.5,0.5,72,upper,14,6,1.5
szymanowski_1,3,17.0,1.0,56,upper,14,6,2.0
szymanowski_1,3,17.0,1.0,68,upper,14,6,2.0
szymanowski_1,3,17.0,0.5,63,upper,15,6,2.0
szymanowski_1,3,17.0,0.5,51,lower,17,6,2.0
szymanowski_1,3,17.0,0.5,48,lower,18,6,2.0
szymanowski_1,3,17.5,0.5,65,upper,15,6,2.5
szymanowski_1,3,17.5,0.5,49,lower,17,6,2.5
szymanowski_1,3,17.5,0.5,49,lower,18,6,2.5
szymanowski_1,3,18.0,0.5,56,upper,14,7,0.0
szymanowski_1,3,18.0,0.5,68,upper,14,7,0.0
szymanowski_1,3,18.0,2.0,61,upper,15,7,0.0
szymanowski_1,3,18.0,1.0,49,lower,17,7,0.0
szymanowski_1,3,18.0,2.0,46,lower,18,7,0.0
szymanowski_1,3,18.5,1.0,55,upper,14,7,0.5
szymanowski_1,3,18.5,1.0,67,upper,14,7,0.5
szymanowski_1,3,19.0,1.5,51,lower,17,7,1.0
szymanowski_1,3,19.5,0.5,56,upper,14,7,1.5
szymanowski_1,3,19.5,0.5,68,upper,14,7,1.5
szymanowski_1,3,20.0,1.0,56,upper,14,7,2.0
szymanowski_1,3,20.0,1.0,68,upper,14,7,2.0
szymanowski_1,3,20.0,0.5,61,upper,15,7,2.0
szymanowski_1,3,20.0,1.0,44,lower,18,7,2.0
szymanowski_1,3,20.5,0.5,61,upper,15,7,2.5
szymanowski_1,3,20.5,0.5,53,lower,17,7,2.5
szymanowski_1,3,21.0,2.0,56,upper,14,8,0.0
szymanowski_1,3,21.0,2.0,68,upper,14,8,0.0
szymanowski_1,3,21.0,0.5,61,upper,15,8,0.0
szymanowski_1,3,21.0,1.0,49,lower,17,8,0.0
szymanowski_1,3,21.0,3.0,44,lower,18,8,0.0
szymanowski_1,3,21.5,0.5,58,upper,15,8,0.5
szymanowski_1,3,22.0,2.0,60,upper,15,8,1.0
szymanowski_1,3,22.0,0.5,50,lower,17,8,1.0
szymanowski_1,3,22.5,1.0,51,lower,17,8,1.5
szymanowski_1,3,23.0,1.0,63,upper,14,8,2.0
szymanowski_1,3,23.0,1.0,68,upper,14,8,2.0
szymanowski_1,3,23.5,0.5,56,lower,17,8,2.5
szymanowski_1,4,0.0,0.3333333333333333,70,upper,22,1,0.0
szymanowski_1,4,0.0,0.6666666666666666,67,upper,23,1,0.0
szymanowski_1,4,0.0,0.5,63,lower,26,1,0.0
szymanowski_1,4,0.3333333333333333,0.3333333333333333,71,upper,22,1,0.3333333333333333
szymanowski_1,4,0.5,1.0,58,lower,26,1,0.5
szymanowski_1,4,0.6666666666666666,0.3333333333333333,72,upper,22,1,0.6666666666666666
szymanowski_1,4,0.6666666666666666,0.3333333333333333,66,upper,23,1,0.6666666666666666
szymanowski_1,4,1.0,0.3333333333333333,73,upper,22,1,1.0
szymanowski_1,4,1.0,0.6666666666666666,65,upper,23,1,1.0
szymanowski_1,4,1.3333333333333333,0.3333333333333333,75,upper,22,1,1.3333333333333333
szymanowski_1,4,1.5,0.5,51,lower,26,1,1.5
szymanowski_1,4,1.6666666666666667,0.3333333333333333,77,upper,22,1,1.6666666666666667
szymanowski_1,4,1.6666666666666667,0.3333333333333333,68,upper,23,1,1.6666666666666667
szymanowski_1,4,2.0,0.3333333333333333,75,upper,22,2,0.0
szymanowski_1,4,2.0,0.6666666666666666,67,upper,23,2,0.0
szymanowski_1,4,2.0,0.5,51,lower,26,2,0.0
szymanowski_1,4,2.3333333333333335,0.3333333333333333,70,upper,22,2,0.3333333333333333
szymanowski_1,4,2.5,0.5,46,lower,26,2,0.5
szymanowski_1,4,2.6666666666666665,0.3333333333333333,72,upper,22,2,0.6666666666666666
szymanowski_1,4,2.6666666666666665,0.3333333333333333,66,upper,23,2,0.6666666666666666
szymanowski_1,4,3.0,1.0,65,upper,22,2,1.0
szymanowski_1,4,3.0,0.3333333333333333,63,upper,23,2,1.0
szymanowski_1,4,3.0,0.5,41,lower,26,2,1.0
szymanowski_1,4,3.3333333333333335,0.3333333333333333,62,upper,23,2,1.3333333333333333
szymanowski_1,4,3.5,0.5,34,lower,26,2,1.5
szymanowski_1,4,3.6666666666666665,0.3333333333333333,61,upper,23,2,1.6666666666666667
szymanowski_1,4,4.0,0.3333333333333333,70,upper,22,3,0.0
szymanowski_1,4,4.0,0.6666666666666666,67,upper,23,3,0.0
szymanowski_1,4,4.0,0.5,63,lower,26,3,0.0
szymanowski_1,4,4.333333333333333,0.3333333333333333,71,upper,22,3,0.3333333333333333
szymanowski_1,4,4.5,1.0,58,lower,26,3,0.5
szymanowski_1,4,4.666666666666667,0.3333333333333333,72,upper,22,3,0.6666666666666666
szymanowski_1,4,4.666666666666667,0.3333333333333333,66,upper,23,3,0.6666666666666666
szymanowski_1,4,5.0,0.3333333333333333,73,upper,22,3,1.0
szymanowski_1,4,5.0,0.6666666666666666,65,upper,23,3,1.0
szymanowski_1,4,5.333333333333333,0.3333333333333333,75,upper,22,3,1.3333333333333333
szymanowski_1,4,5.5,0.5,51,lower,26,3,1.5
szymanowski_1,4,5.666666666666667,0.3333333333333333,77,upper,22,3,1.6666666666666667
szymanowski_1,4,5.666666666666667,0.3333333333333333,68,upper,23,3,1.6666666666666667
szymanowski_1,4,6.0,0.3333333333333333,75,upper,22,4,0.0
szymanowski_1,4,6.0,0.6666666666666666,67,upper,23,4,0.0
szymanowski_1,4,6.0,0.5,51,lower,26,4,0.0
szymanowski_1,4,6.333333333333333,0.3333333333333333,70,upper,22,4,0.3333333333333333
szymanowski_1,4,6.5,0.5,46,lower,26,4,0.5
szymanowski_1,4,6.666666666666667,0.3333333333333333,72,upper,22,4,0.6666666666666666
szymanowski_1,4,6.666666666666667,0.3333333333333333,66,upper,23,4,0.6666666666666666
szymanowski_1,4,7.0,1.0,65,upper,22,4,1.0
szymanowski_1,4,7.0,0.3333333333333333,63,upper,23,4,1.0
szymanowski_1,4,7.0,0.5,41,lower,26,4,1.0
szymanowski_1,4,7.333333333333333,0.3333333333333333,62,upper,23,4,1.3333333333333333
szymanowski_1,4,7.5,0.5,34,lower,26,4,1.5
szymanowski_1,4,7.666666666666667,0.3333333333333333,61,upper,23,4,1.6666666666666667
szymanowski_1,4,8.0,0.3333333333333333,66,upper,22,5,0.0
szymanowski_1,4,8.0,0.6666666666666666,63,upper,23,5,0.0
szymanowski_1,4,8.0,0.5,58,lower,26,5,0.0
szymanowski_1,4,8.333333333333334,0.3333333333333333,68,upper,22,5,0.3333333333333333
szymanowski_1,4,8.5,0.5,51,lower,26,5,0.5
szymanowski_1,4,8.666666666666666,0.3333333333333333,69,upper,22,5,0.6666666666666666
szymanowski_1,4,8.666666666666666,0.3333333333333333,61,upper,23,5,0.6666666666666666
szymanowski_1,4,9.0,0.3333333333333333,70,upper,22,5,1.0
szymanowski_1,4,9.0,1.0,61,upper,23,5,1.0
szymanowski_1,4,9.0,0.5,53,lower,26,5,1.0
szymanowski_1,4,9.333333333333334,0.3333333333333333,72,upper,22,5,1.3333333333333333
szymanowski_1,4,9.5,0.5,46,lower,26,5,1.5
szymanowski_1,4,9.666666666666666,0.3333333333333333,73,upper,22,5,1.6666666666666667
szymanowski_1,4,10.0,0.3333333333333333,63,upper,22,6,0.0
szymanowski_1,4,10.0,1.0,59,upper,23,6,0.0
szymanowski_1,4,10.0,0.5,54,lower,26,6,0.0
szymanowski_1,4,10.333333333333334,0.3333333333333333,64,upper,22,6,0.3333333333333333
szymanowski_1,4,10.5,0.5,47,lower,26,6,0.5
szymanowski_1,4,10.666666666666666,0.3333333333333333,65,upper,22,6,0.6666666666666666
szymanowski_1,4,11.0,0.3333333333333333,66,upper,22,6,1.0
szymanowski_1,4,11.0,1.0,58,upper,23,6,1.0
szymanowski_1,4,11.0,0.5,49,lower,26,6,1.0
szymanowski_1,4,11.333333333333334,0.3333333333333333,68,upper,22,6,1.3333333333333333
szymanowski_1,4,11.5,0.5,42,lower,26,6,1.5
szymanowski_1,4,11.666666666666666,0.3333333333333333,70,upper,22,6,1.6666666666666667
szymanowski_1,4,12.0,0.3333333333333333,68,upper,22,7,0.0
szymanowski_1,4,12.0,0.6666666666666666,60,upper,23,7,0.0
szymanowski_1,4,12.0,0.5,44,lower,26,7,0.0
szymanowski_1,4,12.333333333333334,0.3333333333333333,63,upper,22,7,0.3333333333333333
szymanowski_1,4,12.5,1.0,51,lower,26,7,0.5
szymanowski_1,4,12.666666666666666,0.3333333333333333,65,upper,22,7,0.6666666666666666
szymanowski_1,4,12.666666666666666,0.3333333333333333,59,upper,23,7,0.6666666666666666
szymanowski_1,4,13.0,1.0,58,upper,22,7,1.0
szymanowski_1,4,13.0,0.3333333333333333,56,upper,23,7,1.0
szymanowski_1,4,13.333333333333334,0.3333333333333333,55,upper,23,7,1.3333333333333333
szymanowski_1,4,13.5,0.5,46,lower,26,7,1.5
szymanowski_1,4,13.666666666666666,0.3333333333333333,54,upper,23,7,1.6666666666666667
szymanowski_1,4,14.0,2.0,53,upper,22,8,0.0
szymanowski_1,4,14.0,2.0,62,upper,22,8,0.0
szymanowski_1,4,14.0,0.5,34,lower,26,8,0.0
szymanowski_1,4,14.5,0.5,41,lower,26,8,0.5
szymanowski_1,4,15.0,0.5,46,lower,26,8,1.0
szymanowski_1,4,15.5,0.5,53,lower,26,8,1.5
szymanowski_1,5,0.0,0.5,50,upper,32,1,-0.5
szymanowski_1,5,0.5,0.3333333333333333,50,upper,32,1,0.0
szymanowski_1,5,0.5,1.0,38,lower,36,1,0.0
szymanowski_1,5,0.5,1.0,50,lower,36,1,0.0
szymanowski_1,5,0.8333333333333334,0.3333333333333333,53,upper,32,1,0.3333333333333333
szymanowski_1,5,0.8333333333333334,0.3333333333333333,62,upper,32,1,0.3333333333333333
szymanowski_1,5,1.1666666666666667,0.6666666666666666,53,upper,32,1,0.6666666666666666
szymanowski_1,5,1.5,1.0,36,lower,36,1,1.0
szymanowski_1,5,1.5,1.0,48,lower,36,1,1.0
szymanowski_1,5,1.8333333333333333,0.3333333333333333,57,upper,32,1,1.3333333333333333
szymanowski_1,5,1.8333333333333333,0.3333333333333333,65,upper,32,1,1.3333333333333333
szymanowski_1,5,2.1666666666666665,0.6666666666666666,57,upper,32,1,1.6666666666666667
szymanowski_1,5,2.5,1.0,35,lower,36,1,2.0
szymanowski_1,5,2.5,1.0,47,lower,36,1,2.0
szymanowski_1,5,2.8333333333333335,0.3333333333333333,62,upper,32,1,2.3333333333333335
szymanowski_1,5,2.8333333333333335,0.3333333333333333,69,upper,32,1,2.3333333333333335
szymanowski_1,5,3.1666666666666665,0.3333333333333333,62,upper,32,1,2.6666666666666665
szymanowski_1,5,3.5,0.3333333333333333,62,upper,32,2,0.0
szymanowski_1,5,3.5,1.0,34,lower,36,2,0.0
szymanowski_1,5,3.5,1.0,46,lower,36,2,0.0
szymanowski_1,5,3.8333333333333335,0.3333333333333333,65,upper,32,2,0.3333333333333333
szymanowski_1,5,3.8333333333333335,0.3333333333333333,74,upper,32,2,0.3333333333333333
szymanowski_1,5,4.166666666666667,0.6666666666666666,65,upper,32,2,0.6666666666666666
szymanowski_1,5,4.5,1.0,33,lower,36,2,1.0
szymanowski_1,5,4.5,1.0,45,lower,36,2,1.0
szymanowski_1,5,4.833333333333333,0.3333333333333333,69,upper,32,2,1.3333333333333333
szymanowski_1,5,4.833333333333333,0.3333333333333333,77,upper,32,2,1.3333333333333333
szymanowski_1,5,5.166666666666667,0.6666666666666666,64,upper,32,2,1.6666666666666667
szymanowski_1,5,5.5,1.0,31,lower,36,2,2.0
szymanowski_1,5,5.5,1.0,43,lower,36,2,2.0
szymanowski_1,5,5.833333333333333,0.3333333333333333,69,upper,32,2,2.3333333333333335
szymanowski_1,5,5.833333333333333,0.3333333333333333,76,upper,32,2,2.3333333333333335
szymanowski_1,5,6.166666666666667,0.3333333333333333,62,upper,32,2,2.6666666666666665
szymanowski_1,5,6.5,0.3333333333333333,62,upper,32,3,0.0
szymanowski_1,5,6.5,1.0,29,lower,36,3,0.0
szymanowski_1,5,6.5,1.0,41,lower,36,3,0.0
szymanowski_1,5,6.833333333333333,0.3333333333333333,69,upper,32,3,0.3333333333333333
szymanowski_1,5,6.833333333333333,0.3333333333333333,74,upper,32,3,0.3333333333333333
szymanowski_1,5,7.166666666666667,0.6666666666666666,57,upper,32,3,0.6666666666666666
szymanowski_1,5,7.5,1.0,26,lower,36,3,1.0
szymanowski_1,5,7.5,1.0,38,lower,36,3,1.0
szymanowski_1,5,7.833333333333333,0.3333333333333333,62,upper,32,3,1.3333333333333333
szymanowski_1,5,7.833333333333333,0.3333333333333333,69,upper,32,3,1.3333333333333333
szymanowski_1,5,8.166666666666666,0.6666666666666666,55,upper,32,3,1.6666666666666667
szymanowski_1,5,8.5,1.0,34,lower,36,3,2.0
szymanowski_1,5,8.5,1.0,46,lower,36,3,2.0
szymanowski_1,5,8.833333333333334,0.3333333333333333,62,upper,32,3,2.3333333333333335
szymanowski_1,5,8.833333333333334,0.3333333333333333,67,upper,32,3,2.3333333333333335
szymanowski_1,5,9.166666666666666,0.3333333333333333,53,upper,32,3,2.6666666666666665
szymanowski_1,5,9.5,0.3333333333333333,53,upper,32,4,0.0
szymanowski_1,5,9.5,1.0,33,lower,36,4,0.0
szymanowski_1,5,9.5,1.0,45,lower,36,4,0.0
szymanowski_1,5,9.833333333333334,0.3333333333333333,60,upper,32,4,0.3333333333333333
szymanowski_1,5,9.833333333333334,0.3333333333333333,65,upper,32,4,0.3333333333333333
szymanowski_1,5,10.166666666666666,0.6666666666666666,50,upper,32,4,0.6666666666666666
szymanowski_1,5,10.5,1.0,32,lower,36,4,1.0
szymanowski_1,5,10.5,1.0,44,lower,36,4,1.0
szymanowski_1,5,10.833333333333334,0.3333333333333333,59,upper,32,4,1.3333333333333333
szymanowski_1,5,10.833333333333334,0.3333333333333333,62,upper,32,4,1.3333333333333333
szymanowski_1,5,11.166666666666666,0.6666666666666666,50,upper,32,4,1.6666666666666667
szymanowski_1,5,11.5,1.0,31,lower,36,4,2.0
szymanowski_1,5,11.5,1.0,43,lower,36,4,2.0
szymanowski_1,5,11.833333333333334,0.3333333333333333,58,upper,32,4,2.3333333333333335
szymanowski_1,5,11.833333333333334,0.3333333333333333,62,upper,32,4,2.3333333333333335
szymanowski_1,5,12.166666666666666,0.3333333333333333,50,upper,32,4,2.6666666666666665
szymanowski_1,5,12.5,0.3333333333333333,50,upper,32,5,0.0
szymanowski_1,5,12.5,1.0,29,lower,36,5,0.0
szymanowski_1,5,12.5,1.0,41,lower,36,5,0.0
szymanowski_1,5,12.833333333333334,0.3333333333333333,57,upper,32,5,0.3333333333333333
szymanowski_1,5,12.833333333333334,0.3333333333333333,62,upper,32,5,0.3333333333333333
szymanowski_1,5,13.166666666666666,0.6666666666666666,53,upper,32,5,0.6666666666666666
szymanowski_1,5,13.5,1.0,28,lower,36,5,1.0
szymanowski_1,5,13.5,1.0,40,lower,36,5,1.0
szymanowski_1,5,13.833333333333334,0.3333333333333333,62,upper,32,5,1.3333333333333333
szymanowski_1,5,13.833333333333334,0.3333333333333333,65,upper,32,5,1.3333333333333333
szymanowski_1,5,14.166666666666666,0.6666666666666666,57,upper,32,5,1.6666666666666667
szymanowski_1,5,14.5,1.0,26,lower,36,5,2.0
szymanowski_1,5,14.5,1.0,38,lower,36,5,2.0
szymanowski_1,5,14.833333333333334,0.3333333333333333,65,upper,32,5,2.3333333333333335
szymanowski_1,5,14.833333333333334,0.3333333333333333,69,upper,32,5,2.3333333333333335
szymanowski_1,5,15.166666666666666,0.3333333333333333,62,upper,32,5,2.6666666666666665
szymanowski_1,5,15.5,0.3333333333333333,62,upper,32,6,0.0
szymanowski_1,5,15.5,1.0,24,lower,36,6,0.0
szymanowski_1,5,15.5,1.0,36,lower,36,6,0.0
szymanowski_1,5,15.833333333333334,0.3333333333333333,65,upper,32,6,0.3333333333333333
szymanowski_1,5,15.833333333333334,0.3333333333333333,74,upper,32,6,0.3333333333333333
szymanowski_1,5,16.166666666666668,0.6666666666666666,74,upper,32,6,0.6666666666666666
szymanowski_1,5,16.5,1.0,23,lower,36,6,1.0
szymanowski_1,5,16.5,1.0,35,lower,36,6,1.0
szymanowski_1,5,16.833333333333332,0.3333333333333333,77,upper,32,6,1.3333333333333333
szymanowski_1,5,16.833333333333332,0.3333333333333333,86,upper,32,6,1.3333333333333333
szymanowski_1,5,17.166666666666668,0.6666666666666666,72,upper,32,6,1.6666666666666667
szymanowski_1,5,17.5,1.0,33,lower,36,6,2.0
szymanowski_1,5,17.5,1.0,45,lower,36,6,2.0
szymanowski_1,5,17.833333333333332,0.3333333333333333,77,upper,32,6,2.3333333333333335
szymanowski_1,5,17.833333333333332,0.3333333333333333,84,upper,32,6,2.3333333333333335
szymanowski_1,5,18.166666666666668,0.3333333333333333,71,upper,32,6,2.6666666666666665
szymanowski_1,5,18.5,0.3333333333333333,71,upper,32,7,0.0
szymanowski_1,5,18.5,0.5,32,lower,36,7,0.0
szymanowski_1,5,18.5,0.5,44,lower,36,7,0.0
szymanowski_1,5,18.833333333333332,0.3333333333333333,74,upper,32,7,0.3333333333333333
szymanowski_1,5,18.833333333333332,0.3333333333333333,83,upper,32,7,0.3333333333333333
szymanowski_1,5,19.0,0.5,47,lower,36,7,0.5
szymanowski_1,5,19.166666666666668,0.6666666666666666,65,upper,32,7,0.6666666666666666
szymanowski_1,5,19.5,0.5,50,lower,36,7,1.0
szymanowski_1,5,19.833333333333332,0.3333333333333333,71,upper,32,7,1.3333333333333333
szymanowski_1,5,19.833333333333332,0.3333333333333333,77,upper,32,7,1.3333333333333333
szymanowski_1,5,20.0,0.5,52,lower,36,7,1.5
szymanowski_1,5,20.166666666666668,0.6666666666666666,62,upper,32,7,1.6666666666666667
szymanowski_1,5,20.5,0.5,53,lower,36,7,2.0
szymanowski_1,5,20.833333333333332,0.3333333333333333,71,upper,32,7,2.3333333333333335
szymanowski_1,5,20.833333333333332,0.3333333333333333,74,upper,32,7,2.3333333333333335
szymanowski_1,5,21.0,0.5,59,lower,36,7,2.5
szymanowski_1,5,21.166666666666668,0.3333333333333333,64,upper,32,7,2.6666666666666665
szymanowski_1,5,21.5,0.3333333333333333,64,upper,32,8,0.0
szymanowski_1,5,21.5,1.0,32,lower,36,8,0.0
szymanowski_1,5,21.5,1.0,44,lower,36,8,0.0
szymanowski_1,5,21.5,1.0,52,lower,36,8,0.0
szymanowski_1,5,21.833333333333332,0.3333333333333333,71,upper,32,8,0.3333333333333333
szymanowski_1,5,21.833333333333332,0.3333333333333333,76,upper,32,8,0.3333333333333333
szymanowski_1,5,22.166666666666668,0.6666666666666666,66,upper,32,8,0.6666666666666666
szymanowski_1,5,22.5,1.0,30,lower,36,8,1.0
szymanowski_1,5,22.5,1.0,42,lower,36,8,1.0
szymanowski_1,5,22.5,1.0,52,lower,36,8,1.0
szymanowski_1,5,22.833333333333332,0.3333333333333333,71,upper,32,8,1.3333333333333333
szymanowski_1,5,22.833333333333332,0.3333333333333333,78,upper,32,8,1.3333333333333333
szymanowski_1,5,23.166666666666668,0.6666666666666666,68,upper,32,8,1.6666666666666667
szymanowski_1,5,23.5,1.0,28,lower,36,8,2.0
szymanowski_1,5,23.5,1.0,40,lower,36,8,2.0
szymanowski_1,5,23.5,1.0,52,lower,36,8,2.0
szymanowski_1,5,23.833333333333332,0.3333333333333333,71,upper,32,8,2.3333333333333335
szymanowski_1,5,23.833333333333332,0.3333333333333333,80,upper,32,8,2.3333333333333335
szymanowski_1,5,24.166666666666668,0.33333333333333215,69,upper,32,8,2.6666666666666665
szymanowski_1,6,0.0,0.5,57,lower,42,1,-0.5
szymanowski_1,6,0.5,3.0,57,lower,42,1,0.0
szymanowski_1,6,0.5,3.0,69,lower,42,1,0.0
szymanowski_1,6,1.5,2.0,63,lower,41,1,1.0
szymanowski_1,6,1.5,2.0,65,lower,41,1,1.0
szymanowski_1,6,1.5,2.0,63,lower,43,1,1.0
szymanowski_1,6,1.5,2.0,65,lower,43,1,1.0
szymanowski_1,6,2.0,1.0,71,upper,38,1,1.5
szymanowski_1,6,2.0,1.0,71,upper,39,1,1.5
szymanowski_1,6,3.0,0.5,72,upper,38,1,2.5
szymanowski_1,6,3.0,0.5,72,upper,39,1,2.5
szymanowski_1,6,3.5,0.5,80,upper,38,2,0.0
szymanowski_1,6,3.5,1.5,71,upper,39,2,0.0
szymanowski_1,6,3.5,0.5,68,lower,41,2,0.0
szymanowski_1,6,3.5,2.0,63,lower,43,2,0.0
szymanowski_1,6,3.5,2.0,65,lower,43,2,0.0
szymanowski_1,6,3.5,3.0,57,lower,42,2,0.0
szymanowski_1,6,3.5,3.0,63,lower,42,2,0.0
szymanowski_1,6,3.5,3.0,65,lower,42,2,0.0
szymanowski_1,6,4.0,1.0,81,upper,38,2,0.5
szymanowski_1,6,4.0,0.5,69,lower,41,2,0.5
szymanowski_1,6,4.5,2.0,69,lower,41,2,1.0
szymanowski_1,6,5.0,1.0,83,upper,38,2,1.5
szymanowski_1,6,5.0,1.0,71,upper,39,2,1.5
szymanowski_1,6,6.0,0.5,84,upper,38,2,2.5
szymanowski_1,6,6.0,0.5,72,upper,39,2,2.5
szymanowski_1,6,6.5,0.5,83,upper,38,3,0.0
szymanowski_1,6,6.5,2.0,72,upper,39,3,0.0
szymanowski_1,6,6.5,2.0,69,lower,41,3,0.0
szymanowski_1,6,6.5,2.0,57,lower,42,3,0.0
szymanowski_1,6,6.5,2.0,63,lower,42,3,0.0
szymanowski_1,6,6.5,2.0,65,lower,42,3,0.0
szymanowski_1,6,7.0,0.5,81,upper,38,3,0.5
szymanowski_1,6,7.5,0.5,79,upper,38,3,1.0
szymanowski_1,6,8.0,0.5,80,upper,38,3,1.5
szymanowski_1,6,8.5,0.5,76,upper,38,3,2.0
szymanowski_1,6,8.5,1.0,68,upper,39,3,2.0
szymanowski_1,6,8.5,1.0,59,lower,41,3,2.0
szymanowski_1,6,8.5,1.0,53,lower,42,3,2.0
szymanowski_1,6,8.5,1.0,62,lower,42,3,2.0
szymanowski_1,6,9.0,0.5,74,upper,38,3,2.5
szymanowski_1,6,9.5,0.5,73,upper,38,4,0.0
szymanowski_1,6,9.5,1.0,68,upper,39,4,0.0
szymanowski_1,6,9.5,0.5,58,lower,41,4,0.0
szymanowski_1,6,9.5,1.0,53,lower,42,4,0.0
szymanowski_1,6,9.5,1.0,62,lower,42,4,0.0
szymanowski_1,6,10.0,0.5,74,upper,38,4,0.5
szymanowski_1,6,10.0,0.5,59,lower,41,4,0.5
szymanowski_1,6,10.5,0.5,72,upper,38,4,1.0
szymanowski_1,6,10.5,2.0,65,upper,39,4,1.0
szymanowski_1,6,10.5,1.0,56,lower,41,4,1.0
szymanowski_1,6,10.5,2.0,50,lower,42,4,1.0
szymanowski_1,6,10.5,2.0,62,lower,42,4,1.0
szymanowski_1,6,11.0,0.5,71,upper,38,4,1.5
szymanowski_1,6,11.5,0.5,70,upper,38,4,2.0
szymanowski_1,6,11.5,0.5,58,lower,41,4,2.0
szymanowski_1,6,12.0,0.5,71,upper,38,4,2.5
szymanowski_1,6,12.0,0.5,57,lower,41,4,2.5
szymanowski_1,6,12.5,0.5,69,upper,38,5,0.0
szymanowski_1,6,12.5,2.0,62,upper,39,5,0.0
szymanowski_1,6,12.5,2.0,53,lower,41,5,0.0
szymanowski_1,6,12.5,1.0,47,lower,42,5,0.0
szymanowski_1,6,13.0,1.0,68,upper,38,5,0.5
szymanowski_1,6,13.5,1.0,45,lower,42,5,1.0
szymanowski_1,6,14.0,0.5,69,upper,38,5,1.5
szymanowski_1,6,14.5,0.5,67,upper,38,5,2.0
szymanowski_1,6,14.5,1.0,57,upper,39,5,2.0
szymanowski_1,6,14.5,1.0,62,upper,39,5,2.0
szymanowski_1,6,14.5,1.0,38,lower,42,5,2.0
szymanowski_1,6,14.5,1.0,45,lower,42,5,2.0
szymanowski_1,6,14.5,1.0,53,lower,42,5,2.0
szymanowski_1,6,15.0,0.5,65,upper,38,5,2.5
szymanowski_1,6,15.5,1.5,56,upper,38,6,0.0
szymanowski_1,6,15.5,1.5,68,upper,38,6,0.0
szymanowski_1,6,15.5,1.0,53,lower,42,6,0.0
szymanowski_1,6,15.5,1.0,59,lower,42,6,0.0
szymanowski_1,6,16.5,1.0,52,lower,42,6,1.0
szymanowski_1,6,16.5,1.0,60,lower,42,6,1.0
szymanowski_1,6,17.0,0.5,57,upper,38,6,1.5
szymanowski_1,6,17.0,0.5,69,upper,38,6,1.5
szymanowski_1,6,17.5,0.5,58,upper,38,6,2.0
szymanowski_1,6,17.5,0.5,70,upper,38,6,2.0
szymanowski_1,6,17.5,1.0,50,lower,42,6,2.0
szymanowski_1,6,17.5,1.0,56,lower,42,6,2.0
szymanowski_1,6,17.5,1.0,65,lower,42,6,2.0
szymanowski_1,6,18.0,0.5,59,upper,38,6,2.5
szymanowski_1,6,18.0,0.5,71,upper,38,6,2.5
szymanowski_1,6,18.5,1.5,61,upper,38,7,0.0
szymanowski_1,6,18.5,1.5,73,upper,38,7,0.0
szymanowski_1,6,18.5,1.0,50,lower,42,7,0.0
szymanowski_1,6,18.5,1.0,56,lower,42,7,0.0
szymanowski_1,6,18.5,1.0,65,lower,42,7,0.0
szymanowski_1,6,20.0,0.5,60,upper,38,7,1.5
szymanowski_1,6,20.0,0.5,72,upper,38,7,1.5
szymanowski_1,6,20.5,0.3333333333333333,60,upper,38,7,2.0
szymanowski_1,6,20.5,0.3333333333333333,72,upper,38,7,2.0
szymanowski_1,6,20.5,0.5,62,lower,41,7,2.0
szymanowski_1,6,20.5,1.0,53,lower,42,7,2.0
szymanowski_1,6,20.833333333333332,0.3333333333333333,58,upper,38,7,2.3333333333333335
szymanowski_1,6,20.833333333333332,0.3333333333333333,70,upper,38,7,2.3333333333333335
szymanowski_1,6,21.0,0.5,59,lower,41,7,2.5
szymanowski_1,6,21.166666666666668,0.3333333333333333,57,upper,38,7,2.6666666666666665
szymanowski_1,6,21.166666666666668,0.3333333333333333,69,upper,38,7,2.6666666666666665
szymanowski_1,6,21.5,0.5,57,upper,38,8,0.0
szymanowski_1,6,21.5,0.5,69,upper,38,8,0.0
szymanowski_1,6,21.5,1.0,59,lower,41,8,0.0
szymanowski_1,6,21.5,1.0,53,lower,42,8,0.0
szymanowski_1,6,22.0,1.0,56,upper,38,8,0.5
szymanowski_1,6,22.0,1.0,68,upper,38,8,0.5
szymanowski_1,6,22.5,1.0,52,lower,42,8,1.0
szymanowski_1,6,22.5,1.0,60,lower,42,8,1.0
szymanowski_1,6,23.0,0.5,57,upper,38,8,1.5
szymanowski_1,6,23.0,0.5,69,upper,38,8,1.5
szymanowski_1,6,23.5,0.3333333333333333,58,upper,38,8,2.0
szymanowski_1,6,23.5,0.3333333333333333,70,upper,38,8,2.0
szymanowski_1,6,23.5,1.0,50,lower,42,8,2.0
szymanowski_1,6,23.5,1.0,56,lower,42,8,2.0
szymanowski_1,6,23.5,1.0,65,lower,42,8,2.0
szymanowski_1,6,23.833333333333332,0.3333333333333333,59,upper,38,8,2.3333333333333335
szymanowski_1,6,23.833333333333332,0.3333333333333333,71,upper,38,8,2.3333333333333335
szymanowski_1,6,24.166666666666668,0.33333333333333215,61,upper,38,8,2.6666666666666665
szymanowski_1,6,24.166666666666668,0.33333333333333215,73,upper,38,8,2.6666666666666665
szymanowski_1,7,0.0,1.5,79,upper,46,1,0.0
szymanowski_1,7,0.5,0.5,71,lower,50,1,0.5
szymanowski_1,7,1.0,0.5,65,lower,50,1,1.0
szymanowski_1,7,1.5,0.5,77,upper,46,1,1.5
szymanowski_1,7,1.5,0.5,56,lower,50,1,1.5
szymanowski_1,7,2.0,0.2,74,upper,46,1,2.0
szymanowski_1,7,2.0,0.5,66,lower,50,1,2.0
szymanowski_1,7,2.2,0.2,75,upper,46,1,2.2
szymanowski_1,7,2.4,0.2,71,upper,46,1,2.4
szymanowski_1,7,2.5,0.5,56,lower,50,1,2.5
szymanowski_1,7,2.6,0.2,72,upper,46,1,2.6
szymanowski_1,7,2.8,0.2,67,upper,46,1,2.8
szymanowski_1,7,3.0,0.2,68,upper,46,1,3.0
szymanowski_1,7,3.0,0.5,51,lower,50,1,3.0
szymanowski_1,7,3.2,0.2,71,upper,46,1,3.2
szymanowski_1,7,3.4,0.2,72,upper,46,1,3.4
szymanowski_1,7,3.5,0.5,44,lower,50,1,3.5
szymanowski_1,7,3.6,0.2,74,upper,46,1,3.6
szymanowski_1,7,3.8,0.2,75,upper,46,1,3.8
szymanowski_1,7,4.0,1.5,79,upper,46,2,0.0
szymanowski_1,7,4.5,0.5,71,lower,50,2,0.5
szymanowski_1,7,5.0,0.5,65,lower,50,2,1.0
szymanowski_1,7,5.5,0.5,77,upper,46,2,1.5
szymanowski_1,7,5.5,0.5,56,lower,50,2,1.5
szymanowski_1,7,6.0,0.2,74,upper,46,2,2.0
szymanowski_1,7,6.0,0.5,66,lower,50,2,2.0
szymanowski_1,7,6.2,0.2,75,upper,46,2,2.2
szymanowski_1,7,6.4,0.2,71,upper,46,2,2.4
szymanowski_1,7,6.5,0.5,56,lower,50,2,2.5
szymanowski_1,7,6.6,0.2,72,upper,46,2,2.6
szymanowski_1,7,6.8,0.2,67,upper,46,2,2.8
szymanowski_1,7,7.0,0.2,68,upper,46,2,3.0
szymanowski_1,7,7.0,0.5,51,lower,50,2,3.0
szymanowski_1,7,7.2,0.2,71,upper,46,2,3.2
szymanowski_1,7,7.4,0.2,72,upper,46,2,3.4
szymanowski_1,7,7.5,0.5,44,lower,50,2,3.5
szymanowski_1,7,7.6,0.2,74,upper,46,2,3.6
szymanowski_1,7,7.8,0.2,75,upper,46,2,3.8
szymanowski_1,7,8.0,1.5,79,upper,46,3,0.0
szymanowski_1,7,8.5,0.5,71,lower,50,3,0.5
szymanowski_1,7,9.0,0.5,62,lower,50,3,1.0
szymanowski_1,7,9.5,0.5,77,upper,46,3,1.5
szymanowski_1,7,9.5,0.5,56,lower,50,3,1.5
szymanowski_1,7,10.0,0.3333333333333333,82,upper,46,3,2.0
szymanowski_1,7,10.0,0.5,55,lower,50,3,2.0
szymanowski_1,7,10.333333333333334,0.3333333333333333,77,upper,46,3,2.3333333333333335
szymanowski_1,7,10.5,0.5,62,lower,50,3,2.5
szymanowski_1,7,10.666666666666666,0.3333333333333333,75,upper,46,3,2.6666666666666665
szymanowski_1,7,11.0,0.3333333333333333,82,upper,46,3,3.0
szymanowski_1,7,11.0,1.0,82,upper,51,3,3.0
szymanowski_1,7,11.0,0.5,63,lower,50,3,3.0
szymanowski_1,7,11.333333333333334,0.3333333333333333,75,upper,46,3,3.3333333333333335
szymanowski_1,7,11.5,0.5,70,lower,50,3,3.5
szymanowski_1,7,11.666666666666666,0.3333333333333333,74,upper,46,3,3.6666666666666665
szymanowski_1,7,12.0,0.3333333333333333,82,upper,46,4,0.0
szymanowski_1,7,12.0,0.3333333333333333,82,upper,51,4,0.0
szymanowski_1,7,12.0,0.5,67,lower,50,4,0.0
szymanowski_1,7,12.333333333333334,0.3333333333333333,72,upper,46,4,0.3333333333333333
szymanowski_1,7,12.5,0.5,60,lower,50,4,0.5
szymanowski_1,7,12.666666666666666,0.3333333333333333,75,upper,46,4,0.6666666666666666
szymanowski_1,7,13.0,0.5,82,upper,46,4,1.0
szymanowski_1,7,13.0,0.5,53,lower,50,4,1.0
szymanowski_1,7,13.5,0.5,80,upper,46,4,1.5
szymanowski_1,7,13.5,0.5,60,lower,50,4,1.5
szymanowski_1,7,14.0,2.0,80,upper,46,4,2.0
szymanowski_1,7,14.0,0.5,63,lower,50,4,2.0
szymanowski_1,7,14.5,0.5,68,upper,50,4,2.5
szymanowski_1,7,15.0,0.5,72,upper,50,4,3.0
szymanowski_1,7,15.5,0.5,75,upper,50,4,3.5
szymanowski_1,7,16.0,0.3333333333333333,82,upper,46,5,0.0
szymanowski_1,7,16.0,0.5,53,lower,50,5,0.0
szymanowski_1,7,16.333333333333332,0.3333333333333333,71,upper,46,5,0.3333333333333333
szymanowski_1,7,16.5,0.5,62,lower,50,5,0.5
szymanowski_1,7,16.666666666666668,0.3333333333333333,72,upper,46,5,0.6666666666666666
szymanowski_1,7,17.0,0.3333333333333333,80,upper,46,5,1.0
szymanowski_1,7,17.0,0.5,68,lower,50,5,1.0
szymanowski_1,7,17.333333333333332,0.3333333333333333,73,upper,46,5,1.3333333333333333
szymanowski_1,7,17.5,0.5,59,lower,50,5,1.5
szymanowski_1,7,17.666666666666668,0.3333333333333333,74,upper,46,5,1.6666666666666667
szymanowski_1,7,18.0,0.5,79,upper,46,5,2.0
szymanowski_1,7,18.0,0.3333333333333333,60,lower,49,5,2.0
szymanowski_1,7,18.0,1.0,58,lower,50,5,2.0
szymanowski_1,7,18.333333333333332,0.3333333333333333,63,lower,49,5,2.3333333333333335
szymanowski_1,7,18.5,0.5,72,upper,46,5,2.5
szymanowski_1,7,18.666666666666668,0.3333333333333333,67,lower,49,5,2.6666666666666665
szymanowski_1,7,19.0,1.0,72,upper,46,5,3.0
szymanowski_1,7,19.0,1.0,67,lower,49,5,3.0
szymanowski_1,7,19.0,0.5,58,lower,50,5,3.0
szymanowski_1,7,19.5,0.5,57,lower,50,5,3.5
szymanowski_1,7,20.0,0.3333333333333333,72,upper,46,6,0.0
szymanowski_1,7,20.0,1.0,65,lower,49,6,0.0
szymanowski_1,7,20.0,0.5,56,lower,50,6,0.0
szymanowski_1,7,20.333333333333332,0.3333333333333333,68,upper,46,6,0.3333333333333333
szymanowski_1,7,20.5,0.5,51,lower,50,6,0.5
szymanowski_1,7,20.666666666666668,0.3333333333333333,72,upper,46,6,0.6666666666666666
szymanowski_1,7,21.0,0.5,79,upper,46,6,1.0
szymanowski_1,7,21.0,0.5,50,lower,49,6,1.0
szymanowski_1,7,21.0,3.0,50,lower,50,6,1.0
szymanowski_1,7,21.5,0.5,77,upper,46,6,1.5
szymanowski_1,7,21.5,0.5,56,lower,49,6,1.5
szymanowski_1,7,22.0,2.0,77,upper,46,6,2.0
szymanowski_1,7,22.0,0.5,60,lower,49,6,2.0
szymanowski_1,7,22.5,0.5,65,upper,49,6,2.5
szymanowski_1,7,23.0,0.5,68,upper,49,6,3.0
szymanowski_1,7,23.5,0.5,72,upper,49,6,3.5
szymanowski_1,7,24.0,1.5,79,upper,46,7,0.0
szymanowski_1,7,24.0,0.5,43,lower,50,7,0.0
szymanowski_1,7,24.5,0.5,71,lower,50,7,0.5
szymanowski_1,7,25.0,0.5,65,lower,50,7,1.0
szymanowski_1,7,25.5,0.5,77,upper,46,7,1.5
szymanowski_1,7,25.5,0.5,56,lower,50,7,1.5
szymanowski_1,7,26.0,0.2,74,upper,46,7,2.0
szymanowski_1,7,26.0,0.5,66,lower,50,7,2.0
szymanowski_1,7,26.2,0.2,75,upper,46,7,2.2
szymanowski_1,7,26.4,0.2,71,upper,46,7,2.4
szymanowski_1,7,26.5,0.5,56,lower,50,7,2.5
szymanowski_1,7,26.6,0.2,72,upper,46,7,2.6
szymanowski_1,7,26.8,0.2,67,upper,46,7,2.8
szymanowski_1,7,27.0,0.2,68,upper,46,7,3.0
szymanowski_1,7,27.0,0.5,51,lower,50,7,3.0
szymanowski_1,7,27.2,0.2,71,upper,46,7,3.2
szymanowski_1,7,27.4,0.2,72,upper,46,7,3.4
szymanowski_1,7,27.5,0.5,44,lower,50,7,3.5
szymanowski_1,7,27.6,0.2,74,upper,46,7,3.6
szymanowski_1,7,27.8,0.2,75,upper,46,7,3.8
szymanowski_1,7,28.0,1.5,79,upper,46,8,0.0
szymanowski_1,7,28.5,0.5,71,lower,50,8,0.5
szymanowski_1,7,29.0,0.5,65,lower,50,8,1.0
szymanowski_1,7,29.5,0.5,77,upper,46,8,1.5
szymanowski_1,7,29.5,0.5,56,lower,50,8,1.5
szymanowski_1,7,30.0,0.2,74,upper,46,8,2.0
szymanowski_1,7,30.0,0.5,66,lower,50,8,2.0
szymanowski_1,7,30.2,0.2,75,upper,46,8,2.2
szymanowski_1,7,30.4,0.2,71,upper,46,8,2.4
szymanowski_1,7,30.5,0.5,56,lower,50,8,2.5
szymanowski_1,7,30.6,0.2,72,upper,46,8,2.6
szymanowski_1,7,30.8,0.2,67,upper,46,8,2.8
szymanowski_1,7,31.0,0.2,68,upper,46,8,3.0
szymanowski_1,7,31.0,0.5,51,lower,50,8,3.0
szymanowski_1,7,31.2,0.2,71,upper,46,8,3.2
szymanowski_1,7,31.4,0.2,72,upper,46,8,3.4
szymanowski_1,7,31.5,0.5,44,lower,50,8,3.5
szymanowski_1,7,31.6,0.2,74,upper,46,8,3.6
szymanowski_1,7,31.8,0.1999999999999993,75,upper,46,8,3.8
szymanowski_1,8,0.0,0.5,63,upper,57,1,-1.0
szymanowski_1,8,0.0,1.0,63,upper,58,1,-1.0
szymanowski_1,8,0.0,1.0,61,lower,61,1,-1.0
szymanowski_1,8,0.5,0.5,66,upper,57,1,-0.5
szymanowski_1,8,1.0,0.5,68,upper,57,1,0.0
szymanowski_1,8,1.0,3.0,63,lower,58,1,0.0
szymanowski_1,8,1.0,3.0,63,lower,60,1,0.0
szymanowski_1,8,1.0,1.0,59,lower,61,1,0.0
szymanowski_1,8,1.5,1.0,70,upper,57,1,0.5
szymanowski_1,8,2.0,1.0,58,lower,61,1,1.0
szymanowski_1,8,2.5,0.5,66,upper,57,1,1.5
szymanowski_1,8,3.0,0.5,66,upper,57,1,2.0
szymanowski_1,8,3.0,2.0,56,lower,61,1,2.0
szymanowski_1,8,3.5,0.5,71,upper,57,1,2.5
szymanowski_1,8,4.0,0.5,78,upper,57,1,3.0
szymanowski_1,8,4.0,1.0,63,lower,60,1,3.0
szymanowski_1,8,4.5,0.5,71,upper,57,1,3.5
szymanowski_1,8,5.0,0.5,77,upper,57,2,0.0
szymanowski_1,8,5.0,2.0,62,lower,60,2,0.0
szymanowski_1,8,5.0,1.0,56,lower,61,2,0.0
szymanowski_1,8,5.5,0.5,71,upper,57,2,0.5
szymanowski_1,8,6.0,0.5,77,upper,57,2,1.0
szymanowski_1,8,6.0,3.0,54,lower,61,2,1.0
szymanowski_1,8,6.5,0.5,71,upper,57,2,1.5
szymanowski_1,8,7.0,0.5,70,upper,57,2,2.0
szymanowski_1,8,7.0,1.0,62,lower,60,2,2.0
szymanowski_1,8,7.5,0.5,77,upper,57,2,2.5
szymanowski_1,8,8.0,0.5,75,upper,57,2,3.0
szymanowski_1,8,8.0,1.0,63,lower,60,2,3.0
szymanowski_1,8,8.5,0.5,66,upper,57,2,3.5
szymanowski_1,8,9.0,0.5,71,upper,57,3,0.0
szymanowski_1,8,9.0,1.0,58,lower,60,3,0.0
szymanowski_1,8,9.0,0.5,53,lower,61,3,0.0
szymanowski_1,8,9.5,1.0,66,upper,57,3,0.5
szymanowski_1,8,9.5,0.5,51,lower,61,3,0.5
szymanowski_1,8,10.0,1.0,57,lower,60,3,1.0
szymanowski_1,8,10.0,1.0,51,lower,61,3,1.0
szymanowski_1,8,10.5,0.5,71,upper,57,3,1.5
szymanowski_1,8,11.0,0.5,70,upper,57,3,2.0
szymanowski_1,8,11.0,1.0,58,lower,60,3,2.0
szymanowski_1,8,11.0,1.0,50,lower,61,3,2.0
szymanowski_1,8,11.5,0.5,65,upper,57,3,2.5
szymanowski_1,8,12.0,0.5,63,upper,57,3,3.0
szymanowski_1,8,12.0,1.0,54,lower,60,3,3.0
szymanowski_1,8,12.0,1.0,47,lower,61,3,3.0
szymanowski_1,8,12.5,0.5,70,upper,57,3,3.5
szymanowski_1,8,13.0,0.5,68,upper,57,4,0.0
szymanowski_1,8,13.0,1.5,53,lower,60,4,0.0
szymanowski_1,8,13.0,1.0,47,lower,61,4,0.0
szymanowski_1,8,13.5,0.5,63,upper,57,4,0.5
szymanowski_1,8,14.0,0.5,66,upper,57,4,1.0
szymanowski_1,8,14.0,1.0,46,lower,61,4,1.0
szymanowski_1,8,14.5,0.5,61,upper,57,4,1.5
szymanowski_1,8,14.5,0.5,54,lower,60,4,1.5
szymanowski_1,8,15.0,0.5,59,upper,57,4,2.0
szymanowski_1,8,15.0,1.0,51,lower,60,4,2.0
szymanowski_1,8,15.0,2.0,44,lower,61,4,2.0
szymanowski_1,8,15.5,0.5,66,upper,57,4,2.5
szymanowski_1,8,16.0,0.5,65,upper,57,4,3.0
szymanowski_1,8,16.0,1.0,50,lower,60,4,3.0
szymanowski_1,8,16.5,0.5,59,upper,57,4,3.5
szymanowski_1,8,17.0,0.5,65,upper,57,5,0.0
szymanowski_1,8,17.0,1.0,50,lower,60,5,0.0
szymanowski_1,8,17.0,3.0,42,lower,61,5,0.0
szymanowski_1,8,17.5,0.5,59,upper,57,5,0.5
szymanowski_1,8,18.0,0.5,58,upper,57,5,1.0
szymanowski_1,8,18.0,1.0,50,lower,60,5,1.0
szymanowski_1,8,18.5,0.5,65,upper,57,5,1.5
szymanowski_1,8,19.0,0.5,63,upper,57,5,2.0
szymanowski_1,8,19.0,1.0,51,lower,60,5,2.0
szymanowski_1,8,19.5,0.5,58,upper,57,5,2.5
szymanowski_1,8,20.0,0.5,59,upper,57,5,3.0
szymanowski_1,8,20.0,1.0,46,lower,60,5,3.0
szymanowski_1,8,20.0,0.5,41,lower,61,5,3.0
szymanowski_1,8,20.5,0.5,54,upper,57,5,3.5
szymanowski_1,8,20.5,0.5,39,lower,61,5,3.5
szymanowski_1,8,21.0,0.5,54,upper,57,6,0.0
szymanowski_1,8,21.0,1.0,45,lower,60,6,0.0
szymanowski_1,8,21.0,1.0,39,lower,61,6,0.0
szymanowski_1,8,21.5,0.5,59,upper,57,6,0.5
szymanowski_1,8,22.0,0.5,58,upper,57,6,1.0
szymanowski_1,8,22.0,1.5,46,lower,60,6,1.0
szymanowski_1,8,22.0,1.5,38,lower,61,6,1.0
szymanowski_1,8,22.5,0.5,53,upper,57,6,1.5
szymanowski_1,8,23.0,1.5,56,upper,57,6,2.0
szymanowski_1,8,23.0,0.5,56,upper,58,6,2.0
szymanowski_1,8,23.5,0.5,51,upper,58,6,2.5
szymanowski_1,8,23.5,0.5,35,lower,60,6,2.5
szymanowski_1,8,23.5,0.5,41,lower,60,6,2.5
szymanowski_1,8,24.0,0.5,50,upper,58,6,3.0
szymanowski_1,8,24.0,1.0,34,lower,60,6,3.0
szymanowski_1,8,24.0,1.0,41,lower,60,6,3.0
szymanowski_1,8,24.5,0.5,58,upper,57,6,3.5
szymanowski_1,8,24.5,0.5,58,upper,58,6,3.5
szymanowski_1,8,25.0,1.5,56,upper,57,7,0.0
szymanowski_1,8,25.0,0.5,56,upper,58,7,0.0
szymanowski_1,8,25.0,0.5,34,lower,60,7,0.0
szymanowski_1,8,25.0,0.5,41,lower,60,7,0.0
szymanowski_1,8,25.5,0.5,51,upper,58,7,0.5
szymanowski_1,8,25.5,0.5,35,lower,60,7,0.5
szymanowski_1,8,25.5,0.5,41,lower,60,7,0.5
szymanowski_1,8,26.0,0.5,50,upper,58,7,1.0
szymanowski_1,8,26.0,1.5,34,lower,60,7,1.0
szymanowski_1,8,26.0,1.5,41,lower,60,7,1.0
szymanowski_1,8,26.5,0.5,58,upper,57,7,1.5
szymanowski_1,8,26.5,0.5,58,upper,58,7,1.5
szymanowski_1,8,27.0,1.5,56,upper,57,7,2.0
szymanowski_1,8,27.0,0.5,56,upper,58,7,2.0
szymanowski_1,8,27.5,0.5,51,upper,58,7,2.5
szymanowski_1,8,27.5,0.5,35,lower,60,7,2.5
szymanowski_1,8,27.5,0.5,41,lower,60,7,2.5
szymanowski_1,8,28.0,0.5,50,upper,58,7,3.0
szymanowski_1,8,28.0,1.0,34,lower,60,7,3.0
szymanowski_1,8,28.0,1.0,41,lower,60,7,3.0
szymanowski_1,8,28.5,0.5,58,upper,57,7,3.5
szymanowski_1,8,28.5,0.5,58,upper,58,7,3.5
szymanowski_1,8,29.0,0.5,59,upper,57,8,0.0
szymanowski_1,8,29.0,1.0,32,lower,60,8,0.0
szymanowski_1,8,29.5,0.5,66,upper,57,8,0.5
szymanowski_1,8,30.0,0.5,73,upper,57,8,1.0
szymanowski_1,8,30.0,1.0,58,lower,60,8,1.0
szymanowski_1,8,30.0,2.0,44,lower,61,8,1.0
szymanowski_1,8,30.5,0.5,66,upper,57,8,1.5
szymanowski_1,8,31.0,0.5,71,upper,57,8,2.0
szymanowski_1,8,31.0,1.0,56,lower,60,8,2.0
szymanowski_1,8,31.5,0.5,66,upper,57,8,2.5
szymanowski_1,8,32.0,0.5,71,upper,57,8,3.0
szymanowski_1,8,32.0,1.0,56,lower,60,8,3.0
szymanowski_1,8,32.0,1.0,63,lower,60,8,3.0
szymanowski_1,8,32.0,1.0,66,lower,60,8,3.0
szymanowski_1,8,32.5,0.5,82,upper,57,8,3.5
szymanowski_1,9,0.0,0.3333333333333333,58,lower,66,1,0.0
szymanowski_1,9,0.0,2.0,58,lower,67,1,0.0
szymanowski_1,9,0.3333333333333333,0.3333333333333333,60,lower,66,1,0.3333333333333333
szymanowski_1,9,0.5,0.5,77,upper,63,1,0.5
szymanowski_1,9,0.5,0.5,66,upper,64,1,0.5
szymanowski_1,9,0.6666666666666666,0.3333333333333333,68,lower,66,1,0.6666666666666666
szymanowski_1,9,1.0,0.5,77,upper,63,1,1.0
szymanowski_1,9,1.0,1.0,66,upper,64,1,1.0
szymanowski_1,9,1.0,0.3333333333333333,61,lower,66,1,1.0
szymanowski_1,9,1.3333333333333333,0.3333333333333333,63,lower,66,1,1.3333333333333333
szymanowski_1,9,1.5,0.5,75,upper,63,1,1.5
szymanowski_1,9,1.6666666666666667,0.3333333333333333,70,lower,66,1,1.6666666666666667
szymanowski_1,9,2.0,0.5,75,upper,63,1,2.0
szymanowski_1,9,2.0,2.0,66,upper,64,1,2.0
szymanowski_1,9,2.0,0.3333333333333333,58,lower,66,1,2.0
szymanowski_1,9,2.0,2.0,58,lower,67,1,2.0
szymanowski_1,9,2.3333333333333335,0.3333333333333333,60,lower,66,1,2.3333333333333335
szymanowski_1,9,2.5,0.5,73,upper,63,1,2.5
szymanowski_1,9,2.6666666666666665,0.3333333333333333,68,lower,66,1,2.6666666666666665
szymanowski_1,9,3.0,1.0,75,upper,63,1,3.0
szymanowski_1,9,3.0,0.3333333333333333,61,lower,66,1,3.0
szymanowski_1,9,3.3333333333333335,0.3333333333333333,63,lower,66,1,3.3333333333333335
szymanowski_1,9,3.6666666666666665,0.3333333333333333,70,lower,66,1,3.6666666666666665
szymanowski_1,9,4.0,1.0,66,upper,64,2,0.0
szymanowski_1,9,4.0,0.3333333333333333,61,lower,66,2,0.0
szymanowski_1,9,4.0,2.0,57,lower,67,2,0.0
szymanowski_1,9,4.333333333333333,0.3333333333333333,63,lower,66,2,0.3333333333333333
szymanowski_1,9,4.5,0.5,77,upper,63,2,0.5
szymanowski_1,9,4.666666666666667,0.3333333333333333,68,lower,66,2,0.6666666666666666
szymanowski_1,9,5.0,0.5,77,upper,63,2,1.0
szymanowski_1,9,5.0,1.0,66,upper,64,2,1.0
szymanowski_1,9,5.0,0.3333333333333333,61,lower,66,2,1.0
szymanowski_1,9,5.333333333333333,0.3333333333333333,63,lower,66,2,1.3333333333333333
szymanowski_1,9,5.5,0.5,75,upper,63,2,1.5
szymanowski_1,9,5.666666666666667,0.3333333333333333,69,lower,66,2,1.6666666666666667
szymanowski_1,9,6.0,0.5,75,upper,63,2,2.0
szymanowski_1,9,6.0,2.0,66,upper,64,2,2.0
szymanowski_1,9,6.0,0.3333333333333333,60,lower,66,2,2.0
szymanowski_1,9,6.0,2.0,54,lower,67,2,2.0
szymanowski_1,9,6.333333333333333,0.3333333333333333,63,lower,66,2,2.3333333333333335
szymanowski_1,9,6.5,0.5,73,upper,63,2,2.5
szymanowski_1,9,6.666666666666667,0.3333333333333333,68,lower,66,2,2.6666666666666665
szymanowski_1,9,7.0,1.0,75,upper,63,2,3.0
szymanowski_1,9,7.0,0.3333333333333333,60,lower,66,2,3.0
szymanowski_1,9,7.333333333333333,0.3333333333333333,63,lower,66,2,3.3333333333333335
szymanowski_1,9,7.666666666666667,0.3333333333333333,70,lower,66,2,3.6666666666666665
szymanowski_1,9,8.0,0.3333333333333333,60,lower,66,3,0.0
szymanowski_1,9,8.0,2.0,53,lower,67,3,0.0
szymanowski_1,9,8.333333333333334,0.3333333333333333,61,lower,66,3,0.3333333333333333
szymanowski_1,9,8.5,1.0,65,upper,63,3,0.5
szymanowski_1,9,8.5,1.0,77,upper,63,3,0.5
szymanowski_1,9,8.666666666666666,0.3333333333333333,68,lower,66,3,0.6666666666666666
szymanowski_1,9,9.0,0.3333333333333333,60,lower,66,3,1.0
szymanowski_1,9,9.333333333333334,0.3333333333333333,61,lower,66,3,1.3333333333333333
szymanowski_1,9,9.5,1.0,63,upper,63,3,1.5
szymanowski_1,9,9.5,1.0,75,upper,63,3,1.5
szymanowski_1,9,9.666666666666666,0.3333333333333333,66,lower,66,3,1.6666666666666667
szymanowski_1,9,10.0,0.3333333333333333,58,lower,66,3,2.0
szymanowski_1,9,10.0,2.0,53,lower,67,3,2.0
szymanowski_1,9,10.333333333333334,0.3333333333333333,60,lower,66,3,2.3333333333333335
szymanowski_1,9,10.5,0.5,61,upper,63,3,2.5
szymanowski_1,9,10.5,0.5,73,upper,63,3,2.5
szymanowski_1,9,10.666666666666666,0.3333333333333333,66,lower,66,3,2.6666666666666665
szymanowski_1,9,11.0,1.0,63,upper,63,3,3.0
szymanowski_1,9,11.0,1.0,75,upper,63,3,3.0
szymanowski_1,9,11.0,0.3333333333333333,58,lower,66,3,3.0
szymanowski_1,9,11.333333333333334,0.3333333333333333,60,lower,66,3,3.3333333333333335
szymanowski_1,9,11.666666666666666,0.3333333333333333,66,lower,66,3,3.6666666666666665
szymanowski_1,9,12.0,0.3333333333333333,58,lower,66,4,0.0
szymanowski_1,9,12.0,2.0,51,lower,67,4,0.0
szymanowski_1,9,12.333333333333334,0.3333333333333333,60,lower,66,4,0.3333333333333333
szymanowski_1,9,12.5,1.0,65,upper,63,4,0.5
szymanowski_1,9,12.5,1.0,77,upper,63,4,0.5
szymanowski_1,9,12.666666666666666,0.3333333333333333,69,lower,66,4,0.6666666666666666
szymanowski_1,9,13.0,0.3333333333333333,58,lower,66,4,1.0
szymanowski_1,9,13.333333333333334,0.3333333333333333,60,lower,66,4,1.3333333333333333
szymanowski_1,9,13.5,1.0,63,upper,63,4,1.5
szymanowski_1,9,13.5,1.0,75,upper,63,4,1.5
szymanowski_1,9,13.666666666666666,0.3333333333333333,66,lower,66,4,1.6666666666666667
szymanowski_1,9,14.0,0.3333333333333333,57,lower,66,4,2.0
szymanowski_1,9,14.0,2.0,51,lower,67,4,2.0
szymanowski_1,9,14.333333333333334,0.3333333333333333,58,lower,66,4,2.3333333333333335
szymanowski_1,9,14.5,1.0,61,upper,63,4,2.5
szymanowski_1,9,14.5,1.0,73,upper,63,4,2.5
szymanowski_1,9,14.666666666666666,0.3333333333333333,66,lower,66,4,2.6666666666666665
szymanowski_1,9,15.0,0.3333333333333333,56,lower,66,4,3.0
szymanowski_1,9,15.333333333333334,0.3333333333333333,57,lower,66,4,3.3333333333333335
szymanowski_1,9,15.5,0.5,60,upper,63,4,3.5
szymanowski_1,9,15.5,0.5,72,upper,63,4,3.5
szymanowski_1,9,15.666666666666666,0.3333333333333333,65,lower,66,4,3.6666666666666665
szymanowski_1,9,16.0,0.3333333333333333,57,lower,66,5,0.0
szymanowski_1,9,16.0,2.0,49,lower,67,5,0.0
szymanowski_1,9,16.333333333333332,0.3333333333333333,58,lower,66,5,0.3333333333333333
szymanowski_1,9,16.5,1.0,60,upper,63,5,0.5
szymanowski_1,9,16.5,1.0,72,upper,63,5,0.5
szymanowski_1,9,16.666666666666668,0.3333333333333333,65,lower,66,5,0.6666666666666666
szymanowski_1,9,17.0,0.3333333333333333,52,lower,66,5,1.0
szymanowski_1,9,17.333333333333332,0.3333333333333333,53,lower,66,5,1.3333333333333333
szymanowski_1,9,17.5,0.5,58,upper,63,5,1.5
szymanowski_1,9,17.5,0.5,70,upper,63,5,1.5
szymanowski_1,9,17.666666666666668,0.3333333333333333,61,lower,66,5,1.6666666666666667
szymanowski_1,9,18.0,0.3333333333333333,52,lower,66,5,2.0
szymanowski_1,9,18.0,2.0,47,lower,67,5,2.0
szymanowski_1,9,18.333333333333332,0.3333333333333333,53,lower,66,5,2.3333333333333335
szymanowski_1,9,18.5,1.0,58,upper,63,5,2.5
szymanowski_1,9,18.5,1.0,70,upper,63,5,2.5
szymanowski_1,9,18.666666666666668,0.3333333333333333,61,lower,66,5,2.6666666666666665
szymanowski_1,9,19.0,0.3333333333333333,48,lower,66,5,3.0
szymanowski_1,9,19.333333333333332,0.3333333333333333,49,lower,66,5,3.3333333333333335
szymanowski_1,9,19.5,0.5,56,upper,63,5,3.5
szymanowski_1,9,19.5,0.5,68,upper,63,5,3.5
szymanowski_1,9,19.666666666666668,0.3333333333333333,61,lower,66,5,3.6666666666666665
szymanowski_1,9,20.0,0.3333333333333333,48,lower,66,6,0.0
szymanowski_1,9,20.0,2.0,46,lower,67,6,0.0
szymanowski_1,9,20.333333333333332,0.3333333333333333,49,lower,66,6,0.3333333333333333
szymanowski_1,9,20.5,1.0,56,upper,63,6,0.5
szymanowski_1,9,20.5,1.0,68,upper,63,6,0.5
szymanowski_1,9,20.666666666666668,0.3333333333333333,61,lower,66,6,0.6666666666666666
szymanowski_1,9,21.0,0.3333333333333333,48,lower,66,6,1.0
szymanowski_1,9,21.333333333333332,0.3333333333333333,49,lower,66,6,1.3333333333333333
szymanowski_1,9,21.5,0.5,54,upper,63,6,1.5
szymanowski_1,9,21.5,0.5,66,upper,63,6,1.5
szymanowski_1,9,21.666666666666668,0.3333333333333333,58,lower,66,6,1.6666666666666667
szymanowski_1,9,22.0,0.3333333333333333,47,lower,66,6,2.0
szymanowski_1,9,22.0,2.0,46,lower,67,6,2.0
szymanowski_1,9,22.333333333333332,0.3333333333333333,48,lower,66,6,2.3333333333333335
szymanowski_1,9,22.5,1.0,53,upper,63,6,2.5
szymanowski_1,9,22.5,1.0,65,upper,63,6,2.5
szymanowski_1,9,22.666666666666668,0.3333333333333333,56,lower,66,6,2.6666666666666665
szymanowski_1,9,23.0,0.3333333333333333,47,lower,66,6,3.0
szymanowski_1,9,23.333333333333332,0.3333333333333333,48,lower,66,6,3.3333333333333335
szymanowski_1,9,23.5,0.5,52,upper,63,6,3.5
szymanowski_1,9,23.5,0.5,64,upper,63,6,3.5
szymanowski_1,9,23.666666666666668,0.3333333333333333,54,lower,66,6,3.6666666666666665
szymanowski_1,9,24.0,0.3333333333333333,47,lower,66,7,0.0
szymanowski_1,9,24.0,2.0,44,lower,67,7,0.0
szymanowski_1,9,24.333333333333332,0.3333333333333333,48,lower,66,7,0.3333333333333333
szymanowski_1,9,24.5,1.0,54,upper,63,7,0.5
szymanowski_1,9,24.5,1.0,66,upper,63,7,0.5
szymanowski_1,9,24.666666666666668,0.3333333333333333,58,lower,66,7,0.6666666666666666
szymanowski_1,9,25.0,0.3333333333333333,47,lower,66,7,1.0
szymanowski_1,9,25.333333333333332,0.3333333333333333,48,lower,66,7,1.3333333333333333
szymanowski_1,9,25.5,0.5,53,upper,63,7,1.5
szymanowski_1,9,25.5,0.5,65,upper,63,7,1.5
szymanowski_1,9,25.666666666666668,0.3333333333333333,56,lower,66,7,1.6666666666666667
szymanowski_1,9,26.0,0.3333333333333333,47,lower,66,7,2.0
szymanowski_1,9,26.0,1.0,42,lower,67,7,2.0
szymanowski_1,9,26.333333333333332,0.3333333333333333,48,lower,66,7,2.3333333333333335
szymanowski_1,9,26.5,1.0,53,upper,63,7,2.5
szymanowski_1,9,26.5,1.0,65,upper,63,7,2.5
szymanowski_1,9,26.666666666666668,0.3333333333333333,56,lower,66,7,2.6666666666666665
szymanowski_1,9,27.0,0.3333333333333333,43,lower,66,7,3.0
szymanowski_1,9,27.333333333333332,0.3333333333333333,44,lower,66,7,3.3333333333333335
szymanowski_1,9,27.333333333333332,0.6666666666666666,44,lower,67,7,3.3333333333333335
szymanowski_1,9,27.5,0.5,51,upper,63,7,3.5
szymanowski_1,9,27.5,0.5,63,upper,63,7,3.5
szymanowski_1,9,27.666666666666668,0.3333333333333333,56,lower,66,7,3.6666666666666665
szymanowski_1,9,28.0,0.3333333333333333,43,lower,66,8,0.0
szymanowski_1,9,28.0,2.0,41,lower,67,8,0.0
szymanowski_1,9,28.333333333333332,0.3333333333333333,44,lower,66,8,0.3333333333333333
szymanowski_1,9,28.5,1.0,51,upper,63,8,0.5
szymanowski_1,9,28.5,1.0,63,upper,63,8,0.5
szymanowski_1,9,28.666666666666668,0.3333333333333333,56,lower,66,8,0.6666666666666666
szymanowski_1,9,29.0,0.3333333333333333,43,lower,66,8,1.0
szymanowski_1,9,29.333333333333332,0.3333333333333333,44,lower,66,8,1.3333333333333333
szymanowski_1,9,29.5,0.5,49,upper,63,8,1.5
szymanowski_1,9,29.5,0.5,61,upper,63,8,1.5
szymanowski_1,9,29.666666666666668,0.3333333333333333,53,lower,66,8,1.6666666666666667
szymanowski_1,9,30.0,0.3333333333333333,41,lower,66,8,2.0
szymanowski_1,9,30.0,2.0,40,lower,67,8,2.0
szymanowski_1,9,30.333333333333332,0.3333333333333333,42,lower,66,8,2.3333333333333335
szymanowski_1,9,30.5,1.0,51,upper,63,8,2.5
szymanowski_1,9,30.5,1.0,63,upper,63,8,2.5
szymanowski_1,9,30.666666666666668,0.3333333333333333,54,lower,66,8,2.6666666666666665
szymanowski_1,9,31.0,0.3333333333333333,41,lower,66,8,3.0
szymanowski_1,9,31.333333333333332,0.3333333333333333,42,lower,66,8,3.3333333333333335
szymanowski_1,9,31.5,0.5,49,upper,63,8,3.5
szymanowski_1,9,31.5,0.5,61,upper,63,8,3.5
szymanowski_1,9,31.666666666666668,0.33333333333333215,46,lower,66,8,3.6666666666666665
