id,replicate,X,Y
bach,0,80.12484714240763,76.9533154799018
bach,1,77.5043973800273,74.89597276581536
bach,2,78.03783772543566,77.2682680269735
bach,3,79.40560436021079,74.28642241365306
bach,4,76.47914699051692,72.43608039198219
bach,5,78.2837366743568,76.12222110133868
bach,6,77.63982861798634,76.68421659927014
bach,7,77.51133819517871,75.34119996695803
bach,8,76.65506166172578,74.78377964095154
bach,9,76.16578627284977,75.93498428899439
bach,10,77.95230779385246,74.33672318231189
bach,11,76.00206027077076,76.70603263594509
bach,12,78.66958125562833,75.00968771399212
bach,13,79.94194928726301,76.98022560286724
bach,14,80.30074328946408,77.37404504980549
bach,15,77.08482881790371,75.79710799449686
bach,16,77.72239863132496,74.76924894852218
bach,17,80.76332753258733,76.75942385509339
bach,18,81.31007819686063,77.05795203280191
bach,19,75.6391042126664,73.34042691937212
bach,20,74.44837128263086,79.04891087602071
bach,21,78.34339750098978,76.21187690087983
bach,22,74.95647178926765,78.2321313281422
bach,23,79.72343641211364,72.48061793829663
bach,24,78.43255589189044,76.8682872802883
bach,25,78.19059628988846,77.48238715589663
bach,26,78.66321283029191,74.82003740817213
bach,27,78.04882133589547,74.84379760911942
bach,28,74.64565319187176,73.81601891592815
bach,29,75.51410307506319,74.2946994706174
bach,30,76.93165063527745,74.75778165993098
bach,31,76.55714647005102,76.6182440074046
bach,32,79.14540609364153,75.3342363856523
bach,33,76.0984336508692,76.8000132966152
bach,34,78.8141150859286,72.30572640435145
bach,35,75.50335327070475,77.1525336318717
bach,36,82.97793269730832,77.23639417781912
bach,37,78.03912399025205,77.4883584640497
bach,38,78.82202627245296,78.70935738521729
bach,39,75.64210660853338,76.05717374680455
bach,40,76.21767226968265,77.36649164583997
bach,41,78.34089989822763,72.13197607916896
bach,42,79.3657346003735,73.71518279226568
bach,43,76.29614369067905,74.74358352966239
bach,44,81.60529965394396,77.22533927745594
bach,45,80.6714406174786,77.29476959473965
bach,46,79.32699354493826,76.99641043269307
bach,47,77.71668666497928,77.24068199053005
bach,48,73.88820436253563,75.18885679643901
bach,49,73.76877732778259,75.26460894800758
bach,50,79.24985154508909,76.34917527033296
bach,51,74.74297666953767,76.0041832363935
bach,52,78.50200446905254,76.50910374848745
bach,53,81.27690599003637,75.8834011584194
bach,54,79.59908879371483,77.53292823639391
bach,55,79.8472316101842,73.99352617344567
bach,56,77.48871999724798,76.77697533256483
bach,57,76.7673590616658,75.7618213596665
bach,58,77.83822746370697,76.84115518116992
bach,59,76.98868426598882,74.71019154306568
bach,60,74.67801485418572,72.38408823039364
bach,61,78.1408624617238,75.84302998690178
bach,62,83.12558196606574,74.5729570525158
bach,63,78.61524403103472,77.17475771281005
bach,64,75.44010942834457,74.25966393347873
bach,65,81.27383662165441,75.97255187973101
bach,66,80.89914716106095,74.14249553339616
bach,67,79.81355493525896,78.2938281920496
bach,68,72.86423675879914,75.5699073365799
bach,69,75.38938025798346,73.98109006399473
bach,70,79.25030395117822,75.17305380560909
bach,71,74.76168816834824,76.18987571424371
bach,72,73.57747350451167,76.91886040257747
bach,73,74.7483472867038,74.34403295748538
bach,74,80.1956550007235,76.08730769385153
bach,75,74.69887701329732,74.35012471019546
bach,76,77.6774434390266,74.38968114256846
bach,77,79.51900352964768,74.37136986501002
bach,78,78.83917174189723,76.40885933648067
bach,79,76.08476375055842,76.38996250141496
bach,80,77.85990507528334,74.6973593384187
bach,81,80.29560996384632,74.64873249804864
bach,82,76.82520142680411,75.65673356511222
bach,83,79.99100343985924,75.40165299381063
bach,84,75.23274869419751,77.00890151921303
bach,85,77.8599654054168,77.76611117938884
bach,86,79.24014106017972,77.03631050881617
bach,87,74.2085805341931,76.57506032230047
bach,88,76.9932729695973,77.33535535783463
bach,89,80.37186461228706,76.55671954753599
bach,90,83.3812303277888,76.11444933592341
bach,91,78.70019725110348,75.50984540432991
bach,92,78.57083460123803,74.84970020564094
bach,93,78.37424586456953,73.46563380075163
bach,94,78.19702794029838,75.88603036461066
bach,95,75.86405049275797,76.48532515550058
bach,96,74.92836254540808,77.26162280923329
bach,97,79.14655723704959,74.83422230202387
bach,98,81.01047167525451,78.23011214891955
rameau,0,75.97477011034825,51.395997745489495
rameau,1,76.99429190878888,51.7785063902632
rameau,2,78.85890915392477,51.93960496837639
rameau,3,72.81356886502452,55.85334891710849
rameau,4,77.09770707842601,49.785535697826546
rameau,5,75.10879737555776,47.60296844574278
rameau,6,76.80043165541964,48.31762892807928
rameau,7,79.36103444112507,49.476996460708754
rameau,8,75.66257936448667,51.681571966517694
rameau,9,72.05669418264202,50.83644521665681
rameau,10,76.90514821100457,48.09434898649852
rameau,11,74.48290866462428,46.72217515202372
rameau,12,77.74371072896483,47.19506209274586
rameau,13,73.14056376021942,50.936486220010934
rameau,14,74.91201238869765,51.81218186870235
rameau,15,75.4750309980284,49.27330224951551
rameau,16,75.4878672110861,46.564576687879175
rameau,17,81.40156395309673,55.886902964093586
rameau,18,69.48563756492568,55.15580900497975
rameau,19,76.40253963739542,55.62598320760074
rameau,20,78.25318795438181,54.72594053491824
rameau,21,74.4649510249134,51.083810173019785
rameau,22,78.62567405410184,51.71531199413827
rameau,23,80.90914039284453,53.856432345475866
rameau,24,74.54715420388276,54.48171382530391
rameau,25,80.51020599650711,56.150156427232545
rameau,26,77.17630082661434,52.65782672353585
rameau,27,82.06026175657972,52.88555455505001
rameau,28,78.94215573046883,49.869031889017776
rameau,29,78.92221728488028,46.43003986492149
rameau,30,76.13046552663931,50.92194483506592
rameau,31,79.07112792857978,53.96530705128845
rameau,32,80.07655913889893,45.70074733717601
rameau,33,75.8248485709344,53.57554720531395
rameau,34,72.63913993898528,49.933528727412835
rameau,35,76.78268604067641,49.2092007523963
rameau,36,76.68672086671396,53.233890580080256
rameau,37,82.81009591234316,46.642977338958076
rameau,38,80.44795512390822,51.19219962866922
rameau,39,74.84033542365941,47.56524250367446
rameau,40,77.66155330364901,50.37108327193328
rameau,41,81.04126698381741,50.93713184827096
rameau,42,75.78505458982437,56.13409899762881
rameau,43,75.67866328212183,54.0411773308222
rameau,44,77.02276211595392,49.30842711786097
rameau,45,81.95234698686943,52.67725197432046
rameau,46,75.33286480340243,50.066869543521484
rameau,47,76.53115210647346,53.51488842541738
rameau,48,79.62913537604105,52.02236394971346
rameau,49,78.56609029958224,54.14349748880053
rameau,50,76.56012288323869,55.166026002415855
rameau,51,71.4199881497997,52.38889823520412
rameau,52,70.93412437377998,54.164497827340384
rameau,53,79.23506786492403,44.29985137379439
rameau,54,78.14816231119316,56.17177327843304
rameau,55,79.89191034562565,50.26560199189887
rameau,56,76.37669320031746,48.77177540255314
rameau,57,76.9086799665148,48.206602280503816
rameau,58,77.80463827164978,47.46083440165912
rameau,59,80.17303978984664,49.404143385395436
rameau,60,77.01912722740106,49.50353794057561
rameau,61,75.64147332766417,53.69062559612888
rameau,62,77.37559335383553,53.33916033033802
rameau,63,72.51317291220441,50.114997999121144
rameau,64,74.371197714514,45.752395067162475
rameau,65,75.76740208890813,48.53138580283483
rameau,66,70.37012673628185,47.296615260616676
rameau,67,72.71769645043815,55.274883336747614
rameau,68,81.73957494918847,49.436888848152634
rameau,69,79.25828514154989,47.726453957211035
rameau,70,77.08256359950276,53.35592295856409
rameau,71,79.40813605570709,53.52356881832745
rameau,72,70.67741105462473,50.30544585678975
rameau,73,77.50645764084626,49.15260482936992
rameau,74,82.11754817946428,55.30437405321405
rameau,75,68.17237086390796,45.7610623321852
rameau,76,77.56692413747368,49.29790764390462
rameau,77,69.5745676262497,55.80508382307327
rameau,78,82.83076478399589,53.33232941444205
rameau,79,75.85393503602512,50.97974829945172
rameau,80,74.38016624929018,46.2346132620866
rameau,81,76.28246468706945,54.030048473644264
rameau,82,77.24776166241311,52.77670697383322
rameau,83,76.41148434871113,50.81664867073125
rameau,84,70.4774329413405,51.64343281581426
rameau,85,73.78343311979341,48.45575320150607
rameau,86,74.50531762478865,45.9421626287414
rameau,87,68.92573132091904,52.43950084384399
rameau,88,74.07964654955224,48.97265619592677
rameau,89,82.44332989899536,53.542736269559946
rameau,90,72.54839184738046,54.88290483196201
rameau,91,77.29356938914218,52.60293028230194
rameau,92,80.31556715699605,48.31280268963188
rameau,93,72.82898649988839,47.46565882799248
rameau,94,75.91873072786596,47.67905191233711
rameau,95,76.44621271830081,54.841339737127015
rameau,96,68.06841310713577,47.983529836609875
rameau,97,78.57655285591663,45.68622571666178
rameau,98,76.31618372386238,54.703888916825846
scarlatti,0,82.27801284282236,52.105420081361395
scarlatti,1,82.3345558195254,44.55724026893091
scarlatti,2,85.60299545334323,53.34303935153175
scarlatti,3,83.15121973417008,52.62863405732696
scarlatti,4,81.14932335236364,45.600103030639374
scarlatti,5,84.71824633709053,44.32505254085506
scarlatti,6,84.58644937060407,46.166223830322735
scarlatti,7,83.99598502194222,50.77607589200771
scarlatti,8,83.24482365017629,48.28828955222868
scarlatti,9,84.57216526191021,53.980159003329064
scarlatti,10,85.07046716004213,49.542722474690294
scarlatti,11,84.92998759305227,51.218775165605535
scarlatti,12,82.42253797376387,45.15327595294546
scarlatti,13,85.84563663410394,55.86128826303801
scarlatti,14,80.3583908497741,55.33201507343899
scarlatti,15,80.67611496498365,53.196626919950816
scarlatti,16,84.00251098212776,50.65128611061343
scarlatti,17,81.1265838525572,46.11954164444836
scarlatti,18,85.10040615094303,48.058352155908004
scarlatti,19,81.21680096081724,49.64235116144285
scarlatti,20,84.77166676050865,51.022824172915
scarlatti,21,83.9062840602832,48.64847496715185
scarlatti,22,84.20044284599125,43.324754096227494
scarlatti,23,81.57912471460904,48.31576448000413
scarlatti,24,80.14716242443592,46.4041982359147
scarlatti,25,85.03251132360366,50.53081649608187
scarlatti,26,82.53275575669419,51.177366433486846
scarlatti,27,85.14115666963245,52.08704446261467
scarlatti,28,83.96504464358048,45.6788424982992
scarlatti,29,85.20629218665692,43.85167899891929
scarlatti,30,80.62164907393047,50.728285371887374
scarlatti,31,82.13587141059402,48.76620538279657
scarlatti,32,83.24085774845696,48.36394860785476
scarlatti,33,84.02695176074876,45.14713514094695
scarlatti,34,83.32500734661458,52.032494247018505
scarlatti,35,79.29109257507318,51.970973042151336
scarlatti,36,82.11462904578238,45.10787126882935
scarlatti,37,83.1020211458614,41.28070583386212
scarlatti,38,82.68864055209059,44.846135038742084
scarlatti,39,82.5082182412908,48.17703402934613
scarlatti,40,83.2421743383313,49.315799571195335
scarlatti,41,84.63241715785128,44.56857661036654
scarlatti,42,80.67270229775606,53.597550715750316
scarlatti,43,84.73556157233891,45.54322945233093
scarlatti,44,84.44019056772805,47.652515910702604
scarlatti,45,86.44519911513862,52.440301838043105
scarlatti,46,79.46536460716227,46.41613495939547
scarlatti,47,81.72854615008498,47.43319048709132
scarlatti,48,84.49250175008612,48.3023573823927
scarlatti,49,84.77277580278258,46.92486335210282
scarlatti,50,81.8052193999753,45.553630095239875
scarlatti,51,82.58185085841939,46.709475564914655
scarlatti,52,80.81076950005266,49.58072562698482
scarlatti,53,84.40811648798133,51.6618313859269
scarlatti,54,82.40667869536172,48.584489704239495
scarlatti,55,84.54125973424202,48.69175070253496
scarlatti,56,82.31743627400444,47.956860281372435
scarlatti,57,85.64429405687324,52.529106905206625
scarlatti,58,83.23036710497853,48.92622105340253
scarlatti,59,79.92815906987234,50.48035304066715
scarlatti,60,83.93552370148264,48.5002304698658
scarlatti,61,83.61200305848982,49.421519593754695
scarlatti,62,79.11522383390758,48.04972806006067
scarlatti,63,84.30175637724261,49.49112434082334
scarlatti,64,81.43335038635738,53.031801180778324
scarlatti,65,82.71876179386192,37.519214259560115
scarlatti,66,82.42674088142495,51.1022128678734
scarlatti,67,84.99603716142195,53.446869835418866
scarlatti,68,83.50124097114599,47.34829020587963
scarlatti,69,81.64752291898,51.30383840450452
scarlatti,70,81.8265583053139,44.52762308385681
scarlatti,71,79.51367056808061,49.99710387141374
scarlatti,72,82.79410323489307,45.611181585396224
scarlatti,73,82.23404515771811,46.637782002853534
scarlatti,74,81.70794470248218,51.692041833734045
scarlatti,75,82.48690141132145,53.38303680105404
scarlatti,76,82.39720569462887,48.482411329954985
scarlatti,77,82.32878323595921,48.12261430951249
scarlatti,78,82.43868684859346,47.310891931498006
scarlatti,79,80.18798292012691,43.481370800864944
scarlatti,80,79.2285158519222,52.60894014989822
scarlatti,81,84.81612378855735,46.525898719214645
scarlatti,82,84.86810487601217,47.30209555491816
scarlatti,83,83.16433080437355,52.43592297221106
scarlatti,84,83.08050260039857,48.50072320465758
scarlatti,85,85.8944285115798,51.8014720432715
scarlatti,86,82.20363014465329,51.00761715166343
scarlatti,87,80.59643684056721,49.69119507060317
scarlatti,88,83.02673753954963,51.9847746482437
scarlatti,89,79.75291506095765,49.2523515421048
scarlatti,90,84.9172465697817,55.116577552932796
scarlatti,91,83.26771481798399,48.64285490538455
scarlatti,92,81.17102990358708,50.46778724753782
scarlatti,93,84.2481988773587,48.563129538771065
scarlatti,94,86.0056591451763,47.36485531353931
scarlatti,95,85.17175563136644,48.825805040092334
scarlatti,96,83.8808996675707,52.708454392527784
scarlatti,97,82.82536671907647,48.548362186733925
scarlatti,98,82.02016915794563,37.249245393556244
mozart_turkish,0,65.15321871791372,62.76981241910231
mozart_turkish,1,72.96178553059083,63.789762250947014
mozart_turkish,2,66.35528248205058,62.6717737028228
mozart_turkish,3,62.25584078897507,62.29767500193194
mozart_turkish,4,67.46568298175818,65.66215052997781
mozart_turkish,5,70.16145190127577,64.31275785874757
mozart_turkish,6,72.53003874093163,63.28818402853107
mozart_turkish,7,68.81990860312118,59.940739487505546
mozart_turkish,8,64.2579338281046,67.05890201107252
mozart_turkish,9,66.38800851068886,67.04199897365804
mozart_turkish,10,65.159786220978,61.47192451132262
mozart_turkish,11,64.07478138511851,65.32230369714233
mozart_turkish,12,67.55944000126533,65.05981128562752
mozart_turkish,13,74.28424101933993,63.081318019144696
mozart_turkish,14,68.22360416956859,65.97496944503274
mozart_turkish,15,65.7533387887753,62.26789472456409
mozart_turkish,16,71.71843218748272,64.87608450551717
mozart_turkish,17,67.99693279222896,65.72188248301475
mozart_turkish,18,63.49929120957674,61.595622073823584
mozart_turkish,19,68.12305349270062,64.70869664205064
mozart_turkish,20,66.23875935927212,68.86090173922682
mozart_turkish,21,66.55888429793517,65.898364462581
mozart_turkish,22,63.72453234958997,68.03855409747925
mozart_turkish,23,64.99712300332334,67.00272702014807
mozart_turkish,24,74.46000516248645,63.38823728860551
mozart_turkish,25,69.85339088237777,68.79866157046844
mozart_turkish,26,63.613134217725566,65.79520987149654
mozart_turkish,27,66.17641378012617,65.14921425651451
mozart_turkish,28,65.49922196173674,63.55403523850994
mozart_turkish,29,70.81103713137486,65.04862719824636
mozart_turkish,30,69.12282544146626,63.42920066305812
mozart_turkish,31,74.67882244905519,64.25976656545613
mozart_turkish,32,71.3290277386686,65.94240976662962
mozart_turkish,33,65.41048541628777,63.17452856898226
mozart_turkish,34,68.500560966496,65.73627407766999
mozart_turkish,35,66.99125758021685,61.15612657415615
mozart_turkish,36,66.99726154185235,68.08940373240529
mozart_turkish,37,73.54479108484469,65.79126069881309
mozart_turkish,38,65.49052107226159,64.9490183208815
mozart_turkish,39,67.81921644400173,64.78161580621811
mozart_turkish,40,70.78273153138149,63.692010558887446
mozart_turkish,41,66.24904173467351,67.22853672845902
mozart_turkish,42,71.00012754003836,69.84861238508678
mozart_turkish,43,65.76169928574757,63.18000605206192
mozart_turkish,44,66.61197708603478,62.8929932439409
mozart_turkish,45,74.07331434130529,62.55233318380971
mozart_turkish,46,70.85577938977157,63.25326175145041
mozart_turkish,47,68.25626870639513,63.04585450622795
mozart_turkish,48,69.87174061754884,70.16146620795355
mozart_turkish,49,70.44767253193152,68.43850600137276
mozart_turkish,50,64.11524281980314,66.93513855996372
mozart_turkish,51,74.54861523104877,63.110345600622296
mozart_turkish,52,67.70270155323772,63.306813312823465
mozart_turkish,53,69.24614324179295,62.516528528369285
mozart_turkish,54,71.32101843391831,63.940193566047355
mozart_turkish,55,67.33214224459971,61.891924655267815
mozart_turkish,56,69.92678313178102,66.54341464303197
mozart_turkish,57,69.7455024453471,69.74645504099662
mozart_turkish,58,66.81436812272405,63.43167053785697
mozart_turkish,59,68.52191620142779,66.61361635674596
mozart_turkish,60,70.62080936613597,64.35441994417438
mozart_turkish,61,65.83632328345203,61.960109157783684
mozart_turkish,62,69.57055255325577,64.2194496460784
mozart_turkish,63,65.71255781297877,66.16180182417672
mozart_turkish,64,72.02183125296983,65.68303134748878
mozart_turkish,65,66.30213770970485,63.56258215424663
mozart_turkish,66,74.79423710741115,67.43087723383312
mozart_turkish,67,65.65561849136925,61.09053541843736
mozart_turkish,68,64.74126558563529,59.30738674247957
mozart_turkish,69,71.4094395448472,58.52610837729222
mozart_turkish,70,67.40065266596125,65.40002963547538
mozart_turkish,71,68.03476013332053,67.60275317110494
mozart_turkish,72,69.97742900362212,60.94767958631221
mozart_turkish,73,61.71051594029363,65.3746725928226
mozart_turkish,74,67.94605005466113,62.88626632483012
mozart_turkish,75,71.1235839546946,62.672441866417316
mozart_turkish,76,67.80409208154336,68.99681518248516
mozart_turkish,77,71.278918459495,64.41684699009708
mozart_turkish,78,65.41574934409091,64.32951309990054
mozart_turkish,79,65.74457885314477,61.35266565701782
mozart_turkish,80,68.65464509714164,63.230665846439514
mozart_turkish,81,66.55431770447998,65.8701564965254
mozart_turkish,82,64.92625411609976,64.88288859399232
mozart_turkish,83,70.30662763096215,65.11839930602204
mozart_turkish,84,63.158313676324674,62.171661214478114
mozart_turkish,85,71.53918049939635,60.54741612271084
mozart_turkish,86,67.2764453223728,65.40273920476031
mozart_turkish,87,72.61682338224674,68.30369985511044
mozart_turkish,88,62.28740693170718,66.51361047802033
mozart_turkish,89,69.38491831945895,65.233525380033
mozart_turkish,90,65.24748607820027,67.23093312003549
mozart_turkish,91,68.23544898333724,62.585912710134096
mozart_turkish,92,66.81610934319339,67.11514377759292
mozart_turkish,93,69.17171544601635,61.49264995400835
mozart_turkish,94,63.06251136964569,65.69029530927597
mozart_turkish,95,66.52960177921769,64.33166640011979
mozart_turkish,96,72.75286252350742,63.42418785821771
mozart_turkish,97,69.6080003745118,66.07371089445063
mozart_turkish,98,69.44842079189085,63.7503875431551
mozart_545,0,76.4313141843666,66.89858311786962
mozart_545,1,79.28463458866345,67.81320443143468
mozart_545,2,79.75420314022932,66.77561507082719
mozart_545,3,77.71652756254655,64.99174500720513
mozart_545,4,82.99394233997296,67.18480836060391
mozart_545,5,77.56836588229787,65.91160079589619
mozart_545,6,78.46679965081165,60.7652728393974
mozart_545,7,82.15191402395749,66.5803449763467
mozart_545,8,75.34659637284062,67.36609007230993
mozart_545,9,77.0134751904174,66.30229279982879
mozart_545,10,76.89653430728718,61.54102792702337
mozart_545,11,78.73121155773978,67.2147978948314
mozart_545,12,79.71093891553996,69.11357784703046
mozart_545,13,80.06630517864589,66.21058691101392
mozart_545,14,82.50782399907038,64.68118993743188
mozart_545,15,79.87776122929998,62.22890933637883
mozart_545,16,78.2548077924107,66.56025315159344
mozart_545,17,77.86527911377183,64.3639714952626
mozart_545,18,81.93252626761848,65.97378397957966
mozart_545,19,81.58045477736991,65.65481008281236
mozart_545,20,79.67803648562267,66.22668950814662
mozart_545,21,83.26484232024431,63.98783079059254
mozart_545,22,77.9129677779249,68.16110758677932
mozart_545,23,80.27897554677558,65.62522601263652
mozart_545,24,82.24629147809078,68.43242522211308
mozart_545,25,82.59295809480149,66.5597554388135
mozart_545,26,80.89725206536565,60.608468047795526
mozart_545,27,82.76128963696769,67.49848079586994
mozart_545,28,79.75158195739293,68.00768133650796
mozart_545,29,83.87467380449677,66.21194292476173
mozart_545,30,83.39452313714294,63.82532757559425
mozart_545,31,82.22778846920352,65.66685426244923
mozart_545,32,81.50302023248808,65.32784749631799
mozart_545,33,81.81071741474183,66.86848767881236
mozart_545,34,78.6078207329923,67.30861491837122
mozart_545,35,82.05056253453743,64.74267642620947
mozart_545,36,78.50187430435393,69.5041901096802
mozart_545,37,82.23289690537658,67.47650490657769
mozart_545,38,82.0431225656044,68.6908756063906
mozart_545,39,77.60655435448076,65.73496559219414
mozart_545,40,80.99474280766937,65.56466926723482
mozart_545,41,78.10302497149108,67.72689205941201
mozart_545,42,77.98084927917847,64.79072165807202
mozart_545,43,78.2236108720916,68.44371673564005
mozart_545,44,77.63391742543361,64.50332698708127
mozart_545,45,77.15812814742576,70.01073700878598
mozart_545,46,79.95053038518353,68.86396583787733
mozart_545,47,80.85847091374117,65.40761331333206
mozart_545,48,78.00824379047972,68.3481775117818
mozart_545,49,77.7045077715605,65.58471735241946
mozart_545,50,82.65898628457342,64.78267470322695
mozart_545,51,81.76642741363486,66.57783230004347
mozart_545,52,78.02563600719165,66.83508667344779
mozart_545,53,79.46738746077538,67.09664239569551
mozart_545,54,81.63842355070948,65.99722849504055
mozart_545,55,79.13983622143449,70.36308138197826
mozart_545,56,82.94562525351301,66.50489109424784
mozart_545,57,75.16781030049732,68.01232660345264
mozart_545,58,76.72171557830356,68.35322703446202
mozart_545,59,78.46096007780015,66.85264296234546
mozart_545,60,77.83575486583301,66.95015003999303
mozart_545,61,77.13380774512049,65.10524466115656
mozart_545,62,78.5086031353036,65.37495540704784
mozart_545,63,79.96259177045172,68.80307894841255
mozart_545,64,77.6555389969585,66.74613279659525
mozart_545,65,80.97472992911636,63.01418787366367
mozart_545,66,79.77259938196406,65.27238872868793
mozart_545,67,79.27081067034817,68.68319557631301
mozart_545,68,79.9522726004027,66.32675613607394
mozart_545,69,77.5386370886413,62.99798997290657
mozart_545,70,76.69664971503812,64.31455899606947
mozart_545,71,82.7296209172955,66.7173306235421
mozart_545,72,80.96038195420849,65.21707605806978
mozart_545,73,81.62815447053099,66.37117087812695
mozart_545,74,81.74071158851952,67.52150685109658
mozart_545,75,80.53214292678135,66.71984933103593
mozart_545,76,81.05226001291912,70.09875213503098
mozart_545,77,79.2755073820619,66.19175449051204
mozart_545,78,80.82934240854657,68.09806590991163
mozart_545,79,81.66288213574437,67.81445156299864
mozart_545,80,82.15346897659323,65.618527730139
mozart_545,81,82.0948719446898,65.9483600290501
mozart_545,82,80.8863878802218,64.46768389992413
mozart_545,83,82.03140375876646,68.67580528620799
mozart_545,84,79.09597764376373,66.43739663803771
mozart_545,85,82.1541187569442,69.13070467076719
mozart_545,86,80.41816838155958,66.98197462962354
mozart_545,87,84.252686769334,66.14514927033068
mozart_545,88,82.53225774107538,64.14069770802627
mozart_545,89,82.38222228784939,65.85794504459477
mozart_545,90,79.13270770883075,66.82089606418903
mozart_545,91,81.92156711487245,66.72937899654171
mozart_545,92,80.91552653349116,68.76352408540389
mozart_545,93,78.68590571124177,66.97565934106666
mozart_545,94,74.8813860635878,63.93137509647787
mozart_545,95,80.30462768383266,66.8382491033343
mozart_545,96,77.7647846487277,64.90410352174992
mozart_545,97,76.18084029932251,70.26313712501478
mozart_545,98,81.40563336368194,66.46339636215113
beethoven_moon,0,68.53075932214826,73.34439280661805
beethoven_moon,1,67.83831393399502,73.59981316373609
beethoven_moon,2,62.425489217808035,74.77397785252533
beethoven_moon,3,67.14929475008928,70.73923134286724
beethoven_moon,4,65.55437043359312,70.09527260995034
beethoven_moon,5,64.28180003256203,66.25292477386894
beethoven_moon,6,71.5778612431888,71.2868452397206
beethoven_moon,7,69.89307761152953,64.95927303587273
beethoven_moon,8,66.32120205668787,71.7505784338501
beethoven_moon,9,68.58011058214544,68.27676048658785
beethoven_moon,10,68.77582084121562,68.58718029336193
beethoven_moon,11,68.18318878916467,70.98827547280021
beethoven_moon,12,65.07778292869294,65.45884752416222
beethoven_moon,13,70.07342468853265,70.58556838600121
beethoven_moon,14,69.59487049111087,65.01545037064511
beethoven_moon,15,67.89295698669297,67.7646278917459
beethoven_moon,16,66.32847910812242,65.6142786239405
beethoven_moon,17,66.00915486535418,65.60667038059206
beethoven_moon,18,69.87035228439713,73.42339545255334
beethoven_moon,19,69.78227754637658,68.76016380902519
beethoven_moon,20,67.17544651335385,69.83012684675255
beethoven_moon,21,63.83925604736472,71.99797789844756
beethoven_moon,22,61.922084564074396,69.49576688030922
beethoven_moon,23,71.05736800825751,62.85126456166552
beethoven_moon,24,64.62035966729711,67.97642725432729
beethoven_moon,25,59.65038466658667,70.95397389534168
beethoven_moon,26,73.56428787053873,71.78722554011851
beethoven_moon,27,65.97039907151128,67.8719892722213
beethoven_moon,28,70.59453082909333,69.7945546583679
beethoven_moon,29,66.37731850898085,68.98291136961411
beethoven_moon,30,69.70068353992292,66.4592527332611
beethoven_moon,31,71.72721938832687,70.0327748874746
beethoven_moon,32,62.86228886871622,70.12958294244015
beethoven_moon,33,68.46472953735223,57.66617262005751
beethoven_moon,34,68.2596291431987,73.33061546338978
beethoven_moon,35,68.20253292569826,69.94224912826837
beethoven_moon,36,65.4960917970912,63.07426599650823
beethoven_moon,37,64.8484735725456,69.64876756220116
beethoven_moon,38,65.35180846529369,67.3509718033466
beethoven_moon,39,73.26982952332503,68.79049613221086
beethoven_moon,40,72.16712935579822,72.30555757768316
beethoven_moon,41,64.76163442152064,63.39865648100523
beethoven_moon,42,68.50774534741616,69.90946621708848
beethoven_moon,43,62.899664012117654,66.60990706218402
beethoven_moon,44,69.37347552792829,60.27078500804566
beethoven_moon,45,55.747631937360495,71.99749719031172
beethoven_moon,46,62.89205056752715,74.559745180821
beethoven_moon,47,62.3420702619545,71.01640856146683
beethoven_moon,48,68.47909964865012,67.4255059979728
beethoven_moon,49,62.03064923227453,67.15599910121215
beethoven_moon,50,64.97322221615937,69.18903277942647
beethoven_moon,51,63.67194897431627,64.55790802715865
beethoven_moon,52,61.94341567178031,68.24601125671235
beethoven_moon,53,70.55092656133885,69.10221053517238
beethoven_moon,54,70.43821979592141,58.103611000982646
beethoven_moon,55,71.08767319599318,69.71229584380332
beethoven_moon,56,60.74723726265524,68.35414908058442
beethoven_moon,57,63.64450313883406,64.5210679197939
beethoven_moon,58,70.80035051026555,69.8181773552844
beethoven_moon,59,67.93648852232586,66.47484006208221
beethoven_moon,60,69.34285804179414,66.33008774241853
beethoven_moon,61,62.821141784611655,69.02899625098088
beethoven_moon,62,60.02503331636915,65.32184882288351
beethoven_moon,63,68.73672640396885,70.01573453856554
beethoven_moon,64,64.171883439922,68.32167479371174
beethoven_moon,65,68.23424919263597,63.165035681730956
beethoven_moon,66,62.18211137089084,70.92136617343242
beethoven_moon,67,65.43730072300406,67.3192574112265
beethoven_moon,68,63.84613276097342,63.53368305555538
beethoven_moon,69,67.5598246339068,71.6838018274819
beethoven_moon,70,69.47279319513162,66.90927120233826
beethoven_moon,71,65.10299833595693,68.80058197516747
beethoven_moon,72,69.10831777201076,76.3622379945628
beethoven_moon,73,63.46048794117738,63.43368121791871
beethoven_moon,74,70.44230526975262,65.711261115619
beethoven_moon,75,70.1601541317124,64.27596034626907
beethoven_moon,76,70.19088501042825,70.5938296957261
beethoven_moon,77,63.9746683135288,68.87349557473183
beethoven_moon,78,61.34144755259915,69.0285681373139
beethoven_moon,79,66.5449421247174,65.98168830445482
beethoven_moon,80,71.96529859335958,66.58517799378386
beethoven_moon,81,65.9332925384642,70.262875525377
beethoven_moon,82,64.44154956371793,67.29935883394558
beethoven_moon,83,67.30787503563211,66.9120380411377
beethoven_moon,84,69.20413360086258,67.28750423235658
beethoven_moon,85,63.77770287760354,71.5372520814231
beethoven_moon,86,68.37492792161366,68.16491473631675
beethoven_moon,87,63.51812200563269,70.82766214098928
beethoven_moon,88,67.00984714760943,72.63699746666903
beethoven_moon,89,65.67048030479981,63.06453754534284
beethoven_moon,90,65.33801787098518,70.12144771660431
beethoven_moon,91,68.15732156410816,70.78416348957704
beethoven_moon,92,66.27870145704941,64.75026262883878
beethoven_moon,93,61.947161555568876,65.99900455724438
beethoven_moon,94,73.77778061439304,68.26299021496722
beethoven_moon,95,60.649255162251755,69.55416390088975
beethoven_moon,96,67.18980145978432,68.85001770707714
beethoven_moon,97,70.66294334217466,66.06085613664253
beethoven_moon,98,69.41684178455306,71.69467751676622
beethoven_elise,0,78.27499585889348,51.34591615624365
beethoven_elise,1,68.81346501911668,44.94905819240975
beethoven_elise,2,69.39221581628395,53.34434041462552
beethoven_elise,3,75.06931948839744,57.39926977118767
beethoven_elise,4,81.26397706064597,59.489896533320774
beethoven_elise,5,72.01403840831709,55.47339224754888
beethoven_elise,6,65.20069883012401,54.148596404620704
beethoven_elise,7,73.6860535665033,54.807303139889555
beethoven_elise,8,71.81394724820139,54.400650313396426
beethoven_elise,9,76.5042953672356,53.22351683670713
beethoven_elise,10,73.09388103815584,48.243562654511116
beethoven_elise,11,68.77252382230465,52.199376450795775
beethoven_elise,12,73.87869602644484,51.65962439253771
beethoven_elise,13,78.25702424075881,53.30594518934024
beethoven_elise,14,80.78487272383877,56.58432065520568
beethoven_elise,15,71.70556336379252,58.94656846842589
beethoven_elise,16,75.32688810243603,54.499792521125066
beethoven_elise,17,72.71498038552376,55.69347908671559
beethoven_elise,18,74.77323432245751,51.26734705850872
beethoven_elise,19,62.54468546206091,50.317693210259606
beethoven_elise,20,72.78951430685676,47.38000493627811
beethoven_elise,21,73.59481511494874,60.84382929687533
beethoven_elise,22,74.48136571103764,54.01215961977904
beethoven_elise,23,70.598890849191,53.7017983234182
beethoven_elise,24,72.14886326676606,50.251636134853015
beethoven_elise,25,73.37868206941128,53.01680169362937
beethoven_elise,26,63.178538586199785,50.998764005782164
beethoven_elise,27,68.66823781544615,50.42153670011887
beethoven_elise,28,74.68813976172703,50.08027279399844
beethoven_elise,29,71.17816812690741,55.90741563561309
beethoven_elise,30,69.73467896589928,55.7722124072584
beethoven_elise,31,65.22083372912023,57.89950804601995
beethoven_elise,32,77.49549151814648,56.26048217079771
beethoven_elise,33,63.18383932398085,49.393973793533405
beethoven_elise,34,68.12139985753603,55.02220272824424
beethoven_elise,35,67.04750900453664,47.669171718560115
beethoven_elise,36,67.9038907180545,51.62219223261323
beethoven_elise,37,76.2981566894907,52.619820001447394
beethoven_elise,38,73.26212988693092,46.96059693216623
beethoven_elise,39,73.63914106198523,55.399001651405335
beethoven_elise,40,75.10123061241542,56.16896926055263
beethoven_elise,41,72.25936629238296,55.455187194401624
beethoven_elise,42,73.1030355881335,56.71072535242176
beethoven_elise,43,73.98412603425678,49.8608459827746
beethoven_elise,44,73.64153637888457,51.13077231633502
beethoven_elise,45,74.58372783284135,55.24590433924163
beethoven_elise,46,65.15806844976265,53.795739488423976
beethoven_elise,47,68.87501108502136,52.255221926398946
beethoven_elise,48,74.08521283895914,56.90761891076321
beethoven_elise,49,76.22920856018504,51.507708344999756
beethoven_elise,50,73.52688053286813,52.851945128941935
beethoven_elise,51,71.57660335347988,52.86947124062502
beethoven_elise,52,70.42937280408013,47.94306679843458
beethoven_elise,53,71.82343073358626,51.72777006335484
beethoven_elise,54,75.09282845264434,56.63004402956845
beethoven_elise,55,74.94171946615236,51.843400935293126
beethoven_elise,56,78.71223257028403,48.34647500175115
beethoven_elise,57,70.97804432742072,49.554090444070745
beethoven_elise,58,70.05724652227968,57.13994281420418
beethoven_elise,59,68.81607095097387,56.67312981811975
beethoven_elise,60,74.07804223133189,51.06303820710224
beethoven_elise,61,70.83856120815659,52.61821654501606
beethoven_elise,62,66.1594100708467,52.43375037317267
beethoven_elise,63,64.21928825852738,51.32326745532456
beethoven_elise,64,73.18668694768591,53.91486256907467
beethoven_elise,65,77.23696739991732,55.015763639119854
beethoven_elise,66,75.14808722210547,49.108633599399134
beethoven_elise,67,70.91355989385553,52.43197634384037
beethoven_elise,68,72.58403340033024,54.906926403849965
beethoven_elise,69,67.15947225167547,50.31953273189935
beethoven_elise,70,72.01411744010379,46.66035016214675
beethoven_elise,71,77.80748720802444,51.23088886181964
beethoven_elise,72,75.24669936721374,52.1199998016166
beethoven_elise,73,74.19701543759648,51.36664833163336
beethoven_elise,74,70.11954799157876,54.202364139687816
beethoven_elise,75,76.15683157556388,52.99722526802307
beethoven_elise,76,65.7485848071966,60.42625250191534
beethoven_elise,77,69.43981893656168,51.15348937808212
beethoven_elise,78,69.080026206669,53.19148714689329
beethoven_elise,79,76.43010976578607,54.567800934087586
beethoven_elise,80,73.1581323017343,51.52113191637443
beethoven_elise,81,72.7947788445786,51.96960059893825
beethoven_elise,82,81.66272272485084,53.62564124736633
beethoven_elise,83,69.14468569407643,52.47385183477655
beethoven_elise,84,75.91957055343623,49.30893895848303
beethoven_elise,85,63.9033960380694,51.661281415100824
beethoven_elise,86,71.39507441481945,53.925139949943066
beethoven_elise,87,69.14385299645083,55.88548923915805
beethoven_elise,88,69.73344527378171,47.673263839186205
beethoven_elise,89,78.31127065056216,50.58003149453912
beethoven_elise,90,74.8485953074835,47.78266229856631
beethoven_elise,91,74.62184767005385,46.74829717930127
beethoven_elise,92,65.22020116782869,50.06928981808684
beethoven_elise,93,64.94090448361385,53.19262704613368
beethoven_elise,94,70.80852361925702,54.374643500564055
beethoven_elise,95,67.82861296732092,55.66547560791738
beethoven_elise,96,68.63444107027088,54.955591811662096
beethoven_elise,97,76.13373503605492,52.43720180634054
beethoven_elise,98,76.40349872851377,53.82835171448821
schubert,0,70.97907124383578,77.45020744490665
schubert,1,73.91478216620622,76.65907139778176
schubert,2,72.41535541308915,68.7497324374829
schubert,3,66.87087624816002,76.17198766395558
schubert,4,72.61089936341313,75.51627642669487
schubert,5,65.54271160708923,76.08089213416021
schubert,6,77.12262384867469,74.19096136346089
schubert,7,71.99105477305044,74.71357059077016
schubert,8,66.15580404659835,77.14376136957894
schubert,9,74.63692921752401,73.94532194090812
schubert,10,67.01578814599813,77.41228394494975
schubert,11,73.3446782566521,73.06521124731667
schubert,12,70.92026961934195,74.1166691739616
schubert,13,75.76751563937515,72.74916280564437
schubert,14,70.66354410090923,73.68859266388336
schubert,15,69.31025694051318,74.01715004267254
schubert,16,72.73947673885178,74.00608411807804
schubert,17,74.48572588938129,75.2109541395453
schubert,18,72.90508094111443,73.36848226228479
schubert,19,69.63800603058745,74.55861108700338
schubert,20,75.94911465108065,77.4457691658591
schubert,21,69.49607657350613,77.0131384549145
schubert,22,72.53232819467837,77.74644775547702
schubert,23,73.61461155547656,72.88674720043674
schubert,24,67.6634576974798,72.14540615151098
schubert,25,73.58112274378634,77.48935250634216
schubert,26,72.52555595311586,74.64834829539235
schubert,27,66.87922670025189,75.46177433912395
schubert,28,71.05741256014792,76.24453309059244
schubert,29,70.6948028954733,77.0369277888824
schubert,30,68.34050656618123,73.56250193782006
schubert,31,70.4846819239338,72.94662173507982
schubert,32,73.29263067927822,72.95531129746027
schubert,33,69.97544585559959,74.62682926394693
schubert,34,71.54156275548915,76.31331570026747
schubert,35,71.70207189129383,74.47062841436751
schubert,36,70.48291627200426,77.1059075393876
schubert,37,68.93751620675178,74.77331221361591
schubert,38,68.58635838887632,75.02752555099379
schubert,39,72.92247507465082,75.68067571480267
schubert,40,72.97897510044301,78.11831493043726
schubert,41,69.56006892454499,71.95188284339098
schubert,42,72.83171587914464,76.12049237847943
schubert,43,71.6360283945502,72.1659518544302
schubert,44,72.40001262779214,75.18033359377793
schubert,45,73.46735653971676,73.81016467697611
schubert,46,66.331356431553,74.25280718516468
schubert,47,71.11335655317332,75.10103539757671
schubert,48,72.25652316134791,72.87115199595662
schubert,49,69.66611483250398,73.33545151496459
schubert,50,69.35462496565809,74.06966730113967
schubert,51,71.93085008200642,73.67930598778966
schubert,52,72.30027193080365,75.83721790941475
schubert,53,73.46279833207315,74.65883853718196
schubert,54,68.53168313180166,76.86113491169124
schubert,55,68.95576302727413,74.5757502641862
schubert,56,67.78053829373864,68.30808237258299
schubert,57,70.60576894491412,76.686422111098
schubert,58,73.45581025026357,73.30632712294172
schubert,59,76.3119643422003,72.3294194058206
schubert,60,73.90366695628686,76.17454682547718
schubert,61,72.11875540995702,75.33974875994794
schubert,62,69.64895212665533,74.35627132361937
schubert,63,74.24201529914981,75.2152363794599
schubert,64,75.50751142714421,73.84242354478428
schubert,65,70.18124422685996,75.06871305188034
schubert,66,73.41059305272242,76.64539761774992
schubert,67,68.61678350324209,77.90584890042605
schubert,68,70.81757640639248,74.58642800497147
schubert,69,72.69516096788739,78.30776673065924
schubert,70,74.80786183290763,75.64794056921433
schubert,71,67.89390120304398,78.57141502150643
schubert,72,70.78199860787205,73.81901976723182
schubert,73,72.05037686033026,76.975771031484
schubert,74,70.49949816950947,76.68777766563585
schubert,75,66.41370064472623,75.15935462600439
schubert,76,71.89620548112707,75.57996384364212
schubert,77,69.89875220645686,75.34998471118075
schubert,78,69.94704021444504,77.72809621974996
schubert,79,73.59632372422227,77.06626920596005
schubert,80,68.82382083852484,78.0485737703059
schubert,81,73.87168411756842,75.27329324103718
schubert,82,71.50880873129316,75.90775029651603
schubert,83,69.60256215651899,74.88146765701225
schubert,84,76.34347276668854,75.43691237368897
schubert,85,73.8090346310304,75.86928103442992
schubert,86,69.2523537033222,75.52385381471977
schubert,87,69.90110650616747,72.64183643944793
schubert,88,72.21554274788846,71.76556546813568
schubert,89,70.51505798764975,74.18084279596363
schubert,90,71.93709493682611,79.07108346020817
schubert,91,73.55721099408828,76.33936310759863
schubert,92,68.81540330207544,75.66826274069682
schubert,93,65.5818793788282,73.42638775499152
schubert,94,68.01931349964431,76.50890361203007
schubert,95,75.8894060767598,72.17476610162866
schubert,96,77.94167239057013,77.51328506154513
schubert,97,71.52713756652851,72.87863902295568
schubert,98,73.31270005727572,75.14719854734608
mendelssohn,0,76.71050953631375,66.01161610755241
mendelssohn,1,76.62769136304624,65.20019293371108
mendelssohn,2,76.42574998303161,66.69483716105316
mendelssohn,3,68.52396379097195,65.95006184732102
mendelssohn,4,75.0095819187997,63.72512011303745
mendelssohn,5,75.54721729889894,66.88155161051236
mendelssohn,6,78.5201383157107,62.67225168555326
mendelssohn,7,72.92148347291783,63.69566185071434
mendelssohn,8,77.43729933118962,65.56083274538905
mendelssohn,9,73.25839632881458,63.761838429912906
mendelssohn,10,79.11402244666242,63.93709074113233
mendelssohn,11,74.95669837491825,64.40207602083461
mendelssohn,12,75.89605669800996,65.02469222801317
mendelssohn,13,76.93658137388886,63.70005984258867
mendelssohn,14,77.61945051077099,60.3318622049297
mendelssohn,15,71.03664042310575,64.10002251523504
mendelssohn,16,71.75793703550927,66.71571611852308
mendelssohn,17,72.88136083386888,69.76494490295015
mendelssohn,18,76.19167535447671,64.30815269512495
mendelssohn,19,75.95190926274228,64.72849636575994
mendelssohn,20,71.96320680067271,67.43945306048393
mendelssohn,21,75.78145165329495,66.69064228829869
mendelssohn,22,79.80115004619482,66.1900480519132
mendelssohn,23,75.06052132467367,67.17764859964802
mendelssohn,24,76.37094834127466,66.48121710349369
mendelssohn,25,74.10173187934309,63.64464300392968
mendelssohn,26,70.55524131512483,64.54927317906008
mendelssohn,27,72.0762732026792,69.43183177336898
mendelssohn,28,80.23798225837247,65.97970412029153
mendelssohn,29,76.15192109185949,67.98590055044397
mendelssohn,30,78.95705698469575,61.547905065940775
mendelssohn,31,75.5716337643602,65.00351620077511
mendelssohn,32,75.75114720031351,66.19957548450834
mendelssohn,33,75.59755597499029,63.76555592858588
mendelssohn,34,72.32685738415267,63.2411628087475
mendelssohn,35,76.64699790515014,65.76800782271934
mendelssohn,36,75.87090985397829,64.03809119640157
mendelssohn,37,74.641754132359,66.4733926930838
mendelssohn,38,80.03814170873532,63.954071438901806
mendelssohn,39,79.08218780460498,64.41771480445524
mendelssohn,40,76.54534235119085,63.30985190990125
mendelssohn,41,74.58161712117206,62.04137624441189
mendelssohn,42,76.41349668177301,64.17292027813481
mendelssohn,43,76.85627245207061,66.29570037658024
mendelssohn,44,73.38144150635522,66.1545177301512
mendelssohn,45,77.13181550071205,65.21058405149908
mendelssohn,46,71.50424000955134,66.28027013106971
mendelssohn,47,70.6356931802137,68.11960621049134
mendelssohn,48,75.69354384102324,64.8679185949689
mendelssohn,49,74.9513182033266,64.72170088596708
mendelssohn,50,69.60198412343179,66.01511846590876
mendelssohn,51,74.22993253553106,63.584237713839556
mendelssohn,52,77.43212717205938,63.51567562003394
mendelssohn,53,75.77857319695912,64.1398626399534
mendelssohn,54,72.29610741156833,63.366733829817065
mendelssohn,55,79.64507828629021,66.39404695984685
mendelssohn,56,73.82590716768223,65.99306273891001
mendelssohn,57,78.08249190122393,62.383813976612046
mendelssohn,58,74.18513050473996,63.414025944375375
mendelssohn,59,76.81232694026968,66.62395580716527
mendelssohn,60,73.80598383002393,66.62180745785571
mendelssohn,61,75.59909762665828,65.31304849028824
mendelssohn,62,73.03174597435532,61.81880003028094
mendelssohn,63,76.50064302648168,63.92653840726859
mendelssohn,64,77.38088157234186,63.007720525527766
mendelssohn,65,76.67624169162129,65.30777432677665
mendelssohn,66,71.12956828379997,62.89008237931313
mendelssohn,67,69.06335943707272,64.98051931932693
mendelssohn,68,75.50227907642078,65.02665938341478
mendelssohn,69,79.8182677004179,65.3951634448063
mendelssohn,70,76.14180989529075,62.591253180021724
mendelssohn,71,77.49119758356909,62.44104685279884
mendelssohn,72,81.12984417952835,60.299281065279565
mendelssohn,73,78.4433829409194,67.98632963985163
mendelssohn,74,76.52467655182494,65.35616737595788
mendelssohn,75,79.06635590394971,61.95390588438605
mendelssohn,76,74.76454109568746,64.57866013246199
mendelssohn,77,77.64768404607308,63.2592038430712
mendelssohn,78,77.96452903700005,66.32532105586377
mendelssohn,79,78.98508651332517,66.69382026263722
mendelssohn,80,72.40155242707243,65.07175282304296
mendelssohn,81,75.94136698370177,66.86255202302975
mendelssohn,82,76.77025462057168,67.21428158017252
mendelssohn,83,72.67885975833593,67.3860048597173
mendelssohn,84,76.08256403661095,67.62070485624737
mendelssohn,85,78.2569647532042,66.8647644098344
mendelssohn,86,76.01489392506855,63.45273176004317
mendelssohn,87,81.70427073203008,67.2207431238009
mendelssohn,88,74.42255458501256,66.05663512240535
mendelssohn,89,76.68198549991926,68.36594665517555
mendelssohn,90,74.12665734566745,64.39610177814612
mendelssohn,91,71.27577695352166,65.64916753722405
mendelssohn,92,77.9325751222475,63.891793596054946
mendelssohn,93,75.49192898807283,68.84086124590341
mendelssohn,94,68.21331317219622,66.90121820812458
mendelssohn,95,77.19902616329938,68.36094714328182
mendelssohn,96,79.5317105337345,65.76747140457883
mendelssohn,97,76.61349642721285,65.0787195929175
mendelssohn,98,76.84489904677923,66.11950407616523
schumann,0,68.04625722044025,70.28550282530578
schumann,1,68.09651549188897,67.67433150904675
schumann,2,64.7350425638349,68.7393615316805
schumann,3,72.8239267066531,58.41779021480935
schumann,4,73.05401484153514,60.69299942403976
schumann,5,71.61962278914022,68.16651766556147
schumann,6,72.70067752891491,68.12904360849772
schumann,7,69.33936314100238,63.725809392454494
schumann,8,66.2098477145972,69.7419734863124
schumann,9,70.32700214532196,65.67315009485368
schumann,10,70.713459171906,68.08676516975176
schumann,11,69.9803328939295,70.98622232763161
schumann,12,74.11674063641392,66.70047561231274
schumann,13,72.99453571361062,64.7324578766096
schumann,14,70.28389849789039,69.5184620114518
schumann,15,70.29161603505989,65.47115182734487
schumann,16,69.46340861668924,65.83894808773788
schumann,17,73.3535724459995,66.9645521482309
schumann,18,69.69736963817758,65.80875062287423
schumann,19,74.69985438777293,69.30742080115775
schumann,20,63.80341527040322,65.93715539505314
schumann,21,69.76736256474068,67.98075722442455
schumann,22,66.70251819929496,67.1505902162936
schumann,23,75.30311627157509,72.38980218570545
schumann,24,68.14679813764937,67.62138071229987
schumann,25,70.657953649453,66.01727812810756
schumann,26,66.69037750537221,70.15726604425328
schumann,27,71.83914447462672,66.96930777891565
schumann,28,76.79037173518141,66.31874040138618
schumann,29,74.05491664623982,67.38462556000292
schumann,30,66.95914780419326,65.08641998791508
schumann,31,64.43025921570491,67.84614277509581
schumann,32,69.95298844004003,69.80460264913906
schumann,33,69.84592930819382,66.03234098369404
schumann,34,70.01138066036357,67.82092119779028
schumann,35,75.11044312146008,68.15563232377126
schumann,36,68.08109681736053,64.88384623229854
schumann,37,65.9575693469911,68.63577447813724
schumann,38,71.82659286825353,70.06954856047702
schumann,39,69.48146624716388,65.97991966847499
schumann,40,70.65473998602756,68.90957104521881
schumann,41,72.15430557302084,68.57830501891134
schumann,42,67.9202281967914,65.49271226779177
schumann,43,67.07219388232876,70.0014856625421
schumann,44,71.18664113926701,67.69518164553222
schumann,45,66.45567842079795,64.13732922849967
schumann,46,63.96762752369085,67.52890162291413
schumann,47,71.90368780832618,65.68975637902513
schumann,48,66.51300865073172,68.40579671376403
schumann,49,76.05261246701028,63.91289044180786
schumann,50,65.09495288027003,69.99356776882186
schumann,51,63.91112575218766,65.90880330973108
schumann,52,63.72108777625647,66.36622676488629
schumann,53,70.72116324880349,68.94718535479632
schumann,54,72.13514258701541,67.98536274808488
schumann,55,61.82294779627053,69.25023106164197
schumann,56,70.16880475595838,68.23915017337964
schumann,57,71.11872467779911,68.62536659290048
schumann,58,66.65122758778209,65.76586664402109
schumann,59,65.23266984028871,69.52279034884758
schumann,60,69.01867077246719,67.2137129069742
schumann,61,67.93008295975784,67.23631824425476
schumann,62,64.18182898158683,65.40148856331484
schumann,63,70.21304262829842,70.33950475477354
schumann,64,69.29888135073762,70.23716646479463
schumann,65,68.47731451221846,65.56712146071068
schumann,66,73.69885523504102,66.92023356991726
schumann,67,66.90779516935531,71.70079626518168
schumann,68,65.92451867078249,64.17203733711327
schumann,69,69.05168730228618,72.22734324983034
schumann,70,69.44170166202055,67.04950250840166
schumann,71,62.04610724687889,72.22369924352925
schumann,72,75.30780518960279,67.94783927807055
schumann,73,66.46311682527374,67.87626419100611
schumann,74,65.80925618731487,69.79629323678736
schumann,75,68.7889666055338,66.08335533850604
schumann,76,69.07354177523399,68.3660684358536
schumann,77,67.09614699757573,63.96915500827029
schumann,78,71.43450726842735,70.10418677164965
schumann,79,68.49189208986827,61.5585271745679
schumann,80,67.5226016715468,65.36081213800615
schumann,81,71.49880155154133,65.64913653124616
schumann,82,73.74339345813873,65.32599623926045
schumann,83,67.88351624043275,69.15099818682393
schumann,84,68.50766504271411,65.40723548262383
schumann,85,69.86351645109009,68.19137794504483
schumann,86,69.81656902188715,63.677899122017045
schumann,87,66.65035607150885,67.16593347591122
schumann,88,70.05519362107249,62.75265137225091
schumann,89,63.08678837487746,68.97310142213827
schumann,90,74.69710637406519,66.33792476463017
schumann,91,70.26218179736463,70.07768930048177
schumann,92,67.47970550247403,64.43519885319677
schumann,93,75.38516292949852,67.53084138209397
schumann,94,71.39962721816174,71.0277879628606
schumann,95,66.63609820338307,68.15401986495682
schumann,96,69.10498938384326,63.8661129613653
schumann,97,72.24114058814978,67.83895656184849
schumann,98,70.86617961284645,69.93823825694795
chopin,0,62.93641354531177,57.355499863026914
chopin,1,58.08380895615607,57.01561382588667
chopin,2,61.46773174745618,56.26418415763922
chopin,3,59.19870537999201,58.669633753326714
chopin,4,59.93854468173178,55.832489788980745
chopin,5,58.24079426949017,53.79715728088286
chopin,6,64.52438606824016,61.67194316218043
chopin,7,55.259615222736805,57.51733454436888
chopin,8,59.80470291141854,57.298363686258924
chopin,9,61.333023116961435,56.595627932034866
chopin,10,57.035637342882936,56.24537651939533
chopin,11,59.88999748171373,54.55744874810574
chopin,12,54.08431868644843,55.3450515487077
chopin,13,58.517056720873995,60.62047689623441
chopin,14,60.3313208907509,56.83285072923967
chopin,15,59.83792250198798,55.52347004704432
chopin,16,56.543861612879,58.36402432154234
chopin,17,58.10411900815375,57.0860701996912
chopin,18,59.117568841685994,57.27171216398369
chopin,19,60.37734694888219,57.27996921722964
chopin,20,56.71219038478399,55.6716807638335
chopin,21,59.21106712774547,56.9563222846439
chopin,22,57.29434616702588,59.33456891134799
chopin,23,55.8111144403157,60.36215761464404
chopin,24,61.00814102209813,58.67638473870345
chopin,25,61.99859768320724,60.71730869019589
chopin,26,60.69623448404501,57.534361748043885
chopin,27,60.53956613594568,58.23793048147312
chopin,28,63.19955178694225,60.90827179732398
chopin,29,56.29182739209513,56.859724326283576
chopin,30,58.34967699503654,60.09663282444034
chopin,31,57.28363685998373,60.625090540824765
chopin,32,60.386461846192454,59.95761840854043
chopin,33,58.82928163664351,57.056079147529104
chopin,34,58.628225038560224,54.657906535803534
chopin,35,59.20344807849058,59.813237549720434
chopin,36,64.641201572276,59.50652879993924
chopin,37,61.68212123522835,56.55279813240994
chopin,38,67.23203127286025,56.975990269535714
chopin,39,59.558617677265566,57.37132568386247
chopin,40,57.85535032680279,55.26104054364662
chopin,41,56.6187848693573,59.92760859545767
chopin,42,60.13221434223664,57.07500331401224
chopin,43,60.3375226734037,58.18967603287959
chopin,44,60.72607652886517,55.26828601009387
chopin,45,58.157720485984655,58.13332101450312
chopin,46,64.2672563236986,57.61317549947893
chopin,47,55.805033572350226,56.47513391419536
chopin,48,55.3772506581716,59.504085324866416
chopin,49,59.52898351730629,55.31744961231796
chopin,50,60.98657018117106,58.029577187335335
chopin,51,60.059203708851285,59.02142035091478
chopin,52,57.51537193418395,55.60248256962337
chopin,53,56.90217606565808,57.44983661450293
chopin,54,57.84165295957801,57.25032048327968
chopin,55,59.483449727679336,55.23894890604646
chopin,56,64.22684030743207,58.41582257890629
chopin,57,58.71793568044376,59.32564277376128
chopin,58,58.45160591349949,56.775580656036716
chopin,59,61.1398173880678,59.8513929726596
chopin,60,57.27440434546076,56.10715513391206
chopin,61,60.026728123527384,56.4720433322098
chopin,62,61.124618015439644,57.46437646288671
chopin,63,59.19286254355991,58.34542902778988
chopin,64,61.030814259128505,58.45640664318942
chopin,65,62.160094677474774,58.93610437771633
chopin,66,58.819891527105085,58.911024646179435
chopin,67,55.324323695312984,59.46927267601643
chopin,68,60.82916483045692,60.547973460455005
chopin,69,63.08553544666974,59.35684533438682
chopin,70,60.56914427211534,59.194353645375756
chopin,71,60.20923540959291,55.31436785502094
chopin,72,63.6729382116052,57.52986387314628
chopin,73,56.70796977759719,60.066368356874534
chopin,74,61.554552917311554,57.54814551325879
chopin,75,59.624062728931506,56.00787803549603
chopin,76,61.02064901690346,57.8629896543278
chopin,77,60.051378374550936,58.53968537399783
chopin,78,60.020451972564295,59.412538401340164
chopin,79,63.38628581729279,56.91200912361223
chopin,80,58.974700439010384,61.19557089834542
chopin,81,57.062653194428314,57.51280499962863
chopin,82,57.24416584284009,57.55565486766084
chopin,83,58.12786688382472,58.217301867158696
chopin,84,62.58937582144215,56.54555156130675
chopin,85,59.13622205569411,59.86276743784133
chopin,86,57.81360654500873,58.0982641617822
chopin,87,57.71269742028359,57.3634833735985
chopin,88,59.02615772670965,59.85521314037274
chopin,89,57.62195387010003,58.45140346581892
chopin,90,55.41517643056413,56.80616564943395
chopin,91,63.750771574951706,54.19127487569827
chopin,92,61.469064469162426,59.479819801344945
chopin,93,58.242384221612966,57.69428469660443
chopin,94,60.843346254758224,61.685290562301056
chopin,95,62.8948111542141,56.8672773620889
chopin,96,61.38294438279197,57.061734561316115
chopin,97,57.975577714502236,59.34201471373116
chopin,98,62.30304718608155,59.055640999159806
liszt,0,74.4652257800967,63.73600587034273
liszt,1,77.0156798372267,60.13245587642514
liszt,2,81.59883800780689,69.2320258907951
liszt,3,82.39870417537291,66.1026114582831
liszt,4,84.50940952470532,66.18352410800124
liszt,5,74.25524562280394,64.0177361024208
liszt,6,83.16558069541293,65.13165793632649
liszt,7,81.69199854773373,63.20855158691134
liszt,8,83.34231193610186,64.2442716009692
liszt,9,76.16623104592117,64.05873737029015
liszt,10,75.43280042908303,62.96439348237336
liszt,11,84.31015731418779,65.92700483025521
liszt,12,81.14920296532104,60.90397417574594
liszt,13,82.39676127350532,62.364932008172744
liszt,14,82.29434129155582,55.93234605746238
liszt,15,82.9852628984236,65.39354532149352
liszt,16,79.95053393946014,64.89654479666287
liszt,17,76.51757123101059,68.3208746393516
liszt,18,79.67932592850414,66.35548131694863
liszt,19,81.66956314665855,64.02816394771705
liszt,20,77.33928783176502,56.611913494468034
liszt,21,81.89076648211078,64.76549750079805
liszt,22,84.9209854664291,61.436752772136614
liszt,23,81.73206088870361,64.05652796127198
liszt,24,84.64193978876266,59.385494050441345
liszt,25,80.724642952805,59.19587594459759
liszt,26,80.46528337328722,61.58945537966025
liszt,27,79.38643136010624,61.24871910869305
liszt,28,81.48531035471015,64.57499633372686
liszt,29,82.76756647125733,54.90663321863656
liszt,30,77.31334546555149,61.95242832498762
liszt,31,79.78625985848538,64.79005378015755
liszt,32,78.21619290901258,65.26856880879909
liszt,33,81.2444304751968,64.20814476322582
liszt,34,78.9451100750211,66.13357291011776
liszt,35,80.43060409056486,64.87422929899887
liszt,36,80.62988720014279,60.31863742293635
liszt,37,81.66876135171894,66.48014980706303
liszt,38,84.84942782993605,62.5598838426148
liszt,39,83.4139994730504,68.92841952573175
liszt,40,78.60421276702655,65.06005338456626
liszt,41,76.97240811659373,61.43874615129737
liszt,42,84.48525386916391,57.82453766476975
liszt,43,82.26976887217224,59.804873871722684
liszt,44,83.6753577701533,63.04261451235499
liszt,45,80.84404329435391,63.90174232861806
liszt,46,81.91348444485185,54.79381550643263
liszt,47,81.02426990854455,64.00353247595764
liszt,48,75.63528063181832,59.923139257609556
liszt,49,80.10802237626132,63.57712843998803
liszt,50,84.610369252494,68.18988443140482
liszt,51,80.23841561113986,67.55158251200251
liszt,52,80.20047518035909,61.84710231429378
liszt,53,82.97858160808231,66.52162343640614
liszt,54,84.58995995732957,54.68062974393823
liszt,55,81.75905267238998,68.88305957358027
liszt,56,86.02687658027992,63.96354103399508
liszt,57,83.07837327700774,63.74666487213296
liszt,58,83.03200189731426,62.15546746154078
liszt,59,79.69116739231356,60.400928061540235
liszt,60,75.63641201320107,68.40426756309004
liszt,61,79.37654769350412,56.716345735221566
liszt,62,79.74003291394433,63.31710542261825
liszt,63,75.50136768091328,63.13871479075716
liszt,64,77.11775284590641,62.07405252124389
liszt,65,78.84385454122477,63.40268903354354
liszt,66,82.06470004958759,55.37647847079592
liszt,67,81.28449910123283,65.14949215211495
liszt,68,82.96797046154865,59.77330294003244
liszt,69,78.54334949150427,65.06296706525886
liszt,70,79.48985760991167,65.68779027892147
liszt,71,82.14530789454484,61.173122944292444
liszt,72,74.2067253265797,67.61494721974887
liszt,73,79.93696468846564,62.56852917223322
liszt,74,77.9267811760701,64.99321372998263
liszt,75,81.32156692837032,59.59466152180228
liszt,76,83.53658304310535,58.79267409503003
liszt,77,69.74191754637232,62.39352093358824
liszt,78,81.12075285752663,63.29415045336677
liszt,79,85.68682373786191,63.152009890252124
liszt,80,81.24860137789929,57.55074111744647
liszt,81,81.62772713934137,61.47412822121867
liszt,82,82.6156999419555,65.15884864048888
liszt,83,85.50053249459035,59.285180314361476
liszt,84,83.96812208224634,63.344642791666836
liszt,85,82.32613519371318,64.88432179973509
liszt,86,81.42792190708406,68.47768864329949
liszt,87,84.64021972615967,66.21488272312367
liszt,88,80.22733045472091,62.02809669630044
liszt,89,83.01695764635183,59.887427473812394
liszt,90,76.12341492033542,63.869132644336936
liszt,91,83.08618798171106,63.030168987210764
liszt,92,82.99871607898186,64.29355347714024
liszt,93,83.88781152661184,63.57536944855893
liszt,94,80.95342674966372,65.11590755161058
liszt,95,81.21416521683761,62.705953616548406
liszt,96,83.08076646755856,63.83464757079948
liszt,97,72.87701876278886,62.82545973571742
liszt,98,80.71055725568466,58.79342891577165
brahms,0,65.1423623255917,61.04945510757853
brahms,1,63.24735917618541,61.71437687097276
brahms,2,60.55451441501815,61.53599802224993
brahms,3,67.06776948806508,63.35830171292452
brahms,4,63.93919780158331,60.92278559570001
brahms,5,63.44270815557339,59.51803710205685
brahms,6,68.1975160207613,63.44812793532727
brahms,7,60.739872095462665,61.915331228945114
brahms,8,61.56373364470522,60.622238815863994
brahms,9,66.95575861736314,63.44093095296739
brahms,10,64.97601451200514,64.61785771825522
brahms,11,66.92891757321563,57.42875340638162
brahms,12,61.831729988507725,56.49842190170957
brahms,13,66.64208962819346,59.04277343882628
brahms,14,66.73936046368962,58.75057854654503
brahms,15,57.90615755216037,58.18610649709455
brahms,16,65.18650765276924,57.94317913059761
brahms,17,63.16883132021871,61.91756041138267
brahms,18,61.78083133244613,66.74854213800342
brahms,19,60.51598143561592,62.7968269044576
brahms,20,65.72867765447259,61.476426149048024
brahms,21,64.35170322037209,60.283187409536964
brahms,22,71.51441418609804,59.91573283996105
brahms,23,66.21283494339403,65.23848825633952
brahms,24,59.54217896125997,62.70511542349105
brahms,25,68.21243268932776,58.87181498032087
brahms,26,68.53517819986334,62.95769801493476
brahms,27,62.93114830361463,65.87105773894763
brahms,28,59.21323410945608,62.701309187301966
brahms,29,63.84972506278401,61.71798066943781
brahms,30,61.27938147615828,65.28688187314253
brahms,31,60.7974261685304,63.15964104264269
brahms,32,64.5010003966655,59.674175539349314
brahms,33,63.579800345480834,60.043197944762795
brahms,34,59.107061194407905,59.97953517703649
brahms,35,64.57645999907461,62.97029369221998
brahms,36,65.28634097281312,64.41898983989189
brahms,37,56.83620710966255,65.52981348347717
brahms,38,67.83444462630244,64.44401361070193
brahms,39,61.7186472966487,65.6962324705831
brahms,40,65.25814725756537,60.174778181989275
brahms,41,60.99710047249746,60.82643449497381
brahms,42,69.45168219496686,61.67165908966764
brahms,43,60.37102086782723,66.10637360899464
brahms,44,63.4301781525275,60.252382523005444
brahms,45,64.18561594884385,65.18264895466638
brahms,46,66.15743417715332,63.23702525927277
brahms,47,59.9923123575647,59.277424465787284
brahms,48,64.21301885796274,62.654680322787456
brahms,49,63.44616501775312,63.894770745796556
brahms,50,66.81298958639066,62.6653837109985
brahms,51,71.03638498195599,60.33586938701564
brahms,52,61.914521053103,63.42273307044783
brahms,53,67.85159643171073,59.950335927352825
brahms,54,60.22330177635281,64.2037183513227
brahms,55,67.31625449513504,61.776753136250605
brahms,56,65.7532270973609,59.38549882320858
brahms,57,66.08834967354163,60.18495947530713
brahms,58,66.71497432933067,58.35448161521367
brahms,59,62.10997308306383,57.63408788254999
brahms,60,67.16112589470427,63.43895654624634
brahms,61,64.4512163712291,56.19336431971058
brahms,62,63.47935671060645,59.77941689773609
brahms,63,63.65947519334109,61.439503138292736
brahms,64,63.63264854094538,61.20869186565538
brahms,65,67.72392245168658,60.91238081370617
brahms,66,66.24200830653979,60.15984687258622
brahms,67,61.99031549183619,60.97535719442426
brahms,68,66.8662133698227,63.94055665417323
brahms,69,70.41543509981571,63.87288215330814
brahms,70,63.950858232789834,56.05751990684964
brahms,71,68.87037827421419,61.05101126600757
brahms,72,64.04784106970534,55.551793914504124
brahms,73,60.07663557794913,59.081564029570266
brahms,74,62.854272029375245,58.588978883648224
brahms,75,67.45503985284178,60.76121380230516
brahms,76,66.6661670140278,59.53076529980243
brahms,77,62.6114217148893,61.45006337991866
brahms,78,59.51499721054249,61.87241258168391
brahms,79,66.11434524070611,59.91328058617535
brahms,80,60.82206951820495,60.55036552991538
brahms,81,66.05853579712496,63.66800365826435
brahms,82,59.37904960516887,56.01795429459051
brahms,83,64.49832816015831,63.577176440904395
brahms,84,59.438342390747934,61.287404015612005
brahms,85,62.42959977351285,67.09041454737678
brahms,86,60.26867777477424,55.39862814629791
brahms,87,69.63120938101312,61.20224445403595
brahms,88,60.1828682232021,62.90304406751653
brahms,89,65.8196049949111,59.882883354702784
brahms,90,65.99125872105135,66.59524508776387
brahms,91,64.25466894635775,63.45116891630421
brahms,92,64.47287542606324,59.34152193061384
brahms,93,65.97135960873152,64.51288436759054
brahms,94,64.52666314488499,63.491870674501946
brahms,95,65.33937954085997,58.99326407454496
brahms,96,64.5740916552093,57.67414230564983
brahms,97,66.81605030526899,59.81616482363329
brahms,98,60.178432094733346,60.910892943286335
grieg,0,74.83071912433552,64.26137492549684
grieg,1,79.32126665453988,59.311680929640076
grieg,2,80.75474801100717,62.59957195838146
grieg,3,72.85103587910262,54.195737532878965
grieg,4,74.23245895868754,63.04506077808688
grieg,5,72.53711124131068,58.96351849003402
grieg,6,75.31115374795243,59.569192813268266
grieg,7,72.92832068701817,59.886626439403535
grieg,8,74.12371939848914,57.37285390712476
grieg,9,73.12136750203018,62.26286590818228
grieg,10,73.24500743411804,59.39243542748556
grieg,11,73.80292666177996,58.79245064801388
grieg,12,73.92574306489944,57.4643479608411
grieg,13,80.73250507070262,59.197789269204634
grieg,14,79.4424909590108,58.01079171028817
grieg,15,75.05695452465035,56.93318137469813
grieg,16,75.95508623118951,57.61626047123085
grieg,17,75.93524570112497,58.707538960857356
grieg,18,77.33165616699061,59.97809878371222
grieg,19,74.37184467770783,53.288947407602485
grieg,20,76.20843753101639,60.92550290930963
grieg,21,75.3257443769618,59.575998360415106
grieg,22,74.69164842622847,57.15209562448793
grieg,23,70.95101309546928,61.11761555621925
grieg,24,74.46637576216749,57.10696322301244
grieg,25,77.1598579989407,58.21893951786653
grieg,26,78.03215629532437,58.76667401538993
grieg,27,73.9200719195325,62.11882313757657
grieg,28,72.57407451458857,63.12276775312141
grieg,29,72.45590624977946,61.37389162862898
grieg,30,69.8818671790052,55.29502998459767
grieg,31,74.95553058367334,64.07564264388877
grieg,32,72.51729563570493,58.85258015869213
grieg,33,76.95737036767503,61.14414508412311
grieg,34,73.54999724318165,61.244799646485994
grieg,35,72.55011150156801,59.06316145895758
grieg,36,76.31288824335417,58.0556510731255
grieg,37,70.66637909394272,59.57606349740119
grieg,38,71.84075104141657,58.40804834174197
grieg,39,73.21387755605768,62.0025300062505
grieg,40,75.5027480130137,60.871867770859524
grieg,41,76.07202748688971,60.26433825865223
grieg,42,75.18975943850387,58.61619685931747
grieg,43,75.61715664452919,54.94343811786578
grieg,44,73.71479368266505,55.906581983631284
grieg,45,73.48304589585878,61.64931820907646
grieg,46,77.23026573998251,59.30686688278154
grieg,47,78.08259607009198,60.67559855456081
grieg,48,74.15174305552028,56.91600428589311
grieg,49,75.92267861394357,58.97285408261265
grieg,50,76.43062451928614,57.671720153828566
grieg,51,72.63586784901004,59.83250899938667
grieg,52,76.51408610399464,59.244256035775
grieg,53,74.72330944870421,60.70422444189313
grieg,54,73.27311236283819,56.76395633000809
grieg,55,76.76592808724467,58.68576904620749
grieg,56,75.9792123463185,64.02380568504299
grieg,57,75.47026590625035,62.12175008311662
grieg,58,71.81181048661362,58.00076049265526
grieg,59,72.61693784156694,62.2250227721455
grieg,60,72.57011100386875,55.3481678527222
grieg,61,74.66645503353475,58.3049397978357
grieg,62,79.09990383984564,56.7647438866816
grieg,63,75.43660856214917,63.34434713175017
grieg,64,75.66423701105943,60.97028297420424
grieg,65,71.29939805141076,59.082008081476936
grieg,66,74.04309640455784,61.80789440802833
grieg,67,77.34173761160217,59.789682138635946
grieg,68,73.22139757207869,58.71761889478675
grieg,69,73.28165815749571,63.24516805116836
grieg,70,75.29374685856168,59.04558994820388
grieg,71,75.33475893006248,61.38681057495046
grieg,72,72.56024505295574,62.9393557695407
grieg,73,77.61790748501029,60.6386368996636
grieg,74,76.48183672419022,57.66350503584159
grieg,75,78.96836979953436,55.428230490722044
grieg,76,76.96523974645375,50.39179450825496
grieg,77,74.73221927755496,60.69319059033194
grieg,78,75.55160049747414,57.75298048759313
grieg,79,72.17978069773986,59.61144259612663
grieg,80,73.20474759466603,62.95055284682755
grieg,81,72.69286520670394,63.86894662496873
grieg,82,76.77847229580557,55.865626985314435
grieg,83,73.807042450098,59.08527620152819
grieg,84,72.84010466710556,61.012086447205974
grieg,85,74.50826144729498,63.40760680975086
grieg,86,73.15645098769669,62.85999253940441
grieg,87,73.49154546755547,61.278317979734595
grieg,88,75.31281233706662,59.61158180749323
grieg,89,74.74721168363968,61.25138103015303
grieg,90,73.45760008422472,54.86780338031062
grieg,91,76.09093701850055,63.846821885581306
grieg,92,76.2065071231435,61.86474232503267
grieg,93,75.75838456104323,58.36528783407145
grieg,94,73.60399638296992,59.144483403979585
grieg,95,78.08781769996773,63.150591418877134
grieg,96,77.49349994623933,60.13525061042058
grieg,97,78.77587923906059,59.84537792431954
grieg,98,78.16769636687677,60.842150830719376
debussy_clair,0,67.47527033822293,79.81895718283063
debussy_clair,1,63.668506109966806,79.58245796227686
debussy_clair,2,62.18328208500563,79.48167264344195
debussy_clair,3,71.81884511555096,76.73582528521435
debussy_clair,4,62.005105074177166,78.88681047720384
debussy_clair,5,65.1858639577855,80.96985583798524
debussy_clair,6,60.47677076689138,77.38025773626681
debussy_clair,7,67.18001836732867,78.49352459996449
debussy_clair,8,66.46893863637514,79.00889050157099
debussy_clair,9,69.38371907093592,78.73782130986555
debussy_clair,10,72.23823107979295,77.85350338319735
debussy_clair,11,71.39292531463539,78.32364167828473
debussy_clair,12,62.56336549957543,79.3973103058859
debussy_clair,13,67.49920653847978,79.99764660028464
debussy_clair,14,68.6126115929117,78.66906874172017
debussy_clair,15,75.77885166937665,75.8599455494316
debussy_clair,16,65.68665890212426,78.10383304376415
debussy_clair,17,71.46827975166329,79.02900191306831
debussy_clair,18,65.67983461380835,80.23488616614772
debussy_clair,19,65.56296665098415,75.43774137321009
debussy_clair,20,66.9543803089228,81.05037604417917
debussy_clair,21,65.44960729540536,78.25080371829752
debussy_clair,22,67.20416121265418,80.38009566696287
debussy_clair,23,71.0585422880163,78.40963273950325
debussy_clair,24,68.3498421314727,80.52566306651487
debussy_clair,25,64.23416990393169,79.70757702202455
debussy_clair,26,65.96691083815823,79.21237886453709
debussy_clair,27,69.8541350158275,76.84746324971812
debussy_clair,28,70.07124631884558,77.34691581085943
debussy_clair,29,72.91892178095105,76.63526527192484
debussy_clair,30,68.73971622002435,77.5062473197407
debussy_clair,31,70.40529755475649,79.69709457092391
debussy_clair,32,69.20313521840336,73.03519680367523
debussy_clair,33,66.06647579208669,74.74471298661093
debussy_clair,34,71.42956405399381,83.31843412449162
debussy_clair,35,62.60876766742762,77.74848585710474
debussy_clair,36,71.2146051500214,79.9472618866359
debussy_clair,37,69.85776692618215,81.34492740140996
debussy_clair,38,75.4735316986977,79.36659367709427
debussy_clair,39,67.17646547692256,77.0937976508967
debussy_clair,40,68.59590994435749,79.03027822181838
debussy_clair,41,65.57669333676807,74.23396943808498
debussy_clair,42,70.27495858123983,77.98212890503284
debussy_clair,43,70.71217867315518,78.1874224256216
debussy_clair,44,65.44844551222985,76.34393755355934
debussy_clair,45,62.653869026885744,75.76809013987136
debussy_clair,46,62.07007420328636,79.34533169533128
debussy_clair,47,66.37023776243606,80.25089389113535
debussy_clair,48,67.02189327672009,80.56600560022498
debussy_clair,49,67.03721572127267,79.68662046121233
debussy_clair,50,69.53707076186858,75.67155521269274
debussy_clair,51,68.09433713829526,77.64378486343017
debussy_clair,52,61.83721659511484,77.77530195314878
debussy_clair,53,65.1002646641221,79.37999732330101
debussy_clair,54,66.754877236941,77.3097782468814
debussy_clair,55,70.57400108113093,75.88534862646088
debussy_clair,56,67.65121252495747,77.28943491863134
debussy_clair,57,68.72230979102333,78.17200732477501
debussy_clair,58,73.94784829975104,79.34552952799486
debussy_clair,59,73.16328158274001,77.86139295524485
debussy_clair,60,66.68134452974009,73.43800997735691
debussy_clair,61,62.882463229036766,80.08093433494606
debussy_clair,62,75.71267945636251,79.91782235762811
debussy_clair,63,72.24531333394945,79.0741628953038
debussy_clair,64,69.89436385668778,80.69658381561105
debussy_clair,65,64.25342222475416,83.03887921660362
debussy_clair,66,68.0531672803681,79.8612535973202
debussy_clair,67,71.44035572057928,79.1628462830588
debussy_clair,68,68.159981887289,77.7577082167941
debussy_clair,69,71.54295614735055,77.99322805396174
debussy_clair,70,69.5470259002775,79.89535060671116
debussy_clair,71,67.76834182508837,80.01341231672747
debussy_clair,72,68.13871291177993,76.61842785220027
debussy_clair,73,67.08896049828805,79.28688727738165
debussy_clair,74,63.57056326954055,79.52352926369001
debussy_clair,75,69.42960644120139,75.71219635273447
debussy_clair,76,64.61271059567576,78.77125598168158
debussy_clair,77,66.8373168917982,80.78088311288708
debussy_clair,78,68.47110350125702,80.5400367864891
debussy_clair,79,67.0680592706717,76.02652846508761
debussy_clair,80,70.3203733869748,78.3739164251457
debussy_clair,81,70.64101087721951,80.32148955785226
debussy_clair,82,67.49605225975498,77.97436248579479
debussy_clair,83,64.24224681034917,80.61012813911202
debussy_clair,84,65.59609171549252,80.11751299532463
debussy_clair,85,68.34139523693236,79.63832836240127
debussy_clair,86,73.51843490693305,77.6668584042166
debussy_clair,87,63.98313941831031,80.21697083909137
debussy_clair,88,68.79777225387359,79.00730957938052
debussy_clair,89,66.19871265115641,75.35790033562633
debussy_clair,90,60.470544874220124,77.32948571117694
debussy_clair,91,69.4745219954067,77.37691848838759
debussy_clair,92,71.86591565011732,80.51564849539155
debussy_clair,93,67.08230779267845,79.0488199069215
debussy_clair,94,66.76694772648662,80.8606202259387
debussy_clair,95,70.95839480081924,76.87057210729348
debussy_clair,96,76.61839465533637,77.05967455297464
debussy_clair,97,64.83766151433954,78.93389004801921
debussy_clair,98,68.4244751637717,76.90198451026932
debussy_arab,0,79.87035424257556,62.38642189924243
debussy_arab,1,80.52206785627358,59.18862289423199
debussy_arab,2,78.086444152952,58.835752125898665
debussy_arab,3,80.02815991241489,59.78948496743235
debussy_arab,4,77.32075712289873,61.43966414122901
debussy_arab,5,77.666619051334,57.60733441394199
debussy_arab,6,80.40072638290022,55.73291504422687
debussy_arab,7,79.33573186726971,61.78233288361463
debussy_arab,8,78.5917094971224,60.93261196714648
debussy_arab,9,81.55973808114719,58.658094648969914
debussy_arab,10,78.5438273147666,55.855909181543495
debussy_arab,11,77.35324625130815,58.42617597455136
debussy_arab,12,76.92552905288878,60.37126648950769
debussy_arab,13,77.46845123510944,59.23605025876546
debussy_arab,14,79.65276677984006,59.376230846784416
debussy_arab,15,76.86898982733778,57.43531775755295
debussy_arab,16,81.18480792288352,58.252287370245625
debussy_arab,17,77.4446239108994,59.69514371967344
debussy_arab,18,77.42980105638262,55.20264779532644
debussy_arab,19,80.39527530614146,62.03495855631404
debussy_arab,20,82.08373904446367,59.7057019796191
debussy_arab,21,77.5639788335543,60.048555518481585
debussy_arab,22,83.22020934844467,56.624533864607166
debussy_arab,23,78.0935665111396,59.422842309839275
debussy_arab,24,77.27949196945745,60.65799868039198
debussy_arab,25,78.86094711503792,60.92204062591809
debussy_arab,26,76.67114124989843,55.85966957284878
debussy_arab,27,74.95414842746017,60.214772111183365
debussy_arab,28,75.91165663968667,61.847900109742916
debussy_arab,29,81.3767859884571,59.058655594423314
debussy_arab,30,77.76370673540447,56.48957757789399
debussy_arab,31,77.0814474841471,59.66171145888756
debussy_arab,32,80.86149264456347,59.66627012238841
debussy_arab,33,80.21233921880862,59.114470263648144
debussy_arab,34,79.09063363395768,57.48346028295792
debussy_arab,35,80.1102739454948,59.848782312933544
debussy_arab,36,78.87405724703062,58.361769895159576
debussy_arab,37,75.58547406283871,60.412858923047295
debussy_arab,38,79.88135335241552,57.924875962679515
debussy_arab,39,76.69407619670065,57.12126349181944
debussy_arab,40,80.25245674629156,56.62129752218371
debussy_arab,41,81.79057076850168,57.80647367729917
debussy_arab,42,80.1977580222421,56.942657491388694
debussy_arab,43,79.72596161105756,58.50091951895643
debussy_arab,44,75.86024117494895,62.530509288957234
debussy_arab,45,76.47526471767667,56.72841924764372
debussy_arab,46,76.65404019120865,58.65189650244296
debussy_arab,47,78.63346894032802,59.61862386540721
debussy_arab,48,77.73076765314745,58.42526584244051
debussy_arab,49,78.72852566285236,57.878974446428174
debussy_arab,50,80.46701736874002,59.55320830416723
debussy_arab,51,78.3365942272528,62.21885218500154
debussy_arab,52,78.46622092133894,59.320003811254495
debussy_arab,53,81.37981460283554,62.68665977531393
debussy_arab,54,79.18775974938899,57.681514630276595
debussy_arab,55,82.32341826293754,61.423030359360574
debussy_arab,56,79.20541155388543,57.636278119267345
debussy_arab,57,81.45180283109694,59.94022572500752
debussy_arab,58,78.56538495289229,59.50072265708355
debussy_arab,59,80.64832676953002,57.5418023509441
debussy_arab,60,79.28373356566186,57.682444479005056
debussy_arab,61,78.12667538864318,59.215423370050345
debussy_arab,62,78.59173850619136,60.081316312842524
debussy_arab,63,79.0403567421846,56.919784581255925
debussy_arab,64,81.13513420371406,62.47472106439367
debussy_arab,65,79.11914899625275,61.662125658162005
debussy_arab,66,81.36913754107987,59.956841731385666
debussy_arab,67,80.04173174849346,60.2274536430351
debussy_arab,68,79.0561115218979,57.996807461545316
debussy_arab,69,79.8383199312411,59.59897985154568
debussy_arab,70,76.33001797682185,57.20601347262135
debussy_arab,71,79.46411214910412,53.17980999521681
debussy_arab,72,80.52084018739399,60.94057404893461
debussy_arab,73,75.26605332748144,60.00707310087914
debussy_arab,74,77.02774943779198,59.305951401088045
debussy_arab,75,81.29964660388345,60.5428507154801
debussy_arab,76,79.17132123620516,60.429333285196776
debussy_arab,77,79.27498968099046,65.17474323923443
debussy_arab,78,80.04892783941959,62.72454305892872
debussy_arab,79,78.16591809814707,59.58952085790712
debussy_arab,80,78.28639082633231,54.0369786637528
debussy_arab,81,80.09651078924679,58.11671163696776
debussy_arab,82,79.5232725828248,57.44095131972466
debussy_arab,83,78.99616779625246,57.52943401582174
debussy_arab,84,79.46292245968984,58.44689621210579
debussy_arab,85,78.34869003691801,57.53265108226756
debussy_arab,86,79.56935400944407,61.39006445982906
debussy_arab,87,78.94871858115108,58.613537418992564
debussy_arab,88,77.96504534290604,59.10225962796343
debussy_arab,89,78.14709199269353,58.35946402492309
debussy_arab,90,81.76631309296467,56.06476172006635
debussy_arab,91,80.38846135356359,55.11207958026576
debussy_arab,92,76.28947279283686,58.94086965651915
debussy_arab,93,78.68800952829224,61.30741971092463
debussy_arab,94,79.71312765488719,56.771527821404476
debussy_arab,95,78.32843412270319,55.714218222910105
debussy_arab,96,78.78111821756161,57.88208529049395
debussy_arab,97,77.65954219803615,58.96115019806955
debussy_arab,98,78.5063770162691,61.135022281474306
satie_gym,0,73.6073459275024,61.114275266972975
satie_gym,1,75.68122582064568,55.908442403482525
satie_gym,2,71.44397109466667,56.84935902233652
satie_gym,3,75.20815668803175,57.60833633911251
satie_gym,4,69.6350295592643,61.39852052773232
satie_gym,5,67.44072816652064,49.11672541289896
satie_gym,6,65.0423097127171,54.359089548028685
satie_gym,7,74.75068288119807,53.50266032492026
satie_gym,8,70.82344859974818,65.39139354635594
satie_gym,9,69.21622365085364,55.043651641416794
satie_gym,10,76.85888470627854,67.59742788739487
satie_gym,11,71.67455553098064,47.099780103544546
satie_gym,12,66.4945830187471,54.81316189079437
satie_gym,13,73.71361966296213,59.735906546572636
satie_gym,14,79.94067644138003,54.38127556315925
satie_gym,15,71.37886611605964,62.59516000302864
satie_gym,16,77.26628701551533,58.796736058832224
satie_gym,17,73.04295088581235,56.683202420203095
satie_gym,18,77.21114970639856,52.13189596274505
satie_gym,19,81.61263915587827,51.77813953896232
satie_gym,20,75.89235156668711,53.674115219880846
satie_gym,21,65.16579440681467,57.45829733386743
satie_gym,22,77.28081994757298,61.76292561830107
satie_gym,23,73.6463359999886,50.30258703562909
satie_gym,24,77.69996975163377,54.67920839468484
satie_gym,25,80.6956562042349,59.403311564845986
satie_gym,26,74.67370989064761,55.645750823120984
satie_gym,27,65.0259448822286,61.05383800428159
satie_gym,28,72.41917098280891,58.59773370064845
satie_gym,29,73.14204458898662,58.0549773729226
satie_gym,30,74.03796863246241,53.266523441584454
satie_gym,31,80.90931797560422,56.13983643955059
satie_gym,32,76.46346993155278,58.33418716414892
satie_gym,33,76.67997471909618,62.16498321777294
satie_gym,34,69.05351379504019,63.348822822328856
satie_gym,35,80.87533280367535,55.12989140777251
satie_gym,36,80.39669394271529,53.53693088384473
satie_gym,37,66.580145818376,53.57458445867089
satie_gym,38,68.91772679073898,52.72650903541035
satie_gym,39,84.6208157399571,56.36124977414643
satie_gym,40,66.18661335825351,52.53379367228591
satie_gym,41,68.02518101102578,58.88592740026169
satie_gym,42,75.80630532446943,57.04548604987328
satie_gym,43,84.85227245821446,55.395956097544385
satie_gym,44,74.53326757163434,55.168001702713056
satie_gym,45,80.37875880755246,67.84848278195454
satie_gym,46,74.35090117529374,54.193652060372735
satie_gym,47,81.46096621063641,62.987928060026796
satie_gym,48,73.6727725522949,55.7612725231398
satie_gym,49,71.12920786962033,53.938427380918895
satie_gym,50,83.27083332353938,53.647062353066325
satie_gym,51,68.73760533232014,56.624611068600515
satie_gym,52,71.0444287970043,53.42147981677902
satie_gym,53,72.44818670907435,54.17165887402301
satie_gym,54,63.247123930168314,56.93212055275163
satie_gym,55,75.58272767763101,55.629510469495905
satie_gym,56,67.89312334385626,55.51349353677735
satie_gym,57,68.70296731173435,54.02399951356789
satie_gym,58,77.53244604853907,62.996978338329725
satie_gym,59,73.33788874271451,64.7689631641592
satie_gym,60,68.9304497238037,59.78985215150933
satie_gym,61,70.80822137108336,57.7208465375283
satie_gym,62,76.84367977812877,59.339556188368604
satie_gym,63,67.8784006451763,54.32709201472369
satie_gym,64,80.49965885622325,51.60368476169847
satie_gym,65,69.86530266119138,51.35995749423016
satie_gym,66,76.44932758234162,54.20449535375764
satie_gym,67,65.81078294888476,59.92005566348111
satie_gym,68,78.53995864843894,53.487817667353625
satie_gym,69,61.12147271173557,52.5613011944892
satie_gym,70,75.51195129698014,55.30734658092319
satie_gym,71,75.07118051708512,57.13029035783577
satie_gym,72,72.85953580463318,57.09208710917248
satie_gym,73,69.32973357422676,55.779860039629106
satie_gym,74,67.74500110127768,62.021286477909484
satie_gym,75,77.84666417902179,59.5202105309277
satie_gym,76,74.78943843952159,54.25662364193579
satie_gym,77,78.8157344054528,56.57957095499739
satie_gym,78,71.81924127150145,58.03232205784554
satie_gym,79,74.86718521237673,59.627207669243674
satie_gym,80,78.44901633817317,57.56484043897976
satie_gym,81,71.2768593735847,66.96503721638123
satie_gym,82,79.24522424063419,57.20742748186848
satie_gym,83,77.30536997683912,59.35705397183182
satie_gym,84,74.12197442708536,57.741654725810655
satie_gym,85,68.72352026907342,58.30686078994014
satie_gym,86,75.15262999494536,52.57779086847758
satie_gym,87,76.1828396671615,51.3880728639998
satie_gym,88,78.18212755874079,51.770200262251564
satie_gym,89,85.98498546990885,55.74038908031116
satie_gym,90,70.40374149290592,61.56644300717783
satie_gym,91,71.11797320069897,58.22522215662866
satie_gym,92,74.48241057879163,50.97691729668611
satie_gym,93,78.47071352860688,59.63596240956892
satie_gym,94,79.00263842994745,57.269984903376645
satie_gym,95,65.2708803203959,57.11838705230215
satie_gym,96,77.1994636856037,54.79971883756903
satie_gym,97,75.46726248598159,53.539356034322985
satie_gym,98,74.32454959825266,59.33703975798205
bartok,0,63.12500742927105,53.83219778984506
bartok,1,64.16702988928017,54.30589540185854
bartok,2,61.242277617447485,53.07458119210809
bartok,3,66.32127736410905,40.85378028074781
bartok,4,58.362249129288145,44.11260617456676
bartok,5,66.97554680657808,44.89067847204243
bartok,6,64.83005300812731,42.661143382817116
bartok,7,65.6096006326234,45.44916836069902
bartok,8,59.941124677437095,38.724570284070005
bartok,9,59.666514107103,42.463025830817855
bartok,10,57.013123931635455,40.121946588169685
bartok,11,64.28209823703757,43.97350659723874
bartok,12,61.21565709550561,46.10331974956453
bartok,13,64.99592162038952,60.757460160428565
bartok,14,68.15051259925092,39.62350535916787
bartok,15,65.02522730394182,47.22114040134146
bartok,16,66.3370717963224,46.91799573569281
bartok,17,61.95398258357538,57.01653087901594
bartok,18,57.35561430219131,45.61875622935433
bartok,19,69.46515954239136,45.03166960385276
bartok,20,60.07065176690911,52.65757376539245
bartok,21,66.02548121156264,55.64694330274765
bartok,22,62.144987042478014,49.132649133821474
bartok,23,63.352985668984616,48.05657747170696
bartok,24,57.5598930232632,54.37060996583535
bartok,25,62.88218642365591,48.881891119760105
bartok,26,58.249679870467034,60.753174776534394
bartok,27,57.40313848935836,43.44532070787581
bartok,28,61.21980923707564,49.93279222131158
bartok,29,70.06025632940084,49.033883092881126
bartok,30,67.02299608630629,43.30763420393577
bartok,31,64.43428873061471,45.152244143408815
bartok,32,61.24589092220616,45.52520214277179
bartok,33,56.929980244518255,49.968507091990546
bartok,34,68.14580860647129,51.28376589944108
bartok,35,60.01762400898977,46.51075505602289
bartok,36,64.52003197189678,47.155314298314124
bartok,37,59.430770137958625,53.169615407507834
bartok,38,63.971565949904495,45.026292919477584
bartok,39,62.126566837821365,51.596943038314826
bartok,40,65.28649051060455,46.49661202884143
bartok,41,63.70419265914492,43.67103313373801
bartok,42,66.68404973055063,42.15635917703958
bartok,43,65.86957325287712,47.481793208038184
bartok,44,64.08732801227333,52.678883166324255
bartok,45,60.90295570451107,49.5321714954231
bartok,46,58.516987396321554,51.392403893315986
bartok,47,56.139528884127735,48.17875989953307
bartok,48,61.13990471968146,51.23231010954032
bartok,49,62.67000430523297,47.90737483389022
bartok,50,59.229956666259085,47.877088903583385
bartok,51,54.23986844350378,48.29981148497651
bartok,52,64.11691884127349,44.41862769244756
bartok,53,58.22129060083814,44.383363653141444
bartok,54,51.40537325387743,42.69936363072325
bartok,55,68.61472354462578,38.10073011939341
bartok,56,59.654791536373,55.6791154570193
bartok,57,62.502845106781315,49.346721757954995
bartok,58,70.17318800312675,50.43373132818777
bartok,59,59.86550035093147,48.50529373858799
bartok,60,58.460219087224765,49.13572323877339
bartok,61,67.88960157908622,46.9446045964511
bartok,62,58.75518002228268,45.6040281504626
bartok,63,62.03669988229381,49.54556252409191
bartok,64,71.00974933442278,44.25373944086154
bartok,65,62.06931564127497,41.197361323006916
bartok,66,65.29740201335288,48.79448085846928
bartok,67,66.52249105007735,50.300761749988695
bartok,68,57.29303103359804,54.15254420309422
bartok,69,63.546389269605974,43.640506886471115
bartok,70,66.0826945338672,48.64562664614314
bartok,71,59.362465183226476,48.50404373363533
bartok,72,64.25310266365562,44.50043104789181
bartok,73,56.34068971349612,52.77060614928174
bartok,74,57.920848959973135,51.43634138021908
bartok,75,62.62283759062337,49.15219033964127
bartok,76,63.75590508298132,41.1348526486005
bartok,77,58.143101878709736,44.08031756271404
bartok,78,60.471388096971864,53.053632576034296
bartok,79,63.5692466449942,41.6529568109584
bartok,80,60.928516382541744,46.33774386342316
bartok,81,58.839486317096245,47.461307060187316
bartok,82,55.26455206279195,53.23460349637592
bartok,83,64.12873746156058,55.12289899420876
bartok,84,65.33393762073776,46.65122669791945
bartok,85,67.54383813780535,39.45488548007697
bartok,86,61.053804296393544,45.95689353293393
bartok,87,64.28857997227661,48.67776383406917
bartok,88,61.21822495525726,42.44024190472605
bartok,89,60.95649817924773,46.25641144946068
bartok,90,61.49532948870262,45.11351003399828
bartok,91,63.55177160070441,51.41076092477
bartok,92,63.624741494273685,44.02692199769851
bartok,93,62.91973608199385,49.21553962816688
bartok,94,58.314362400310216,47.46978145974137
bartok,95,61.15830244740231,37.80687456394971
bartok,96,61.0847842419864,44.04271208096191
bartok,97,61.43550310511511,48.75172836911965
bartok,98,64.43935317564441,50.98373473159039
ravel_jeux,0,42.51653824399612,67.85215688426078
ravel_jeux,1,43.14194737949813,62.2579663860425
ravel_jeux,2,44.04157887784851,64.22166120036445
ravel_jeux,3,43.252628437584754,64.24729756925251
ravel_jeux,4,41.23741433986966,66.19181416671434
ravel_jeux,5,39.20033411620823,66.62379939207436
ravel_jeux,6,42.6185256175277,62.69453142568781
ravel_jeux,7,41.76903794277191,65.72470469036223
ravel_jeux,8,41.970432489469786,67.19000348120768
ravel_jeux,9,40.890832047926935,64.5391384381982
ravel_jeux,10,42.37824517556553,66.71251686744021
ravel_jeux,11,43.506707211292266,60.87516577672528
ravel_jeux,12,39.88232106312325,64.24657988934214
ravel_jeux,13,41.583238957999356,66.33562684799146
ravel_jeux,14,44.01481552253526,64.6857372211541
ravel_jeux,15,42.47084523365758,64.96564703125036
ravel_jeux,16,46.12847693325028,65.39297016628333
ravel_jeux,17,42.491670708158125,62.22223451188614
ravel_jeux,18,39.680774553475764,65.95657580382027
ravel_jeux,19,40.14521840208699,66.84198816447487
ravel_jeux,20,45.19330446710313,65.30790305415233
ravel_jeux,21,42.68628774433403,62.85065256685414
ravel_jeux,22,42.660404442586334,67.2215642378728
ravel_jeux,23,39.817823875973026,68.95219901910411
ravel_jeux,24,42.791476102569106,66.24207073885773
ravel_jeux,25,43.50892929734675,64.69674388027484
ravel_jeux,26,44.63415101216268,66.27357219606482
ravel_jeux,27,44.21837306215106,67.32682795158792
ravel_jeux,28,44.404744368701486,63.301222371195486
ravel_jeux,29,40.67477868642801,66.89642749919298
ravel_jeux,30,42.941681051027075,66.64517559567369
ravel_jeux,31,43.29846942207095,65.5211670076143
ravel_jeux,32,41.794689752284036,64.6535583966462
ravel_jeux,33,45.22673152744502,65.89148205343194
ravel_jeux,34,46.09360272906694,64.44328688445094
ravel_jeux,35,43.551343299481324,66.4571757631805
ravel_jeux,36,41.18251681049318,66.75863915145845
ravel_jeux,37,43.41325101257152,65.3118373592256
ravel_jeux,38,42.8951557000498,64.04240527568071
ravel_jeux,39,39.86481467079578,62.682821497859834
ravel_jeux,40,42.05536212290787,68.36960843143581
ravel_jeux,41,43.849013772686675,65.74097295901252
ravel_jeux,42,41.4451572561862,66.39535333928622
ravel_jeux,43,46.03280034626544,64.12374319292505
ravel_jeux,44,39.953833314320356,63.726203067753026
ravel_jeux,45,43.49350243834723,65.86603444650035
ravel_jeux,46,44.69861520454261,68.59360707445386
ravel_jeux,47,43.39222321795277,64.68648346914388
ravel_jeux,48,43.18946965798885,67.93209325879225
ravel_jeux,49,42.65248033515212,66.0602074799017
ravel_jeux,50,42.80541621137799,66.16442665677765
ravel_jeux,51,39.27403803275779,61.657179275108916
ravel_jeux,52,45.26174951365661,66.32169370131997
ravel_jeux,53,42.37369826953747,66.26741299983081
ravel_jeux,54,42.763129846640105,67.68698793073264
ravel_jeux,55,44.92281755296608,64.76862440172457
ravel_jeux,56,42.43172935166015,64.62727156134272
ravel_jeux,57,41.27544311133068,67.68917011324095
ravel_jeux,58,41.13827879376538,67.16216838531257
ravel_jeux,59,43.76060101530342,69.480310407716
ravel_jeux,60,41.480010902095536,64.17950821478314
ravel_jeux,61,43.54078317763277,68.90392756727096
ravel_jeux,62,47.67285060759472,67.98497368899027
ravel_jeux,63,43.3500684825184,67.60399046585208
ravel_jeux,64,41.833745053439756,68.1866640837239
ravel_jeux,65,40.964538331126946,64.76843102883879
ravel_jeux,66,43.55135693258811,62.99472388824612
ravel_jeux,67,40.510737561036926,67.47947127757232
ravel_jeux,68,42.25564901145983,65.28018134279084
ravel_jeux,69,43.221615152759014,64.93805721249906
ravel_jeux,70,41.857566615528825,64.00729624757777
ravel_jeux,71,41.006285931835535,63.80243989660038
ravel_jeux,72,41.0318679932708,68.40811660815763
ravel_jeux,73,45.874796586501546,65.26038310180414
ravel_jeux,74,41.120070598752825,65.7539490199556
ravel_jeux,75,43.097569507246995,66.8213252281043
ravel_jeux,76,44.32185947924789,65.16783169837278
ravel_jeux,77,43.38839978027064,63.63979511718977
ravel_jeux,78,46.607334418893224,63.61772087667782
ravel_jeux,79,44.90150502521038,65.76061095005643
ravel_jeux,80,43.112531568240534,61.09735278220222
ravel_jeux,81,43.788782980542535,64.60928637627302
ravel_jeux,82,42.678248193062295,65.92751430635097
ravel_jeux,83,44.05719874979812,65.313327521133
ravel_jeux,84,45.43265678077612,65.53219602250368
ravel_jeux,85,45.759017272952555,65.43604754534186
ravel_jeux,86,41.643062151340956,65.71495725510287
ravel_jeux,87,41.13201799462459,61.19187237864971
ravel_jeux,88,44.17589397301531,67.28040530750053
ravel_jeux,89,44.6889573700329,66.6343009334611
ravel_jeux,90,41.26226319806068,66.8216676804537
ravel_jeux,91,43.48723640108501,66.97778397447327
ravel_jeux,92,43.434192975147454,64.81337920776708
ravel_jeux,93,43.99319828466408,66.78319504416883
ravel_jeux,94,42.79339000202616,68.75742983790124
ravel_jeux,95,42.04454749052825,67.28135860475359
ravel_jeux,96,43.90255623484221,66.50227135919063
ravel_jeux,97,42.45336744609146,66.43890816861796
ravel_jeux,98,42.32308806402016,65.03784277464857
schoenberg_19_6,0,44.88570685335064,68.07773907533658
schoenberg_19_6,1,42.16097858551064,67.26230020411138
schoenberg_19_6,2,51.84971156382234,61.140054458220504
schoenberg_19_6,3,43.07675311160789,59.44189817388258
schoenberg_19_6,4,50.88844513460701,60.351602277105556
schoenberg_19_6,5,45.66326686654475,64.72965222137628
schoenberg_19_6,6,46.27094111344034,69.33423697682392
schoenberg_19_6,7,41.82489442802308,66.60384873932273
schoenberg_19_6,8,44.64826118080676,63.73053819767621
schoenberg_19_6,9,49.29597426699024,62.54891173910955
schoenberg_19_6,10,50.04940708394089,59.82863422325697
schoenberg_19_6,11,45.638687736814894,65.57485767636594
schoenberg_19_6,12,48.222109061642286,65.41049174431505
schoenberg_19_6,13,41.63506210765151,61.89292942014307
schoenberg_19_6,14,41.41267391812322,65.87133169076736
schoenberg_19_6,15,48.0282408374009,63.461024756735526
schoenberg_19_6,16,39.50373924499359,65.82584430697906
schoenberg_19_6,17,52.22110259695915,69.69420035693578
schoenberg_19_6,18,45.07244214654415,70.65537514984597
schoenberg_19_6,19,50.89321830703335,62.5710062109476
schoenberg_19_6,20,43.29056561403243,63.51403535317063
schoenberg_19_6,21,51.48205524253397,69.21154440580106
schoenberg_19_6,22,46.82667664162883,61.242886560112
schoenberg_19_6,23,43.22040411482597,63.428502721739946
schoenberg_19_6,24,43.20067755940054,67.41973885528793
schoenberg_19_6,25,48.32716472038373,66.66690365876728
schoenberg_19_6,26,39.09146071136667,66.75600337947652
schoenberg_19_6,27,46.4404160171465,65.899147734438
schoenberg_19_6,28,40.122941014752826,64.47528999576315
schoenberg_19_6,29,45.677710209860926,65.01545248285154
schoenberg_19_6,30,47.98352957926974,68.53606550342128
schoenberg_19_6,31,43.358966904376004,70.71708584940991
schoenberg_19_6,32,43.752531007566986,64.12992875783917
schoenberg_19_6,33,49.34180514117422,64.6509389833051
schoenberg_19_6,34,50.136471509618275,65.57461724028042
schoenberg_19_6,35,44.85161756132591,58.76622030596245
schoenberg_19_6,36,44.64887473358111,71.12411421480364
schoenberg_19_6,37,43.0220062632493,64.1845694728842
schoenberg_19_6,38,44.24116401551453,73.01989990122885
schoenberg_19_6,39,47.322094609693444,64.07206228354654
schoenberg_19_6,40,53.7685082131125,64.13253889818937
schoenberg_19_6,41,44.049600531112404,66.83445150824986
schoenberg_19_6,42,47.28439890607508,62.4951099965929
schoenberg_19_6,43,43.869273319974496,65.69813163553421
schoenberg_19_6,44,53.290217112741054,63.70394304755153
schoenberg_19_6,45,50.37590396631481,70.88653049430317
schoenberg_19_6,46,40.43187811323379,64.88194429042785
schoenberg_19_6,47,44.86358874856785,69.67396022323202
schoenberg_19_6,48,50.99495881283068,68.69663646136212
schoenberg_19_6,49,50.317831106353964,64.21115611060183
schoenberg_19_6,50,41.762328935650864,65.73021238892271
schoenberg_19_6,51,48.478569105497535,67.54348823636127
schoenberg_19_6,52,44.8344791667082,63.02448408081823
schoenberg_19_6,53,47.891525070944304,66.8488742165242
schoenberg_19_6,54,45.659583611350286,65.95715743365305
schoenberg_19_6,55,39.12249387922123,67.89298790597901
schoenberg_19_6,56,44.890461999503046,61.10501815013652
schoenberg_19_6,57,40.70444211687484,63.3909293445345
schoenberg_19_6,58,50.30831448060196,64.71204324686425
schoenberg_19_6,59,43.90517534078735,64.54109719781101
schoenberg_19_6,60,44.928844344903965,68.69478867162647
schoenberg_19_6,61,48.94734956227247,62.6833453266081
schoenberg_19_6,62,42.79294946034089,59.80314060119747
schoenberg_19_6,63,54.41926226638595,70.34371117027783
schoenberg_19_6,64,47.391978766242914,68.28827159238861
schoenberg_19_6,65,44.77609626541561,68.56038648035252
schoenberg_19_6,66,46.660609293336,62.23448920137186
schoenberg_19_6,67,40.082414331064136,65.51985917712027
schoenberg_19_6,68,44.60921566122592,67.85634950192198
schoenberg_19_6,69,46.12497853923925,64.26769472876015
schoenberg_19_6,70,48.5919601180791,67.97778242985433
schoenberg_19_6,71,44.25344501376551,68.96208820338221
schoenberg_19_6,72,46.00754174565574,62.26416769353171
schoenberg_19_6,73,44.97454032460587,62.33239181902781
schoenberg_19_6,74,49.79170889016547,66.62854275159893
schoenberg_19_6,75,44.30190372412449,68.51895117145577
schoenberg_19_6,76,45.88932805091697,64.89664208460353
schoenberg_19_6,77,45.49570392546576,67.07101451540154
schoenberg_19_6,78,43.94348525488867,64.3967632561946
schoenberg_19_6,79,45.859497971235,61.64857598193295
schoenberg_19_6,80,42.14926319953625,61.5405027587063
schoenberg_19_6,81,49.19854348797287,60.304150529155876
schoenberg_19_6,82,47.91461631505999,65.12205055600619
schoenberg_19_6,83,47.97792964080144,57.101807660933716
schoenberg_19_6,84,48.485178505046235,63.29002754875409
schoenberg_19_6,85,47.47925922105959,62.07461104696252
schoenberg_19_6,86,55.48910423631547,64.8882901724817
schoenberg_19_6,87,47.05487775137435,64.68068081548687
schoenberg_19_6,88,44.99554033463626,66.8072068825677
schoenberg_19_6,89,49.1145044564563,65.39691768241966
schoenberg_19_6,90,40.466099097772506,66.93615477225144
schoenberg_19_6,91,45.70904741690286,65.22039202746615
schoenberg_19_6,92,48.312468580991535,57.037017811379265
schoenberg_19_6,93,44.04933404859154,65.72177918665368
schoenberg_19_6,94,50.887178874423164,65.73253303243104
schoenberg_19_6,95,47.50217485537088,71.1946913352975
schoenberg_19_6,96,43.87205619464888,59.36460444713047
schoenberg_19_6,97,42.48960913072725,66.15253458702142
schoenberg_19_6,98,52.833398277241415,72.67079552429954
scriabin_59_2,0,53.68579890843549,47.82600311395857
scriabin_59_2,1,50.57821722368525,47.435867866409076
scriabin_59_2,2,51.95306144660393,52.37802468598193
scriabin_59_2,3,49.20819781971261,50.53853596285977
scriabin_59_2,4,50.407184821886396,46.194789223428
scriabin_59_2,5,47.718900073521766,47.14299852373733
scriabin_59_2,6,51.485398934039395,46.02216221270739
scriabin_59_2,7,51.91337662645245,47.66924849994762
scriabin_59_2,8,53.75337077091018,47.54204767495281
scriabin_59_2,9,51.214869668094856,50.34751829030068
scriabin_59_2,10,48.300668285107044,49.09404804015602
scriabin_59_2,11,48.43022395161828,50.522566160673755
scriabin_59_2,12,52.07679882349719,49.72434457687123
scriabin_59_2,13,47.73308561146891,50.911921294946936
scriabin_59_2,14,50.05366716568875,55.20276626952331
scriabin_59_2,15,53.28997150296908,47.539372272205036
scriabin_59_2,16,49.663833676089695,51.70350465483865
scriabin_59_2,17,48.66660655873433,49.52140813115442
scriabin_59_2,18,48.88278673222103,48.42820303901508
scriabin_59_2,19,52.93468067816421,46.395719332603434
scriabin_59_2,20,51.66507008905581,50.02003750096687
scriabin_59_2,21,50.00495433918181,52.75680392833242
scriabin_59_2,22,57.057362757460965,45.535533693351844
scriabin_59_2,23,54.24472116260485,49.89726319464315
scriabin_59_2,24,51.30698321630951,43.54707386788603
scriabin_59_2,25,51.57564733809495,49.78466732474223
scriabin_59_2,26,50.71216783285269,53.04725967740359
scriabin_59_2,27,51.76774043599228,48.78230045277384
scriabin_59_2,28,50.05378524823188,52.025482189409814
scriabin_59_2,29,51.074774619299056,50.65824752634334
scriabin_59_2,30,48.377296126280676,47.27734329804214
scriabin_59_2,31,48.12509730287657,50.36727180572296
scriabin_59_2,32,52.078757925885014,49.95040200859683
scriabin_59_2,33,49.09015333810804,48.758092862038026
scriabin_59_2,34,48.35041298425461,44.91176598581928
scriabin_59_2,35,46.804546455110376,46.83944879818319
scriabin_59_2,36,51.244331529560995,47.94702105400927
scriabin_59_2,37,46.58961772646151,47.478490049740515
scriabin_59_2,38,47.254968728095754,49.250944103562034
scriabin_59_2,39,50.387245740315244,47.771828711780735
scriabin_59_2,40,53.09868976757943,50.61471181843778
scriabin_59_2,41,49.94112366335409,53.187942833003945
scriabin_59_2,42,51.0447619871643,46.83124702411983
scriabin_59_2,43,50.160889947240165,49.5693768955548
scriabin_59_2,44,45.26721680199083,54.13762417968739
scriabin_59_2,45,55.75171955878714,48.475480715025284
scriabin_59_2,46,52.783493694027996,44.25209201665014
scriabin_59_2,47,50.890162680797005,53.54437300444563
scriabin_59_2,48,50.81587510866864,48.70097906663336
scriabin_59_2,49,47.82552271984263,43.40354475412429
scriabin_59_2,50,48.35485771982743,49.13421901886157
scriabin_59_2,51,52.59661722754308,52.26530643812596
scriabin_59_2,52,52.257915259249685,47.30075927356723
scriabin_59_2,53,48.317191128924726,49.024390425745246
scriabin_59_2,54,51.661216612454666,52.299398494036595
scriabin_59_2,55,47.91067174198497,51.18276171735232
scriabin_59_2,56,47.49142935834394,54.159208891160695
scriabin_59_2,57,49.39737827995463,49.8749735565849
scriabin_59_2,58,49.50719104042495,45.72249879322072
scriabin_59_2,59,53.56573952786581,48.94648192477297
scriabin_59_2,60,50.29066085204278,53.26016944003476
scriabin_59_2,61,53.78497473140954,50.74756939093822
scriabin_59_2,62,53.624730520672045,50.43967840142409
scriabin_59_2,63,48.69033497257672,54.80473039412034
scriabin_59_2,64,58.14223323496622,49.25084606865895
scriabin_59_2,65,51.57497296229132,44.04348739101109
scriabin_59_2,66,50.95667952128032,49.60433269738988
scriabin_59_2,67,49.986401376884984,48.72443717297237
scriabin_59_2,68,50.516645833375385,44.80466180559052
scriabin_59_2,69,48.807882713050645,50.84022968751152
scriabin_59_2,70,50.73651921252075,48.3960065969708
scriabin_59_2,71,51.24231908286442,48.00583996929972
scriabin_59_2,72,46.264677744804786,51.73839927805177
scriabin_59_2,73,49.62412815219271,47.58996001258033
scriabin_59_2,74,49.58160601219206,49.588142234168345
scriabin_59_2,75,52.148992646586144,49.809977816283165
scriabin_59_2,76,45.58768060984836,48.76973354246797
scriabin_59_2,77,51.48088749077952,47.11178290068067
scriabin_59_2,78,52.95583662526349,54.65475876669545
scriabin_59_2,79,46.39741043667113,44.20529671679109
scriabin_59_2,80,48.62956462855557,50.00612230186731
scriabin_59_2,81,50.045961115041315,49.40511678055944
scriabin_59_2,82,52.40169109152002,44.68628621407228
scriabin_59_2,83,52.50485057213017,47.999410617936775
scriabin_59_2,84,51.20751377244599,49.42652521282494
scriabin_59_2,85,46.415972184013086,46.118906096894094
scriabin_59_2,86,49.69046411177598,50.91919325636304
scriabin_59_2,87,54.71815707095915,50.081447299618056
scriabin_59_2,88,52.95660377218984,49.05224787791957
scriabin_59_2,89,52.258712289298636,44.01668710957908
scriabin_59_2,90,51.5101847910105,51.500099440661394
scriabin_59_2,91,47.14246916735425,47.03014241975758
scriabin_59_2,92,49.2959374982007,37.82709936578684
scriabin_59_2,93,51.310510003554214,52.3705716797513
scriabin_59_2,94,50.002135314227345,45.058740598934456
scriabin_59_2,95,49.2936210037874,46.53593196068695
scriabin_59_2,96,49.575240166234884,51.53245162192556
scriabin_59_2,97,52.68821048428697,48.56503959548099
scriabin_59_2,98,52.00343008661723,47.582862629806435
casella_31,0,44.283042295045306,62.8509323242088
casella_31,1,46.88489376848151,58.9816634328056
casella_31,2,45.52810848458611,58.27199483653363
casella_31,3,50.072001316781595,58.49361198722404
casella_31,4,43.903339648483325,58.050574456147785
casella_31,5,45.29320997582882,58.81752800234712
casella_31,6,47.83538105990685,59.81832599165042
casella_31,7,46.177355954273075,54.94636096956324
casella_31,8,46.83841001927787,60.40842699710244
casella_31,9,41.44843699970366,59.25764328525734
casella_31,10,46.68940409362902,50.57030477040861
casella_31,11,48.917078067946704,50.77187121616129
casella_31,12,45.3863531250117,58.42036182483655
casella_31,13,46.040778237482215,55.23532383282519
casella_31,14,48.260228855543396,53.11886006502682
casella_31,15,45.51577655521401,56.70116283620651
casella_31,16,46.32865023906746,56.657518469460896
casella_31,17,46.71857382392513,59.090449544967825
casella_31,18,51.047117511742385,59.50790105296309
casella_31,19,46.739055498613865,53.57680574657388
casella_31,20,44.088913112745374,62.37712306701183
casella_31,21,50.90445129476939,59.82575035938234
casella_31,22,46.10060414048746,53.28214880134776
casella_31,23,49.33101699567401,55.439856927208254
casella_31,24,44.33854889910583,58.00287947767764
casella_31,25,46.22401112422351,58.24412185985888
casella_31,26,50.493200715149825,57.30557356916224
casella_31,27,46.92862763959691,59.9737253519646
casella_31,28,44.765390001667484,58.85881495685954
casella_31,29,44.527867539875444,56.80198348599653
casella_31,30,50.90338306061916,57.44679106277472
casella_31,31,48.03748659626631,58.28285842056645
casella_31,32,46.40147277188245,53.63218807337094
casella_31,33,47.27866399481626,57.28836597989233
casella_31,34,48.05706683715333,58.72477153184776
casella_31,35,46.193012430596575,59.292523798353905
casella_31,36,42.05874627297496,59.37752089962863
casella_31,37,51.45648673554464,58.26779109620928
casella_31,38,50.86910122938428,55.73767944925723
casella_31,39,46.451095126029486,57.17037756443341
casella_31,40,49.52488459201948,51.45046737156906
casella_31,41,47.33157348720213,58.81530930444214
casella_31,42,47.00634986729468,55.009428441884296
casella_31,43,43.100090107178175,54.94275910283935
casella_31,44,47.75219951916607,59.816169407496176
casella_31,45,46.934302304520514,60.517448842796185
casella_31,46,46.88019876470504,52.431787763756546
casella_31,47,47.97114150317971,56.518264323435915
casella_31,48,46.90457920266373,60.3952449460305
casella_31,49,44.30402467378805,58.047914299167346
casella_31,50,44.77616898621739,59.298656033191705
casella_31,51,49.275814384948056,58.38074386354616
casella_31,52,48.14926169509083,59.206185576762294
casella_31,53,46.77167298472881,58.510857867518936
casella_31,54,43.341476042055284,60.79109694813813
casella_31,55,45.85789544641425,59.19387907642664
casella_31,56,43.93705638161137,57.71866810286229
casella_31,57,49.60232539144336,57.80784804182285
casella_31,58,45.56634904919713,53.80629818834949
casella_31,59,46.68531228889837,52.89731277341603
casella_31,60,48.61949308345093,55.51137121288996
casella_31,61,48.52725011488772,57.885683523554995
casella_31,62,50.75611316254458,52.4661936843391
casella_31,63,44.874617152967076,59.51096005570245
casella_31,64,43.30900706430251,54.99456131592667
casella_31,65,43.838053777708936,56.65148765980125
casella_31,66,47.57186775303259,60.242906616290085
casella_31,67,45.70479439669771,60.05194281177469
casella_31,68,44.31905575462565,60.788278339304604
casella_31,69,47.14449978068592,58.18387227731648
casella_31,70,48.38412924957879,56.5929523611064
casella_31,71,49.41528211864045,58.70173059244305
casella_31,72,48.791911981898835,56.51088141538272
casella_31,73,42.844276870555575,56.62094477993593
casella_31,74,49.62302123724127,55.88652546064584
casella_31,75,50.25416373859893,59.988739216616565
casella_31,76,45.44142531706529,60.55659200533434
casella_31,77,45.78835147732594,56.81712226548694
casella_31,78,47.182358059396726,57.04568372318848
casella_31,79,45.81552973634419,58.44791000520425
casella_31,80,46.8116050287247,59.06991785963115
casella_31,81,44.42295892291649,57.50038449790888
casella_31,82,47.351394924893384,62.14800330918489
casella_31,83,44.89326484829998,60.22578208789194
casella_31,84,49.3588757501227,56.33437328891213
casella_31,85,45.90871499625278,56.828088453869356
casella_31,86,49.61074302793104,59.056501023035395
casella_31,87,52.20618604221167,55.96666477149361
casella_31,88,46.70091560009709,59.736979900585325
casella_31,89,43.827032125530444,52.8320435822514
casella_31,90,45.650714325608575,55.44009191289133
casella_31,91,47.15197368802931,57.84197960637382
casella_31,92,45.15179970315991,58.54221419597067
casella_31,93,48.12656994815712,54.60827303346996
casella_31,94,44.573352780876604,54.84045502958793
casella_31,95,47.440320693113335,56.9729176642749
casella_31,96,46.621860561066214,60.1284495210991
casella_31,97,46.38275517080008,56.185889022879095
casella_31,98,47.64540773083674,61.108517617772804
szymanowski_1,0,58.22553698882848,62.58361467325253
szymanowski_1,1,57.899531653038785,63.05329258264135
szymanowski_1,2,57.21114044485754,60.89415005271567
szymanowski_1,3,58.58858602217629,62.013219031711365
szymanowski_1,4,55.233050202512146,62.93712887796951
szymanowski_1,5,56.42459876319452,62.96566132149459
szymanowski_1,6,57.08263019277155,63.189964656888215
szymanowski_1,7,56.33311756281891,62.14247407675288
szymanowski_1,8,58.279704284622625,61.76912167910929
szymanowski_1,9,56.10300409161713,62.345393485410746
szymanowski_1,10,56.50271262713871,61.6266313287114
szymanowski_1,11,57.30986760001888,61.27078504294478
szymanowski_1,12,56.293591317465854,61.54675049962365
szymanowski_1,13,56.27470419363295,61.18976592560916
szymanowski_1,14,58.10193725533419,61.85100992794207
szymanowski_1,15,56.174065364791055,61.4980624077491
szymanowski_1,16,57.128267668601794,61.600326460944
szymanowski_1,17,59.309153022711854,62.25734788439114
szymanowski_1,18,57.94957365719452,61.62102728634674
szymanowski_1,19,57.71181540200717,61.38239503385704
szymanowski_1,20,56.65192353996287,62.12650089577213
szymanowski_1,21,56.426509413810365,61.27292233004932
szymanowski_1,22,57.50298065086622,61.37042231980539
szymanowski_1,23,56.907541067209,61.56709426631768
szymanowski_1,24,56.44449202672402,61.28173903447891
szymanowski_1,25,58.027306637327456,61.26747512416073
szymanowski_1,26,57.7406240400397,62.8700611731624
szymanowski_1,27,59.32216969088405,62.22365585285171
szymanowski_1,28,57.017844381818186,61.89973423137893
szymanowski_1,29,58.683586644068846,62.204169381147295
szymanowski_1,30,56.18512465604869,62.5093082676152
szymanowski_1,31,57.18042144325145,61.13234674186732
szymanowski_1,32,58.19183526425018,62.949136349466094
szymanowski_1,33,56.29920867966848,62.43663834449421
szymanowski_1,34,58.478904914028035,63.33417461014668
szymanowski_1,35,57.81367812940885,61.867443666110454
szymanowski_1,36,57.57916484427748,61.65467692608482
szymanowski_1,37,57.843054341685715,62.92873552833823
szymanowski_1,38,55.87148795090419,61.44029027063405
szymanowski_1,39,56.62772562729711,61.9009204896474
szymanowski_1,40,57.93689309078525,62.6311494900877
szymanowski_1,41,56.935764030202826,60.24665623171034
szymanowski_1,42,56.30772841826555,60.9912514529975
szymanowski_1,43,56.089459043615534,62.202258225741176
szymanowski_1,44,57.419449923184146,61.585033343854626
szymanowski_1,45,55.44938994058225,62.86793011592322
szymanowski_1,46,57.97111663277412,64.3595872924966
szymanowski_1,47,57.62072609180518,61.29573757301265
szymanowski_1,48,56.372418593069284,61.5341960147646
szymanowski_1,49,57.756442140001305,61.67130838093434
szymanowski_1,50,57.93768463655627,61.70897720241084
szymanowski_1,51,56.79160873766943,61.54911550127352
szymanowski_1,52,56.36607062841651,62.37516049814557
szymanowski_1,53,56.74203232016759,62.34512315639394
szymanowski_1,54,58.05319348380564,60.014876717165635
szymanowski_1,55,58.57248425802126,62.63417937408456
szymanowski_1,56,57.604578341855245,62.56943976324591
szymanowski_1,57,57.201192740879804,62.43050234606143
szymanowski_1,58,57.90570278860926,61.272409814123826
szymanowski_1,59,57.06613807671326,62.878098493585995
szymanowski_1,60,57.37461351372955,62.55490469399537
szymanowski_1,61,57.665037763371146,62.100961037476246
szymanowski_1,62,57.64986245801245,62.97787094723203
szymanowski_1,63,58.414052707600035,61.77470571678701
szymanowski_1,64,55.81580516893137,62.08524018136657
szymanowski_1,65,56.18685506249339,62.00906312867913
szymanowski_1,66,57.90367453207519,63.69171818808823
szymanowski_1,67,57.13541765738037,62.15881459425287
szymanowski_1,68,57.42286022242585,60.96455027609155
szymanowski_1,69,57.20738922523161,62.66273829436204
szymanowski_1,70,57.100495522941095,62.8897819923462
szymanowski_1,71,56.64324272825055,61.577902646757565
szymanowski_1,72,55.8182986745273,61.431642746244705
szymanowski_1,73,56.46494936392522,62.10516323469604
szymanowski_1,74,58.04333840682321,60.8648622963621
szymanowski_1,75,58.155092567619505,61.92445776159665
szymanowski_1,76,55.888751030082474,61.29968767266908
szymanowski_1,77,57.936297188623094,62.64989394856449
szymanowski_1,78,58.96883924854011,62.26873136365657
szymanowski_1,79,57.948861005650464,61.143948838842235
szymanowski_1,80,58.20935515203488,63.892610127018884
szymanowski_1,81,57.55688906838267,62.631994354945476
szymanowski_1,82,57.32579938043918,62.64428102431381
szymanowski_1,83,56.86659975122928,61.028800534320645
szymanowski_1,84,56.89018702385598,61.95368810637753
szymanowski_1,85,56.90231572379945,61.39894691311895
szymanowski_1,86,57.52559583383331,63.205134636114536
szymanowski_1,87,57.85735322342872,61.639094401766364
szymanowski_1,88,56.856117469962754,62.3757003474211
szymanowski_1,89,57.09403684442715,62.201876506582295
szymanowski_1,90,56.7882601695986,62.26094500346206
szymanowski_1,91,57.540302409013606,61.94033993536297
szymanowski_1,92,56.679193595834,61.872927333211415
szymanowski_1,93,57.75436770732126,61.08407356065484
szymanowski_1,94,57.56275062226219,61.7093982781124
szymanowski_1,95,57.546956694212035,60.547599878716255
szymanowski_1,96,59.236767954383645,62.952604327307185
szymanowski_1,97,57.13047013703291,61.632739759733894
szymanowski_1,98,57.17845481366854,63.00463258462511
